repo_name,full_name,owner,stars,forks,watchers,open_issues,size,language,license,has_issues,has_projects,has_wiki,has_pages,archived,topics_count,description_length,created_at,updated_at,pushed_at,html_url,repo_age_days,days_since_update,stars_per_day,forks_to_stars_ratio
ML-For-Beginners,microsoft/ML-For-Beginners,microsoft,85813,20812,85813,7,2227898,Jupyter Notebook,MIT License,True,False,True,True,False,12,66,2021-03-03 01:34:05+00:00,2026-05-17 06:42:04+00:00,2026-05-08 23:43:14+00:00,https://github.com/microsoft/ML-For-Beginners,1901,0,45.11724500525762,0.2425245297970028
superset,apache/superset,apache,72867,17315,72867,1265,944954,TypeScript,Apache License 2.0,True,True,True,True,False,18,69,2015-07-21 18:55:34+00:00,2026-05-17 05:26:47+00:00,2026-05-16 07:05:35+00:00,https://github.com/apache/superset,3952,0,18.433341765747535,0.23762145248943295
scikit-learn,scikit-learn/scikit-learn,scikit-learn,66103,27026,66103,2022,182927,Python,"BSD 3-Clause ""New"" or ""Revised"" License",True,True,True,False,False,5,40,2010-08-17 09:43:38+00:00,2026-05-17 06:36:53+00:00,2026-05-16 15:53:37+00:00,https://github.com/scikit-learn/scikit-learn,5751,0,11.492176634214186,0.4088406147888176
keras,keras-team/keras,keras-team,64072,19775,64072,187,53032,Python,Apache License 2.0,True,True,True,False,False,8,24,2015-03-28 00:35:42+00:00,2026-05-17 04:07:00+00:00,2026-05-16 01:55:29+00:00,https://github.com/keras-team/keras,4068,0,15.74637503072008,0.30863234123577793
30-Days-Of-Python,Asabeneh/30-Days-Of-Python,Asabeneh,62659,11893,62659,123,30842,Python,,True,True,True,False,False,15,270,2019-11-19 17:24:16+00:00,2026-05-17 06:39:52+00:00,2026-04-04 17:59:06+00:00,https://github.com/Asabeneh/30-Days-Of-Python,2370,0,26.42724588781105,0.18980210660708585
pandas,pandas-dev/pandas,pandas-dev,48777,19958,48777,3265,393801,Python,"BSD 3-Clause ""New"" or ""Revised"" License",True,True,False,False,False,6,174,2010-08-24 01:37:33+00:00,2026-05-17 05:06:37+00:00,2026-05-17 05:31:41+00:00,https://github.com/pandas-dev/pandas,5745,0,8.488861816916115,0.40915986715322483
PythonDataScienceHandbook,jakevdp/PythonDataScienceHandbook,jakevdp,48106,18943,48106,231,43642,Jupyter Notebook,MIT License,True,True,True,True,False,6,60,2016-08-10 14:24:36+00:00,2026-05-17 03:47:08+00:00,2024-06-26 19:17:33+00:00,https://github.com/jakevdp/PythonDataScienceHandbook,3566,0,13.486403139893469,0.3937680587024757
Made-With-ML,GokuMohandas/Made-With-ML,GokuMohandas,47670,7524,47670,25,3447,Jupyter Notebook,MIT License,True,True,True,False,False,13,77,2018-11-05 03:44:27+00:00,2026-05-17 04:58:16+00:00,2026-03-04 23:44:21+00:00,https://github.com/GokuMohandas/Made-With-ML,2750,0,17.328244274809162,0.1578318055001993
airflow,apache/airflow,apache,45441,17066,45441,1744,599454,Python,Apache License 2.0,True,True,False,False,False,20,87,2015-04-13 18:04:58+00:00,2026-05-17 04:06:04+00:00,2026-05-16 21:16:35+00:00,https://github.com/apache/airflow,4051,0,11.214461994076999,0.3755556533603274
streamlit,streamlit/streamlit,streamlit,44610,4262,44610,1304,986834,Python,Apache License 2.0,True,False,False,False,False,8,54,2019-08-24 00:14:52+00:00,2026-05-17 06:15:47+00:00,2026-05-17 05:46:52+00:00,https://github.com/streamlit/streamlit,2458,0,18.141520943472955,0.09553697518549237
gradio,gradio-app/gradio,gradio-app,42610,3470,42610,469,352908,Python,Apache License 2.0,True,True,True,False,False,14,92,2018-12-19 08:24:04+00:00,2026-05-17 05:26:09+00:00,2026-05-15 16:08:38+00:00,https://github.com/gradio-app/gradio,2705,0,15.746489283074649,0.08143437140644434
ray,ray-project/ray,ray-project,42558,7578,42558,3517,735275,Python,Apache License 2.0,True,True,False,False,False,20,128,2016-10-25 19:38:30+00:00,2026-05-17 04:07:21+00:00,2026-05-17 01:11:41+00:00,https://github.com/ray-project/ray,3490,0,12.19077628186766,0.17805869498813412
Data-Science-For-Beginners,microsoft/Data-Science-For-Beginners,microsoft,35347,7197,35347,4,1873855,Jupyter Notebook,MIT License,True,False,False,True,False,6,43,2021-03-03 16:30:15+00:00,2026-05-17 06:05:03+00:00,2026-05-09 08:24:57+00:00,https://github.com/microsoft/Data-Science-For-Beginners,1900,0,18.593897948448184,0.20360416430915468
500-AI-Machine-learning-Deep-learning-Computer-vision-NLP-Projects-with-code,ashishpatel26/500-AI-Machine-learning-Deep-learning-Computer-vision-NLP-Projects-with-code,ashishpatel26,33640,7139,33640,64,879,,,True,True,True,True,False,13,76,2021-01-02 12:08:37+00:00,2026-05-17 05:38:20+00:00,2025-08-01 11:54:09+00:00,https://github.com/ashishpatel26/500-AI-Machine-learning-Deep-learning-Computer-vision-NLP-Projects-with-code,1960,0,17.15451300356961,0.21221128979519038
spaCy,explosion/spaCy,explosion,33579,4682,33579,204,203709,Python,MIT License,True,False,False,False,False,17,65,2014-07-03 15:15:40+00:00,2026-05-17 04:07:33+00:00,2026-03-28 20:59:29+00:00,https://github.com/explosion/spaCy,4335,0,7.744234317343174,0.1394282310899345
ML-From-Scratch,eriklindernoren/ML-From-Scratch,eriklindernoren,31467,5270,31467,73,553,Python,MIT License,True,True,True,False,False,7,202,2017-02-05 12:11:23+00:00,2026-05-17 04:07:36+00:00,2023-10-15 06:05:06+00:00,https://github.com/eriklindernoren/ML-From-Scratch,3387,0,9.287780401416764,0.1674717173001144
pytorch-lightning,Lightning-AI/pytorch-lightning,Lightning-AI,31142,3722,31142,1009,133715,Python,Apache License 2.0,True,False,False,False,False,7,88,2019-03-31 00:45:57+00:00,2026-05-17 04:07:39+00:00,2026-05-14 04:37:54+00:00,https://github.com/Lightning-AI/pytorch-lightning,2604,0,11.954702495201536,0.11951321324214109
AI-Expert-Roadmap,AMAI-GmbH/AI-Expert-Roadmap,AMAI-GmbH,30973,2580,30973,18,414,JavaScript,MIT License,True,False,False,False,False,10,61,2020-10-24 21:49:40+00:00,2026-05-17 04:25:36+00:00,2025-09-12 14:59:30+00:00,https://github.com/AMAI-GmbH/AI-Expert-Roadmap,2030,0,15.25012309207287,0.08329566733389294
awesome-datascience,academic/awesome-datascience,academic,29213,6516,29213,1,1580,,MIT License,True,True,True,True,False,10,85,2014-07-05 07:07:43+00:00,2026-05-17 06:31:09+00:00,2026-05-16 21:54:30+00:00,https://github.com/academic/awesome-datascience,4333,0,6.74042455006922,0.2230437461491066
data-science-ipython-notebooks,donnemartin/data-science-ipython-notebooks,donnemartin,29086,8031,29086,46,49025,Python,Other,True,True,True,False,False,19,229,2015-01-23 19:38:29+00:00,2026-05-17 04:42:44+00:00,2024-03-20 13:52:34+00:00,https://github.com/donnemartin/data-science-ipython-notebooks,4131,0,7.03920619554695,0.2761027263038471
applied-ml,eugeneyan/applied-ml,eugeneyan,28860,3844,28860,5,397,,MIT License,True,True,True,False,False,14,103,2020-07-04 18:57:47+00:00,2026-05-17 04:07:51+00:00,2024-07-18 22:41:02+00:00,https://github.com/eugeneyan/applied-ml,2142,0,13.46710219318712,0.13319011815252416
d2l-en,d2l-ai/d2l-en,d2l-ai,28851,5064,28851,208,317904,Python,Other,True,False,False,False,False,18,175,2018-10-09 01:04:37+00:00,2026-05-17 04:53:33+00:00,2024-08-18 08:02:36+00:00,https://github.com/d2l-ai/d2l-en,2777,0,10.385529157667387,0.1755164286704561
reflex,reflex-dev/reflex,reflex-dev,28425,1723,28425,284,36413,Python,Apache License 2.0,True,False,False,False,False,11,28,2022-10-25 03:08:48+00:00,2026-05-17 04:08:05+00:00,2026-05-16 01:12:22+00:00,https://github.com/reflex-dev/reflex,1300,0,21.848578016910068,0.06061352283121086
Probabilistic-Programming-and-Bayesian-Methods-for-Hackers,CamDavidsonPilon/Probabilistic-Programming-and-Bayesian-Methods-for-Hackers,CamDavidsonPilon,28145,7925,28145,204,172065,Jupyter Notebook,MIT License,True,True,True,True,False,6,197,2013-01-14 15:46:28+00:00,2026-05-17 04:08:08+00:00,2024-06-25 20:42:58+00:00,https://github.com/CamDavidsonPilon/Probabilistic-Programming-and-Bayesian-Methods-for-Hackers,4870,0,5.778074317388627,0.28156754068073614
go,datasciencemasters/go,datasciencemasters,26123,6129,26123,43,1378,,The Unlicense,True,True,True,True,False,0,36,2013-08-14 08:33:55+00:00,2026-05-17 04:03:12+00:00,2023-12-03 11:42:49+00:00,https://github.com/datasciencemasters/go,4658,0,5.606997209701652,0.2346118511713367
fastbook,fastai/fastbook,fastai,24966,9463,24966,178,86034,Jupyter Notebook,Other,True,True,True,False,False,7,47,2020-02-28 19:26:47+00:00,2026-05-17 04:08:10+00:00,2024-08-16 14:38:24+00:00,https://github.com/fastai/fastbook,2269,0,10.998237885462554,0.37902030680498255
dash,plotly/dash,plotly,24191,2283,24191,555,203472,Python,MIT License,True,True,False,False,False,18,58,2015-04-10 01:53:08+00:00,2026-05-17 04:08:12+00:00,2026-05-15 20:55:29+00:00,https://github.com/plotly/dash,4055,0,5.964250493096647,0.09437003968253968
pandas-ai,sinaptik-ai/pandas-ai,sinaptik-ai,23542,2316,23542,20,57432,Python,Other,True,True,True,False,False,13,125,2023-04-22 12:58:01+00:00,2026-05-17 04:52:07+00:00,2025-10-28 10:02:13+00:00,https://github.com/sinaptik-ai/pandas-ai,1120,0,21.000892060660124,0.09837318948307353
best-of-ml-python,lukasmasuch/best-of-ml-python,lukasmasuch,23470,3112,23470,46,21391,,Creative Commons Attribution Share Alike 4.0 International,True,False,False,False,False,19,77,2020-11-29 19:41:36+00:00,2026-05-17 05:57:51+00:00,2026-05-14 14:56:10+00:00,https://github.com/lukasmasuch/best-of-ml-python,1994,0,11.764411027568922,0.13258915257125814
matplotlib,matplotlib/matplotlib,matplotlib,22810,8339,22810,1474,487101,Python,,True,True,True,False,False,9,32,2011-02-19 03:17:12+00:00,2026-05-17 05:10:09+00:00,2026-05-17 05:02:07+00:00,https://github.com/matplotlib/matplotlib,5566,0,4.097359439554518,0.3655692429091228
prefect,PrefectHQ/prefect,PrefectHQ,22416,2305,22416,849,220002,Python,Apache License 2.0,True,False,False,False,False,14,94,2018-06-29 21:59:26+00:00,2026-05-17 04:23:06+00:00,2026-05-16 16:06:01+00:00,https://github.com/PrefectHQ/prefect,2878,0,7.786036818339701,0.10282374983271624
recommenders,recommenders-team/recommenders,recommenders-team,21702,3321,21702,179,232856,Python,MIT License,True,True,True,True,False,17,40,2018-09-19 10:06:07+00:00,2026-05-17 06:23:31+00:00,2026-05-17 04:30:12+00:00,https://github.com/recommenders-team/recommenders,2796,0,7.759027529495889,0.15302031977146016
data-science,ossu/data-science,ossu,21226,4077,21226,4,949,,Other,True,True,True,True,False,0,55,2016-06-19 15:15:36+00:00,2026-05-17 06:41:21+00:00,2025-05-13 02:19:48+00:00,https://github.com/ossu/data-science,3618,0,5.86515612047527,0.19206670749517124
marimo,marimo-team/marimo,marimo-team,21011,1093,21011,614,213112,Python,Apache License 2.0,True,False,False,True,False,13,197,2023-08-14 18:56:20+00:00,2026-05-17 06:05:32+00:00,2026-05-16 22:02:29+00:00,https://github.com/marimo-team/marimo,1006,0,20.864945382323732,0.05201789453645536
stanford-cs-229-machine-learning,afshinea/stanford-cs-229-machine-learning,afshinea,19394,4161,19394,20,38339,,MIT License,True,True,True,False,False,8,54,2018-08-04 23:01:00+00:00,2026-05-17 04:08:28+00:00,2020-05-20 04:57:25+00:00,https://github.com/afshinea/stanford-cs-229-machine-learning,2842,0,6.8216672529018645,0.21453982985305492
akshare,akfamily/akshare,akfamily,19381,3177,19381,16,4904,Python,MIT License,True,True,True,False,False,19,111,2019-10-01 07:34:12+00:00,2026-05-17 04:22:15+00:00,2026-05-02 09:44:36+00:00,https://github.com/akfamily/akshare,2419,0,8.008677685950413,0.16391497265504076
machine-learning-for-trading,stefan-jansen/machine-learning-for-trading,stefan-jansen,17337,5128,17337,18,683356,Jupyter Notebook,,True,False,False,True,False,12,63,2018-05-09 12:33:08+00:00,2026-05-17 04:08:34+00:00,2024-08-18 21:54:07+00:00,https://github.com/stefan-jansen/machine-learning-for-trading,2929,0,5.917064846416382,0.29576652439727763
ML-YouTube-Courses,dair-ai/ML-YouTube-Courses,dair-ai,17198,2104,17198,21,114,,Creative Commons Zero v1.0 Universal,True,True,True,False,False,6,63,2021-06-25 09:39:16+00:00,2026-05-17 06:21:06+00:00,2024-01-22 15:52:28+00:00,https://github.com/dair-ai/ML-YouTube-Courses,1786,0,9.623950755456072,0.1223326937612652
ipython,ipython/ipython,ipython,16699,4474,16699,1588,81127,Python,"BSD 3-Clause ""New"" or ""Revised"" License",True,True,True,False,False,9,139,2010-05-10 04:46:06+00:00,2026-05-17 04:08:38+00:00,2026-05-14 08:14:48+00:00,https://github.com/ipython/ipython,5851,0,2.8535543403964456,0.2679041916167665
Awesome-pytorch-list,bharathgs/Awesome-pytorch-list,bharathgs,16504,2831,16504,14,812,,,True,True,True,True,False,20,130,2017-03-01 16:58:16+00:00,2026-05-17 04:08:41+00:00,2026-02-01 07:01:10+00:00,https://github.com/bharathgs/Awesome-pytorch-list,3363,0,4.906064209274673,0.17152378067252347
gensim,piskvorky/gensim,piskvorky,16411,4410,16411,437,106568,Python,GNU Lesser General Public License v2.1,True,True,True,False,False,15,26,2011-02-10 07:43:04+00:00,2026-05-17 04:08:45+00:00,2025-11-01 12:01:39+00:00,https://github.com/piskvorky/gensim,5574,0,2.943677130044843,0.2687058250060931
ds-cheatsheets,FavioVazquez/ds-cheatsheets,FavioVazquez,16220,4057,16220,13,122325,,MIT License,True,True,True,False,False,7,50,2018-12-20 17:02:46+00:00,2026-05-16 07:54:10+00:00,2024-07-18 03:39:29+00:00,https://github.com/FavioVazquez/ds-cheatsheets,2704,0,5.996303142329021,0.2501078848406387
dvc,treeverse/dvc,treeverse,15602,1296,15602,174,20972,Python,Apache License 2.0,True,True,True,False,False,7,36,2017-03-04 08:16:33+00:00,2026-05-17 04:08:48+00:00,2026-04-28 11:30:29+00:00,https://github.com/treeverse/dvc,3360,0,4.642070812258257,0.08306094981734281
dagster,dagster-io/dagster,dagster-io,15524,2124,15524,2656,1445131,Python,Apache License 2.0,True,True,False,False,False,15,90,2018-04-30 16:30:04+00:00,2026-05-17 05:03:56+00:00,2026-05-15 22:30:22+00:00,https://github.com/dagster-io/dagster,2938,0,5.282068730860837,0.13681159420289854
awesome-bigdata,oxnr/awesome-bigdata,oxnr,14392,2582,14392,45,866,,MIT License,True,True,True,False,False,15,80,2014-07-04 15:01:03+00:00,2026-05-17 04:09:02+00:00,2026-02-05 22:51:38+00:00,https://github.com/oxnr/awesome-bigdata,4334,0,3.3199538638985007,0.17939276036962412
nni,microsoft/nni,microsoft,14354,1861,14354,415,133124,Python,MIT License,True,True,True,False,True,20,175,2018-06-01 05:51:44+00:00,2026-05-17 04:09:04+00:00,2024-07-03 10:55:10+00:00,https://github.com/microsoft/nni,2907,0,4.936038514442916,0.12964123998606758
Virgilio,virgili0/Virgilio,virgili0,14336,2489,14336,27,33923,Jupyter Notebook,Other,True,True,True,True,False,20,44,2019-03-12 18:45:36+00:00,2026-05-17 04:09:08+00:00,2025-10-14 17:32:44+00:00,https://github.com/virgili0/Virgilio,2622,0,5.465497521921464,0.17360675176117737
awesome-mlops,visenger/awesome-mlops,visenger,13906,2060,13906,39,1429,,,True,True,True,False,False,9,39,2020-03-03 11:37:19+00:00,2026-05-17 04:09:10+00:00,2024-11-21 14:45:11+00:00,https://github.com/visenger/awesome-mlops,2265,0,6.136804942630185,0.14812684259725317
seaborn,mwaskom/seaborn,mwaskom,13876,2113,13876,220,53884,Python,"BSD 3-Clause ""New"" or ""Revised"" License",True,True,True,False,False,5,40,2012-06-18 18:41:19+00:00,2026-05-17 05:10:01+00:00,2026-01-22 13:03:07+00:00,https://github.com/mwaskom/seaborn,5080,0,2.730958472741586,0.1522663399870289
fg-data-profiling,Data-Centric-AI-Community/fg-data-profiling,Data-Centric-AI-Community,13556,1789,13556,320,919827,Python,MIT License,True,True,True,True,False,20,99,2016-01-09 23:47:55+00:00,2026-05-17 05:20:09+00:00,2026-04-22 23:26:39+00:00,https://github.com/Data-Centric-AI-Community/fg-data-profiling,3780,0,3.585294895530283,0.13196134838091023
python-training,jpmorganchase/python-training,jpmorganchase,13209,2131,13209,0,876,Jupyter Notebook,Apache License 2.0,True,False,False,False,False,10,49,2019-07-25 13:01:12+00:00,2026-05-17 04:09:19+00:00,2024-07-17 14:30:53+00:00,https://github.com/jpmorganchase/python-training,2487,0,5.309083601286174,0.16131718395155187
RD-Agent,microsoft/RD-Agent,microsoft,13061,1610,13061,178,69105,Python,MIT License,True,True,True,False,False,8,346,2024-04-03 03:39:33+00:00,2026-05-17 06:41:17+00:00,2026-05-13 02:26:57+00:00,https://github.com/microsoft/RD-Agent,774,0,16.85290322580645,0.1232583065380493
Ai-Learn,tangyudi/Ai-Learn,tangyudi,12987,2645,12987,20,1335,,,False,True,True,False,False,20,314,2020-01-28 01:55:06+00:00,2026-05-17 05:10:26+00:00,2024-06-02 04:46:40+00:00,https://github.com/tangyudi/Ai-Learn,2301,0,5.641615986099044,0.20364952263627964
trino,trinodb/trino,trinodb,12825,3607,12825,2613,307604,Java,Apache License 2.0,True,False,True,False,False,19,123,2019-01-19 06:38:14+00:00,2026-05-17 04:09:25+00:00,2026-05-17 03:55:08+00:00,https://github.com/trinodb/trino,2675,0,4.792600896860987,0.2812256354280368
python-machine-learning-book,rasbt/python-machine-learning-book,rasbt,12615,4390,12615,13,159843,Jupyter Notebook,MIT License,True,True,True,False,False,8,83,2015-08-07 20:39:29+00:00,2026-05-17 04:09:28+00:00,2024-11-20 23:58:23+00:00,https://github.com/rasbt/python-machine-learning-book,3935,0,3.205030487804878,0.3479708306911858
AI-Papers-of-the-Week,dair-ai/AI-Papers-of-the-Week,dair-ai,12431,784,12431,0,5608,,,True,True,True,False,False,5,43,2023-01-08 19:26:35+00:00,2026-05-17 04:09:31+00:00,2026-05-11 15:04:19+00:00,https://github.com/dair-ai/AI-Papers-of-the-Week,1224,0,10.147755102040817,0.06306306306306306
allennlp,allenai/allennlp,allenai,11893,2222,11893,91,74709,Python,Apache License 2.0,True,True,False,False,True,6,54,2017-05-15 15:52:41+00:00,2026-05-17 04:09:34+00:00,2022-11-22 23:28:35+00:00,https://github.com/allenai/allennlp,3288,0,3.6159927029492245,0.1868168824617454
OpenRefine,OpenRefine/OpenRefine,OpenRefine,11830,2134,11830,717,407427,Java,"BSD 3-Clause ""New"" or ""Revised"" License",True,True,True,False,False,12,89,2012-10-15 02:22:48+00:00,2026-05-17 04:23:05+00:00,2026-05-17 04:24:42+00:00,https://github.com/OpenRefine/OpenRefine,4962,0,2.383638928067701,0.18037359479333953
ludwig,ludwig-ai/ludwig,ludwig-ai,11697,1219,11697,12,35347,Python,Apache License 2.0,True,True,True,True,False,20,81,2018-12-27 23:58:12+00:00,2026-05-17 04:09:41+00:00,2026-05-17 06:26:52+00:00,https://github.com/ludwig-ai/ludwig,2697,0,4.3354336545589325,0.10420584715335955
great_expectations,great-expectations/great_expectations,great-expectations,11513,1749,11513,42,250521,Python,Apache License 2.0,True,True,True,False,False,20,42,2017-09-11 00:18:46+00:00,2026-05-17 04:09:44+00:00,2026-05-14 13:56:07+00:00,https://github.com/great-expectations/great_expectations,3170,0,3.630715862503942,0.151902032308494
cleanlab,cleanlab/cleanlab,cleanlab,11471,893,11471,104,18212,Python,Apache License 2.0,True,True,True,False,False,20,148,2018-05-11 01:55:21+00:00,2026-05-17 04:09:48+00:00,2026-01-13 17:39:04+00:00,https://github.com/cleanlab/cleanlab,2928,0,3.916353704335951,0.07784170153417015
statsmodels,statsmodels/statsmodels,statsmodels,11407,3336,11407,2969,58783,Python,"BSD 3-Clause ""New"" or ""Revised"" License",True,True,True,False,False,13,60,2011-06-12 17:04:50+00:00,2026-05-17 04:09:51+00:00,2026-05-13 03:28:19+00:00,https://github.com/statsmodels/statsmodels,5452,0,2.09187603154227,0.2924263674614306
wandb,wandb/wandb,wandb,11070,871,11070,855,208358,Python,MIT License,True,True,True,True,False,19,132,2017-03-24 05:46:23+00:00,2026-05-17 05:19:48+00:00,2026-05-16 00:11:34+00:00,https://github.com/wandb/wandb,3341,0,3.312387791741472,0.07867401318760726
amazon-sagemaker-examples,aws/amazon-sagemaker-examples,aws,10925,6976,10925,845,684730,Jupyter Notebook,Apache License 2.0,True,True,False,False,False,11,127,2017-10-23 05:55:22+00:00,2026-05-17 04:09:57+00:00,2026-04-27 22:55:44+00:00,https://github.com/aws/amazon-sagemaker-examples,3128,0,3.491530840524129,0.6384770272743914
kedro,kedro-org/kedro,kedro-org,10863,1036,10863,175,247063,Python,Apache License 2.0,True,True,True,True,False,8,210,2019-04-18 10:29:56+00:00,2026-05-16 16:08:56+00:00,2026-05-15 15:00:30+00:00,https://github.com/kedro-org/kedro,2585,0,4.200696055684455,0.09536082474226804
numerical-linear-algebra,fastai/numerical-linear-algebra,fastai,10863,2675,10863,21,64028,Jupyter Notebook,,True,True,True,False,False,7,89,2017-05-16 17:28:12+00:00,2026-05-17 04:10:07+00:00,2024-04-16 14:44:18+00:00,https://github.com/fastai/numerical-linear-algebra,3287,0,3.303832116788321,0.24622606774668632
fiftyone,voxel51/fiftyone,voxel51,10711,760,10711,670,2297340,Python,Apache License 2.0,True,True,False,False,False,17,49,2020-04-22 13:43:28+00:00,2026-05-17 04:10:10+00:00,2026-05-17 05:30:43+00:00,https://github.com/voxel51/fiftyone,2215,0,4.833483754512636,0.07094846900672143
mlcourse.ai,Yorko/mlcourse.ai,Yorko,10596,5713,10596,2,649524,Python,Other,True,False,True,True,False,17,28,2017-02-27 08:32:20+00:00,2026-05-17 03:32:52+00:00,2026-03-01 09:12:51+00:00,https://github.com/Yorko/mlcourse.ai,3365,0,3.1479500891265597,0.5391148438237237
mit-deep-learning,lexfridman/mit-deep-learning,lexfridman,10441,2206,10441,17,65478,Jupyter Notebook,MIT License,True,True,True,False,False,14,79,2017-01-08 00:52:01+00:00,2026-05-17 04:10:14+00:00,2024-01-03 13:54:05+00:00,https://github.com/lexfridman/mit-deep-learning,3416,0,3.0556043312847527,0.21126221030453937
modin,modin-project/modin,modin-project,10388,673,10388,710,53839,Python,Apache License 2.0,True,True,True,False,False,9,68,2018-06-21 21:35:05+00:00,2026-05-17 04:10:15+00:00,2026-02-10 20:52:42+00:00,https://github.com/modin-project/modin,2886,0,3.598198822306893,0.0647800558282799
machine-learning-systems-design,chiphuyen/machine-learning-systems-design,chiphuyen,10372,1609,10372,11,1408,HTML,,True,True,True,True,False,3,145,2019-11-24 23:16:28+00:00,2026-05-17 04:10:17+00:00,2023-04-15 16:33:50+00:00,https://github.com/chiphuyen/machine-learning-systems-design,2365,0,4.383770076077768,0.15511423888942447
autogluon,autogluon/autogluon,autogluon,10339,1149,10339,397,25356,Python,Apache License 2.0,True,True,False,False,False,20,39,2019-07-29 18:51:24+00:00,2026-05-17 04:10:20+00:00,2026-05-15 13:14:47+00:00,https://github.com/autogluon/autogluon,2483,0,4.162238325281804,0.11112185686653772
tpot,EpistasisLab/tpot,EpistasisLab,10050,1566,10050,311,91951,Jupyter Notebook,GNU Lesser General Public License v3.0,True,True,True,True,False,20,109,2015-11-03 21:08:40+00:00,2026-05-17 04:10:23+00:00,2025-09-11 21:32:19+00:00,https://github.com/EpistasisLab/tpot,3847,0,2.611746361746362,0.1558053924982589
data-science-interviews,alexeygrigorev/data-science-interviews,alexeygrigorev,9999,2144,9999,10,1105,HTML,Creative Commons Attribution 4.0 International,True,True,True,True,False,4,44,2020-03-02 19:06:53+00:00,2026-05-17 04:10:27+00:00,2026-05-08 12:29:11+00:00,https://github.com/alexeygrigorev/data-science-interviews,2266,0,4.41067490074989,0.2144
PySyft,OpenMined/PySyft,OpenMined,9888,2001,9888,67,771370,Python,Apache License 2.0,True,False,False,True,False,9,66,2017-07-18 20:41:16+00:00,2026-05-15 21:19:20+00:00,2025-07-15 05:50:57+00:00,https://github.com/OpenMined/PySyft,3224,1,3.0660465116279068,0.20234604105571846
cookiecutter-data-science,drivendataorg/cookiecutter-data-science,drivendataorg,9858,2629,9858,32,1328,Python,MIT License,True,False,False,False,False,6,107,2015-10-30 19:19:57+00:00,2026-05-17 04:10:32+00:00,2026-04-09 13:36:42+00:00,https://github.com/drivendataorg/cookiecutter-data-science,3851,0,2.559190031152648,0.2666599046556446
computervision-recipes,microsoft/computervision-recipes,microsoft,9853,1204,9853,111,267320,Jupyter Notebook,MIT License,True,True,True,True,False,17,68,2019-02-11 16:23:51+00:00,2026-05-17 04:10:35+00:00,2024-02-16 23:55:05+00:00,https://github.com/microsoft/computervision-recipes,2651,0,3.7153092006033184,0.12218388471686625
pyod,yzhao062/pyod,yzhao062,9845,1473,9845,226,45103,Python,"BSD 2-Clause ""Simplified"" License",True,True,True,False,False,19,191,2017-10-03 20:29:04+00:00,2026-05-17 04:10:37+00:00,2026-05-13 20:41:20+00:00,https://github.com/yzhao062/pyod,3147,0,3.1273824650571793,0.14960390006093846
pycaret,pycaret/pycaret,pycaret,9790,1861,9790,14,268964,Python,Other,True,True,True,True,False,15,107,2019-11-23 18:40:48+00:00,2026-05-17 04:10:41+00:00,2026-05-16 09:19:54+00:00,https://github.com/pycaret/pycaret,2366,0,4.136037177862273,0.19007251557552854
sktime,sktime/sktime,sktime,9763,2173,9763,2333,91082,Python,"BSD 3-Clause ""New"" or ""Revised"" License",True,True,True,True,False,15,57,2018-11-06 15:08:24+00:00,2026-05-17 04:10:44+00:00,2026-05-15 20:07:18+00:00,https://github.com/sktime/sktime,2748,0,3.551473263004729,0.22255223269151986
PyMuPDF,pymupdf/PyMuPDF,pymupdf,9725,722,9725,58,359190,Python,GNU Affero General Public License v3.0,True,True,True,False,False,15,131,2012-10-06 18:54:25+00:00,2026-05-17 04:10:47+00:00,2026-05-11 12:59:40+00:00,https://github.com/pymupdf/PyMuPDF,4970,0,1.956346811506739,0.07423401192679416
cudf,rapidsai/cudf,rapidsai,9631,1053,9631,1273,204306,C++,Apache License 2.0,True,True,False,False,False,13,29,2017-05-07 03:43:37+00:00,2026-05-17 04:10:50+00:00,2026-05-16 18:01:05+00:00,https://github.com/rapidsai/cudf,3297,0,2.9202546998180714,0.10932308970099668
data-science-from-scratch,joelgrus/data-science-from-scratch,joelgrus,9603,4717,9603,78,769,Python,MIT License,True,True,True,False,False,0,39,2014-11-09 02:31:24+00:00,2026-05-14 06:00:56+00:00,2023-11-09 21:18:24+00:00,https://github.com/joelgrus/data-science-from-scratch,4207,3,2.28208174904943,0.49114952103290294
tflearn,tflearn/tflearn,tflearn,9587,2368,9587,579,1589,Python,Other,True,True,True,False,False,6,66,2016-03-31 12:05:53+00:00,2026-05-17 04:10:52+00:00,2024-05-06 11:34:20+00:00,https://github.com/tflearn/tflearn,3698,0,2.5917815625844822,0.24697538589904047
xgo,goplus/xgo,goplus,9418,561,9418,62,26160,Go,Apache License 2.0,True,True,True,False,False,10,293,2015-12-12 01:21:39+00:00,2026-05-17 04:10:54+00:00,2026-05-12 00:46:11+00:00,https://github.com/goplus/xgo,3809,0,2.4719160104986875,0.059560462894150124
darts,unit8co/darts,unit8co,9375,1002,9375,243,275987,Python,Apache License 2.0,True,True,True,True,False,7,84,2018-09-13 15:17:28+00:00,2026-05-17 04:10:57+00:00,2026-05-15 09:22:17+00:00,https://github.com/unit8co/darts,2802,0,3.344630752764895,0.10686860068259385
tsfresh,blue-yonder/tsfresh,blue-yonder,9215,1266,9215,73,8365,Jupyter Notebook,MIT License,True,False,False,True,False,3,59,2016-10-26 11:29:17+00:00,2026-05-17 04:11:03+00:00,2025-11-15 15:14:13+00:00,https://github.com/blue-yonder/tsfresh,3489,0,2.640401146131805,0.13736979166666666
catboost,catboost/catboost,catboost,8945,1287,8945,700,1699971,C++,Apache License 2.0,True,False,False,False,False,18,220,2017-07-18 05:29:04+00:00,2026-05-16 09:55:58+00:00,2026-05-16 09:55:51+00:00,https://github.com/catboost/catboost,3225,0,2.772783632982021,0.14386317907444668
machine_learning_examples,lazyprogrammer/machine_learning_examples,lazyprogrammer,8869,6421,8869,33,23561,Python,,True,True,True,True,False,6,56,2014-07-31 23:40:45+00:00,2026-05-16 03:03:46+00:00,2026-04-27 00:30:32+00:00,https://github.com/lazyprogrammer/machine_learning_examples,4307,1,2.058727948003714,0.7239007891770012
gridstudio,ricklamers/gridstudio,ricklamers,8828,1486,8828,42,130622,JavaScript,GNU Affero General Public License v3.0,True,True,True,False,True,0,131,2019-07-23 13:56:41+00:00,2026-05-17 02:23:53+00:00,2023-11-07 21:11:21+00:00,https://github.com/ricklamers/gridstudio,2489,0,3.5453815261044177,0.16830898176463926
The-Grand-Complete-Data-Science-Materials,krishnaik06/The-Grand-Complete-Data-Science-Materials,krishnaik06,8768,4438,8768,85,722795,Python,GNU General Public License v2.0,True,True,True,False,False,0,0,2023-09-19 06:19:22+00:00,2026-05-16 05:48:08+00:00,2024-08-04 07:14:11+00:00,https://github.com/krishnaik06/The-Grand-Complete-Data-Science-Materials,971,1,9.020576131687243,0.5061010377466074
mage-ai,mage-ai/mage-ai,mage-ai,8728,965,8728,590,245852,Python,Apache License 2.0,True,True,True,False,False,18,78,2022-05-16 22:11:39+00:00,2026-05-17 05:20:39+00:00,2026-05-14 23:25:03+00:00,https://github.com/mage-ai/mage-ai,1461,0,5.969904240766074,0.11055103677397182
Data-Science-Notes,fengdu78/Data-Science-Notes,fengdu78,8558,3121,8558,15,52628,Jupyter Notebook,,True,True,True,False,False,0,13,2019-07-29 03:55:15+00:00,2026-05-15 02:44:17+00:00,2021-08-16 11:18:41+00:00,https://github.com/fengdu78/Data-Science-Notes,2484,2,3.4438631790744467,0.3646454025002921
vaex,vaexio/vaex,vaexio,8504,603,8504,551,139693,Python,MIT License,True,True,True,True,False,11,144,2014-09-27 09:44:42+00:00,2026-05-14 13:34:48+00:00,2026-04-01 03:56:14+00:00,https://github.com/vaexio/vaex,4249,2,2.0009411764705884,0.07089947089947089
python-small-examples,jackzhenguo/python-small-examples,jackzhenguo,8136,1789,8136,3,5834,Python,,True,True,True,True,False,7,61,2019-11-17 01:47:01+00:00,2026-05-16 04:10:49+00:00,2024-06-26 16:37:35+00:00,https://github.com/jackzhenguo/python-small-examples,2373,1,3.4271272114574556,0.21985989922575888
dowhy,py-why/dowhy,py-why,8114,1032,8114,185,913467,Python,MIT License,True,True,True,True,False,11,242,2018-05-31 13:07:04+00:00,2026-05-15 21:26:09+00:00,2026-05-17 01:41:24+00:00,https://github.com/py-why/dowhy,2907,1,2.7902338376891334,0.12717190388170055
machine-learning-roadmap,mrdbourke/machine-learning-roadmap,mrdbourke,7856,1172,7856,12,25983,,MIT License,True,True,True,False,False,4,134,2020-07-09 07:07:47+00:00,2026-05-16 04:33:50+00:00,2022-12-08 22:38:52+00:00,https://github.com/mrdbourke/machine-learning-roadmap,2137,1,3.6744621141253506,0.14916634847906327
growthbook,growthbook/growthbook,growthbook,7781,748,7781,828,171846,TypeScript,Other,True,True,True,True,False,20,65,2021-05-07 23:11:51+00:00,2026-05-17 06:21:49+00:00,2026-05-17 01:57:57+00:00,https://github.com/growthbook/growthbook,1835,0,4.2380174291939,0.09611924955024416
featuretools,alteryx/featuretools,alteryx,7644,908,7644,162,7620,Python,"BSD 3-Clause ""New"" or ""Revised"" License",True,False,False,False,False,8,63,2017-09-08 22:15:17+00:00,2026-05-14 10:11:34+00:00,2026-02-03 18:19:45+00:00,https://github.com/alteryx/featuretools,3172,2,2.409076583674756,0.11877043819489863
vectorbt,polakowo/vectorbt,polakowo,7568,972,7568,138,715327,Python,Other,True,False,False,True,False,14,115,2017-11-14 11:56:32+00:00,2026-05-17 06:09:08+00:00,2026-04-25 11:19:52+00:00,https://github.com/polakowo/vectorbt,3105,0,2.436574372182872,0.12841854934601665
evidently,evidentlyai/evidently,evidentlyai,7498,847,7498,274,561021,Jupyter Notebook,Apache License 2.0,True,True,True,True,False,14,176,2020-11-25 15:20:08+00:00,2026-05-16 17:00:22+00:00,2026-05-02 13:20:18+00:00,https://github.com/evidentlyai/evidently,1998,0,3.7508754377188596,0.11294839311908254
h2o-3,h2oai/h2o-3,h2oai,7481,2032,7481,2857,630011,Jupyter Notebook,Apache License 2.0,True,True,False,True,False,20,344,2014-03-03 16:08:07+00:00,2026-05-16 00:04:41+00:00,2026-05-16 17:41:02+00:00,https://github.com/h2oai/h2o-3,4457,1,1.6781067743382683,0.2715851376637263
Book3_Elements-of-Mathematics,Visualize-ML/Book3_Elements-of-Mathematics,Visualize-ML,7467,1342,7467,13,196197,Jupyter Notebook,,True,True,True,False,False,5,56,2022-05-29 17:58:03+00:00,2026-05-17 02:22:18+00:00,2026-05-01 14:43:04+00:00,https://github.com/Visualize-ML/Book3_Elements-of-Mathematics,1448,0,5.153209109730849,0.17970005356186394
industry-machine-learning,firmai/industry-machine-learning,firmai,7461,1246,7461,2,3015,Jupyter Notebook,,True,True,True,False,False,8,124,2019-05-03 05:08:15+00:00,2026-05-15 10:41:04+00:00,2024-10-04 12:55:18+00:00,https://github.com/firmai/industry-machine-learning,2571,1,2.900855365474339,0.1669793621013133
folium,python-visualization/folium,python-visualization,7368,2253,7368,76,693935,Python,Other,True,True,True,True,False,5,30,2013-05-09 04:21:35+00:00,2026-05-16 15:48:36+00:00,2026-05-16 15:53:51+00:00,https://github.com/python-visualization/folium,4756,0,1.54887534160185,0.3057402632650292
data-scientist-roadmap,MrMimic/data-scientist-roadmap,MrMimic,7352,1918,7352,0,7821,Jupyter Notebook,GNU General Public License v3.0,True,True,True,False,False,0,57,2017-06-05 06:30:08+00:00,2026-05-17 01:21:19+00:00,2025-02-11 08:26:32+00:00,https://github.com/MrMimic/data-scientist-roadmap,3268,0,2.249005812174977,0.2608459132326941
python-machine-learning-book-2nd-edition,rasbt/python-machine-learning-book-2nd-edition,rasbt,7201,2805,7201,32,241207,Jupyter Notebook,MIT License,True,True,True,False,False,6,82,2017-02-09 05:45:15+00:00,2026-05-06 15:32:04+00:00,2020-10-01 06:20:21+00:00,https://github.com/rasbt/python-machine-learning-book-2nd-edition,3384,10,2.1273264401772525,0.3894751457928353
imbalanced-learn,scikit-learn-contrib/imbalanced-learn,scikit-learn-contrib,7102,1346,7102,69,22939,Python,MIT License,True,True,True,True,False,5,80,2014-08-16 05:08:26+00:00,2026-05-16 16:16:23+00:00,2026-04-13 17:51:14+00:00,https://github.com/scikit-learn-contrib/imbalanced-learn,4292,0,1.654320987654321,0.18949739546670422
roughViz,jwilber/roughViz,jwilber,7082,237,7082,14,3572,JavaScript,MIT License,True,True,True,False,False,6,89,2019-09-18 18:52:35+00:00,2026-05-14 19:03:28+00:00,2024-04-26 11:54:48+00:00,https://github.com/jwilber/roughViz,2432,2,2.9108096999588984,0.033460398136382886
TabPFN,PriorLabs/TabPFN,PriorLabs,7074,697,7074,41,285855,Python,Other,True,True,True,False,False,5,45,2022-07-01 11:54:47+00:00,2026-05-17 04:18:24+00:00,2026-05-16 22:40:54+00:00,https://github.com/PriorLabs/TabPFN,1415,0,4.995762711864407,0.09851590106007067
feast,feast-dev/feast,feast-dev,7039,1324,7039,347,256502,Python,Apache License 2.0,True,False,False,True,False,10,39,2018-12-10 07:20:15+00:00,2026-05-17 01:31:54+00:00,2026-05-15 06:17:10+00:00,https://github.com/feast-dev/feast,2714,0,2.592633517495396,0.18806818181818183
flyte,flyteorg/flyte,flyteorg,7038,819,7038,206,374164,Go,Apache License 2.0,True,True,False,True,False,20,100,2019-10-21 17:40:04+00:00,2026-05-17 02:16:18+00:00,2026-05-15 20:19:46+00:00,https://github.com/flyteorg/flyte,2399,0,2.9325,0.1163517545105839
stanford-cs-230-deep-learning,afshinea/stanford-cs-230-deep-learning,afshinea,6982,1440,6982,6,40037,,MIT License,True,True,True,False,False,5,51,2018-11-27 05:12:37+00:00,2026-05-14 11:56:51+00:00,2020-05-20 04:23:57+00:00,https://github.com/afshinea/stanford-cs-230-deep-learning,2728,2,2.5584463173323564,0.2062150937992267
boltons,mahmoud/boltons,mahmoud,6884,391,6884,70,1829,Python,Other,True,False,False,False,False,11,166,2013-02-20 06:17:12+00:00,2026-05-13 23:54:00+00:00,2026-03-06 22:18:37+00:00,https://github.com/mahmoud/boltons,4834,3,1.4237849017580144,0.056790123456790124
Data-Analysis-and-Machine-Learning-Projects,rhiever/Data-Analysis-and-Machine-Learning-Projects,rhiever,6688,2105,6688,14,20422,Jupyter Notebook,,True,True,True,False,False,6,100,2015-02-12 23:03:58+00:00,2026-05-16 10:02:00+00:00,2023-06-21 09:06:28+00:00,https://github.com/rhiever/Data-Analysis-and-Machine-Learning-Projects,4111,0,1.6264591439688716,0.3146957691732695
awesome-R,qinwf/awesome-R,qinwf,6461,1510,6461,25,1254,R,,True,True,True,True,False,7,62,2014-07-19 06:02:47+00:00,2026-05-16 08:24:10+00:00,2025-09-18 16:46:19+00:00,https://github.com/qinwf/awesome-R,4320,0,1.4952557278407776,0.23367378520581863
ML-Course-Notes,dair-ai/ML-Course-Notes,dair-ai,6453,859,6453,5,56,,Other,True,True,True,False,False,5,50,2022-03-17 11:18:50+00:00,2026-05-14 18:56:17+00:00,2024-05-16 18:51:33+00:00,https://github.com/dair-ai/ML-Course-Notes,1521,2,4.239816031537451,0.1330957545708088
lance,lance-format/lance,lance-format,6432,664,6432,1154,53686,Rust,Apache License 2.0,True,False,True,True,False,16,239,2022-07-07 22:29:29+00:00,2026-05-17 06:15:28+00:00,2026-05-17 06:15:55+00:00,https://github.com/lance-format/lance,1409,0,4.561702127659575,0.10321778330483444
kaggle-solutions,faridrashidi/kaggle-solutions,faridrashidi,6425,2379,6425,0,13522,Astro,MIT License,True,False,False,False,False,9,44,2018-11-25 04:27:49+00:00,2026-05-17 00:19:04+00:00,2026-05-16 15:21:36+00:00,https://github.com/faridrashidi/kaggle-solutions,2730,0,2.35261808861223,0.37021475256769376
data-juicer,datajuicer/data-juicer,datajuicer,6413,371,6413,67,1149965,Python,Apache License 2.0,True,True,True,True,False,14,65,2023-08-01 09:16:41+00:00,2026-05-16 11:15:23+00:00,2026-05-15 09:47:59+00:00,https://github.com/datajuicer/data-juicer,1019,0,6.287254901960784,0.057842220143436235
smile,haifengl/smile,haifengl,6372,1146,6372,0,284514,Java,Other,True,True,True,False,False,20,50,2014-11-20 16:28:12+00:00,2026-05-16 07:57:17+00:00,2026-05-10 23:34:54+00:00,https://github.com/haifengl/smile,4195,0,1.5185891325071497,0.17982112035148282
evidence,evidence-dev/evidence,evidence-dev,6351,356,6351,264,296488,JavaScript,MIT License,True,False,True,False,False,14,94,2021-05-27 03:50:19+00:00,2026-05-16 18:16:31+00:00,2026-02-18 20:43:42+00:00,https://github.com/evidence-dev/evidence,1816,0,3.495321959273528,0.05604534005037783
data-science-blogs,rushter/data-science-blogs,rushter,6347,1766,6347,13,373,Python,,True,False,False,False,False,2,36,2015-08-05 11:58:14+00:00,2026-05-16 05:57:44+00:00,2024-06-05 09:47:02+00:00,https://github.com/rushter/data-science-blogs,3937,1,1.611731843575419,0.27819785759294263
pachyderm,pachyderm/pachyderm,pachyderm,6294,574,6294,939,656481,Go,Apache License 2.0,True,True,False,False,False,10,42,2014-09-04 07:50:02+00:00,2026-05-16 01:35:32+00:00,2025-02-03 22:27:18+00:00,https://github.com/pachyderm/pachyderm,4272,1,1.4729698104376316,0.09118347895154885
archived-desktop-app,nteract/archived-desktop-app,nteract,6258,551,6258,193,41048,TypeScript,"BSD 3-Clause ""New"" or ""Revised"" License",True,True,True,False,True,12,39,2015-06-15 23:21:49+00:00,2026-05-16 06:06:41+00:00,2023-12-30 16:09:02+00:00,https://github.com/nteract/archived-desktop-app,3988,1,1.5688142391576836,0.08803323214571018
aim,aimhubio/aim,aimhubio,6119,393,6119,462,67529,Python,Apache License 2.0,True,False,False,False,False,16,69,2019-05-31 18:25:07+00:00,2026-05-16 16:24:48+00:00,2026-05-16 20:14:05+00:00,https://github.com/aimhubio/aim,2542,0,2.40621313409359,0.0642156862745098
snorkel,snorkel-team/snorkel,snorkel-team,5962,854,5962,17,292452,Python,Apache License 2.0,True,False,False,False,False,10,67,2016-02-26 05:52:45+00:00,2026-05-15 18:41:00+00:00,2026-04-10 17:37:34+00:00,https://github.com/snorkel-team/snorkel,3733,1,1.5966791644349223,0.14321650176085862
river,online-ml/river,online-ml,5819,626,5819,91,381400,Python,"BSD 3-Clause ""New"" or ""Revised"" License",True,True,True,True,False,12,35,2019-01-24 15:18:26+00:00,2026-05-17 02:55:09+00:00,2026-05-12 21:41:06+00:00,https://github.com/online-ml/river,2669,0,2.1794007490636704,0.10756013745704468
DataSciencePython,ujjwalkarn/DataSciencePython,ujjwalkarn,5767,1533,5767,13,83,Python,MIT License,True,True,True,False,False,4,60,2015-10-06 15:26:08+00:00,2026-05-16 05:57:45+00:00,2024-04-03 10:37:58+00:00,https://github.com/ujjwalkarn/DataSciencePython,3875,1,1.487874097007224,0.2657766990291262
Data-Science-Interview-Questions-Answers,youssefHosni/Data-Science-Interview-Questions-Answers,youssefHosni,5628,1256,5628,11,2894,,,True,True,True,False,False,5,60,2022-05-28 20:44:40+00:00,2026-05-15 14:05:00+00:00,2024-09-29 12:52:11+00:00,https://github.com/youssefHosni/Data-Science-Interview-Questions-Answers,1449,1,3.8813793103448275,0.22313021851128087
orange3,biolab/orange3,biolab,5608,1097,5608,115,102942,Python,Other,True,False,True,False,False,19,54,2013-02-22 12:52:56+00:00,2026-05-17 01:58:49+00:00,2026-05-08 18:10:53+00:00,https://github.com/biolab/orange3,4831,0,1.1605960264900663,0.195578534498128
knowledge-repo,airbnb/knowledge-repo,airbnb,5534,682,5534,137,77586,Python,Apache License 2.0,True,True,True,False,False,4,105,2016-08-17 23:32:50+00:00,2026-05-16 06:02:59+00:00,2024-09-04 14:59:57+00:00,https://github.com/airbnb/knowledge-repo,3559,1,1.554494382022472,0.12321589882565492
Data-Analysis,WillKoehrsen/Data-Analysis,WillKoehrsen,5525,3618,5525,38,377195,Jupyter Notebook,MIT License,True,True,True,False,False,0,25,2017-03-15 19:13:06+00:00,2026-05-16 22:00:08+00:00,2023-07-08 14:08:19+00:00,https://github.com/WillKoehrsen/Data-Analysis,3349,0,1.6492537313432836,0.6547231270358306
zenml,zenml-io/zenml,zenml-io,5414,615,5414,158,849635,Python,Apache License 2.0,True,True,False,True,False,20,68,2020-11-19 09:25:46+00:00,2026-05-17 04:33:52+00:00,2026-05-16 00:01:46+00:00,https://github.com/zenml-io/zenml,2004,0,2.7002493765586033,0.11357340720221606
Data-Science-Cheatsheet,aaronwangy/Data-Science-Cheatsheet,aaronwangy,5406,758,5406,7,4572,TeX,,True,True,True,False,False,3,114,2021-02-05 06:01:57+00:00,2026-05-16 20:24:01+00:00,2023-03-15 22:16:54+00:00,https://github.com/aaronwangy/Data-Science-Cheatsheet,1927,0,2.8039419087136928,0.14018864434991676
lux,lux-org/lux,lux-org,5384,382,5384,90,53869,Python,Apache License 2.0,True,True,True,False,False,7,69,2020-01-08 04:53:29+00:00,2026-05-12 06:23:05+00:00,2024-03-20 15:48:47+00:00,https://github.com/lux-org/lux,2321,5,2.318690783807063,0.07093779015784586
2026-AI-College-Jobs,speedyapply/2026-AI-College-Jobs,speedyapply,5283,205,5283,1,6784,,,True,False,False,False,False,20,59,2024-09-11 00:39:39+00:00,2026-05-16 16:44:18+00:00,2026-05-16 13:44:21+00:00,https://github.com/speedyapply/2026-AI-College-Jobs,613,0,8.604234527687296,0.03879636638909917
start-machine-learning,louisfb01/start-machine-learning,louisfb01,5248,703,5248,4,100,,MIT License,True,True,True,False,False,20,210,2020-09-24 11:48:46+00:00,2026-05-14 15:11:07+00:00,2026-01-23 19:51:33+00:00,https://github.com/louisfb01/start-machine-learning,2060,2,2.546336729742843,0.13393027243284436
SynapseML,microsoft/SynapseML,microsoft,5229,861,5229,394,181296,Scala,MIT License,True,False,True,True,False,20,39,2017-06-05 08:23:44+00:00,2026-05-15 22:07:40+00:00,2026-05-09 08:05:03+00:00,https://github.com/microsoft/SynapseML,3267,1,1.600061199510404,0.16462715105162523
ai-data-science-team,business-science/ai-data-science-team,business-science,5222,912,5222,29,30469,Python,MIT License,True,True,False,False,False,13,99,2024-12-11 16:07:45+00:00,2026-05-17 03:42:50+00:00,2026-01-28 15:44:35+00:00,https://github.com/business-science/ai-data-science-team,521,0,10.003831417624522,0.1746122917863297
gluonts,awslabs/gluonts,awslabs,5189,818,5189,468,14633,Python,Apache License 2.0,True,True,False,False,False,15,44,2019-05-15 17:17:29+00:00,2026-05-15 10:51:07+00:00,2026-05-08 19:37:00+00:00,https://github.com/awslabs/gluonts,2558,1,2.027745212973818,0.1576107899807322
datascience,sreeharierk/datascience,sreeharierk,5157,529,5157,8,485,,GNU General Public License v3.0,True,True,True,False,False,9,77,2021-01-27 13:02:06+00:00,2026-05-16 08:10:23+00:00,2026-02-01 18:20:19+00:00,https://github.com/sreeharierk/datascience,1935,0,2.6637396694214877,0.10255913144629701
mlxtend,rasbt/mlxtend,rasbt,5144,905,5144,159,103037,Python,Other,True,False,False,True,False,7,100,2014-08-14 01:56:16+00:00,2026-05-14 15:22:24+00:00,2026-01-24 17:35:51+00:00,https://github.com/rasbt/mlxtend,4294,2,1.1976717112922002,0.17589893100097181
awesome-mlops,kelvins/awesome-mlops,kelvins,5137,729,5137,48,419,Python,,True,False,False,False,False,8,50,2020-05-25 22:53:26+00:00,2026-05-17 00:27:39+00:00,2026-04-29 15:00:57+00:00,https://github.com/kelvins/awesome-mlops,2182,0,2.353183692166743,0.14188400155702607
dtale,man-group/dtale,man-group,5112,436,5112,61,132750,TypeScript,GNU Lesser General Public License v2.1,True,True,True,False,False,14,37,2019-07-15 09:34:48+00:00,2026-05-13 06:50:00+00:00,2026-05-11 17:43:08+00:00,https://github.com/man-group/dtale,2497,3,2.0464371497197757,0.08527283395266967
zero-to-mastery-ml,mrdbourke/zero-to-mastery-ml,mrdbourke,5063,3945,5063,43,330943,Jupyter Notebook,,True,True,True,True,False,3,86,2019-09-23 04:56:51+00:00,2026-05-17 05:57:06+00:00,2024-10-30 03:31:14+00:00,https://github.com/mrdbourke/zero-to-mastery-ml,2428,0,2.084396871140387,0.7790284360189573
r4ds,hadley/r4ds,hadley,5053,4416,5053,22,78479,R,Other,True,True,True,True,False,4,26,2015-07-27 21:52:44+00:00,2026-05-16 17:00:21+00:00,2026-04-08 19:42:26+00:00,https://github.com/hadley/r4ds,3946,0,1.2802128198631872,0.8737633557578156
danfojs,javascriptdata/danfojs,javascriptdata,5048,224,5048,101,83487,TypeScript,MIT License,True,True,False,False,False,14,166,2020-05-13 21:53:26+00:00,2026-05-16 05:58:46+00:00,2026-04-15 03:16:31+00:00,https://github.com/javascriptdata/danfojs,2194,1,2.299772209567198,0.04436522083580907
machine_learning_complete,Nyandwi/machine_learning_complete,Nyandwi,5008,838,5008,2,167602,Jupyter Notebook,MIT License,True,True,True,True,False,18,118,2021-09-25 11:02:35+00:00,2026-05-17 01:35:05+00:00,2023-09-22 22:11:36+00:00,https://github.com/Nyandwi/machine_learning_complete,1694,0,2.954572271386431,0.16729886204831304
telegram-list,goq/telegram-list,goq,4944,833,4944,14,2744,,,True,True,True,False,False,20,128,2016-08-12 16:16:12+00:00,2026-05-12 07:17:55+00:00,2025-09-20 10:37:33+00:00,https://github.com/goq/telegram-list,3564,4,1.3868162692847126,0.1684529828109201
course-v3,fastai/course-v3,fastai,4920,3482,4920,53,269425,Jupyter Notebook,Apache License 2.0,True,True,True,True,False,7,33,2018-10-11 19:41:45+00:00,2026-04-19 06:56:03+00:00,2024-05-21 09:10:37+00:00,https://github.com/fastai/course-v3,2774,27,1.772972972972973,0.7075797602113392
pytorch-forecasting,sktime/pytorch-forecasting,sktime,4895,866,4895,751,36964,Python,MIT License,True,True,False,False,False,17,36,2020-07-03 13:05:24+00:00,2026-05-17 05:16:16+00:00,2026-05-12 11:08:40+00:00,https://github.com/sktime/pytorch-forecasting,2143,0,2.283115671641791,0.17687908496732027
matplotplusplus,alandefreitas/matplotplusplus,alandefreitas,4878,378,4878,80,40108,C++,MIT License,True,True,False,True,False,16,59,2020-08-29 00:45:11+00:00,2026-05-17 06:06:50+00:00,2026-04-02 14:07:46+00:00,https://github.com/alandefreitas/matplotplusplus,2087,0,2.336206896551724,0.07747489239598278
edward,blei-lab/edward,blei-lab,4842,745,4842,219,29865,Jupyter Notebook,Other,True,False,False,True,False,8,98,2016-02-10 20:06:05+00:00,2026-04-23 03:50:25+00:00,2024-03-18 16:23:03+00:00,https://github.com/blei-lab/edward,3748,24,1.2915444118431583,0.15383027049349576
interviews.ai,BoltzmannEntropy/interviews.ai,BoltzmannEntropy,4832,322,4832,10,21905,,,True,False,False,False,False,19,234,2021-09-30 17:04:46+00:00,2026-05-17 00:38:07+00:00,2025-08-22 07:13:40+00:00,https://github.com/BoltzmannEntropy/interviews.ai,1689,0,2.859171597633136,0.06662528450237948
statsforecast,Nixtla/statsforecast,Nixtla,4781,368,4781,151,299700,Python,Apache License 2.0,True,True,True,True,False,20,70,2021-11-24 02:19:14+00:00,2026-05-14 14:33:51+00:00,2026-05-13 23:13:07+00:00,https://github.com/Nixtla/statsforecast,1635,2,2.9223716381418092,0.07695524884985362
competition-baseline,datawhalechina/competition-baseline,datawhalechina,4740,1088,4740,1,27813,Jupyter Notebook,GNU General Public License v3.0,True,True,True,True,False,4,32,2019-12-03 06:16:55+00:00,2026-05-16 14:54:17+00:00,2025-10-22 08:54:26+00:00,https://github.com/datawhalechina/competition-baseline,2357,0,2.010178117048346,0.22948744990508332
Flux.jl,FluxML/Flux.jl,FluxML,4725,619,4725,191,13440,Julia,Other,True,True,False,True,False,6,58,2016-04-01 21:11:05+00:00,2026-05-14 23:31:08+00:00,2026-04-29 10:41:47+00:00,https://github.com/FluxML/Flux.jl,3697,2,1.2777176852352623,0.1309775708844689
ML-foundations,jonkrohn/ML-foundations,jonkrohn,4715,2265,4715,8,14053,Jupyter Notebook,MIT License,True,True,True,False,False,14,85,2020-04-18 15:38:51+00:00,2026-05-16 19:29:51+00:00,2024-11-20 19:39:24+00:00,https://github.com/jonkrohn/ML-foundations,2219,0,2.123873873873874,0.4802798982188295
nlpaug,makcedward/nlpaug,makcedward,4657,477,4657,81,3365,Jupyter Notebook,MIT License,True,True,True,False,False,10,26,2019-03-21 03:00:17+00:00,2026-05-08 20:18:06+00:00,2024-06-24 09:15:15+00:00,https://github.com/makcedward/nlpaug,2614,8,1.7808795411089866,0.10240446543580936
cracking-the-data-science-interview,khanhnamle1994/cracking-the-data-science-interview,khanhnamle1994,4646,1212,4646,5,246902,Jupyter Notebook,,True,True,True,False,False,10,85,2018-08-09 07:57:57+00:00,2026-05-16 13:11:57+00:00,2024-08-31 11:22:32+00:00,https://github.com/khanhnamle1994/cracking-the-data-science-interview,2837,0,1.6370683579985905,0.26081342801807617
datascience,r0f1/datascience,r0f1,4625,712,4625,0,795,,Creative Commons Zero v1.0 Universal,True,True,True,False,False,14,50,2018-11-22 09:21:49+00:00,2026-05-16 13:04:30+00:00,2026-05-12 12:37:22+00:00,https://github.com/r0f1/datascience,2732,0,1.6922795462861324,0.15391266753134458
awesome-jupyter,markusschanta/awesome-jupyter,markusschanta,4608,456,4608,14,69778,,Creative Commons Attribution Share Alike 4.0 International,True,True,True,True,False,13,67,2017-08-27 22:00:02+00:00,2026-05-15 08:14:14+00:00,2026-05-17 00:11:20+00:00,https://github.com/markusschanta/awesome-jupyter,3184,1,1.4467817896389326,0.09893686266001302
serenata-de-amor,okfn-brasil/serenata-de-amor,okfn-brasil,4589,657,4589,71,71003,Python,MIT License,True,False,False,False,False,6,147,2016-06-27 20:55:11+00:00,2026-05-13 14:09:33+00:00,2024-01-31 20:29:15+00:00,https://github.com/okfn-brasil/serenata-de-amor,3610,3,1.2708391027416228,0.14313725490196078
probability,tensorflow/probability,tensorflow,4417,1122,4417,721,160467,Jupyter Notebook,Apache License 2.0,True,True,True,False,False,8,62,2017-10-23 23:50:54+00:00,2026-05-16 03:32:47+00:00,2026-05-12 12:16:31+00:00,https://github.com/tensorflow/probability,3127,1,1.412084398976982,0.2539610683567225
MachineLearningNotebooks,Azure/MachineLearningNotebooks,Azure,4394,2574,4394,399,78306,Jupyter Notebook,MIT License,True,False,False,False,False,8,102,2018-08-17 17:29:14+00:00,2026-05-15 09:47:37+00:00,2025-03-14 16:42:02+00:00,https://github.com/Azure/MachineLearningNotebooks,2829,1,1.5526501766784453,0.5856655290102389
d2l-pytorch,dsgiitr/d2l-pytorch,dsgiitr,4351,1235,4351,17,161303,Jupyter Notebook,Apache License 2.0,True,True,True,False,False,10,118,2019-05-11 04:35:20+00:00,2026-05-15 02:46:29+00:00,2024-07-25 11:01:42+00:00,https://github.com/dsgiitr/d2l-pytorch,2563,2,1.6969578783151327,0.28377757352941174
FLAML,microsoft/FLAML,microsoft,4349,560,4349,181,227112,Jupyter Notebook,MIT License,True,True,True,True,False,19,86,2020-08-20 20:46:11+00:00,2026-05-16 12:28:57+00:00,2026-05-17 04:54:37+00:00,https://github.com/microsoft/FLAML,2095,0,2.0749045801526718,0.12873563218390804
mercury,mljar/mercury,mljar,4326,281,4326,4,16587,Python,Apache License 2.0,True,True,True,False,False,14,37,2021-12-20 13:43:44+00:00,2026-05-16 17:42:38+00:00,2026-05-15 07:49:47+00:00,https://github.com/mljar/mercury,1608,0,2.6886264760720944,0.06494106771435175
Data-Science-Roadmap,Moataz-Elmesmary/Data-Science-Roadmap,Moataz-Elmesmary,4248,603,4248,0,162995,,MIT License,True,True,True,False,False,20,32,2022-04-17 13:40:19+00:00,2026-05-17 02:57:41+00:00,2025-12-06 20:01:50+00:00,https://github.com/Moataz-Elmesmary/Data-Science-Roadmap,1490,0,2.8490945674044266,0.1419157448811485
DataScienceResources,jonathan-bower/DataScienceResources,jonathan-bower,4211,1487,4211,26,84,,,True,True,True,False,False,0,35,2014-10-15 19:30:03+00:00,2026-05-11 18:13:38+00:00,2024-02-21 11:03:26+00:00,https://github.com/jonathan-bower/DataScienceResources,4231,5,0.9950378071833649,0.3530389363722697
python-mini-project,ndleah/python-mini-project,ndleah,4206,1700,4206,127,126309,Python,MIT License,True,True,True,False,False,9,56,2021-07-16 09:05:09+00:00,2026-05-16 17:08:19+00:00,2024-08-16 21:05:01+00:00,https://github.com/ndleah/python-mini-project,1765,0,2.381653454133635,0.40408842405514617
Data-science,CodeCutTech/Data-science,CodeCutTech,4204,1065,4204,6,141605,Jupyter Notebook,,True,True,True,True,True,10,78,2020-07-17 19:25:27+00:00,2026-05-17 04:33:19+00:00,2025-12-02 21:42:02+00:00,https://github.com/CodeCutTech/Data-science,2129,0,1.9737089201877935,0.25326991676575505
cml,iterative/cml,iterative,4174,344,4174,86,17230,JavaScript,Apache License 2.0,True,True,True,False,False,13,51,2020-02-26 07:33:41+00:00,2026-05-05 07:29:55+00:00,2025-06-02 04:40:57+00:00,https://github.com/iterative/cml,2271,11,1.8371478873239437,0.08239520958083832
DeepAnalyze,ruc-datalab/DeepAnalyze,ruc-datalab,4152,679,4152,22,56337,Python,MIT License,True,True,True,False,False,20,97,2025-10-11 11:19:21+00:00,2026-05-17 03:05:42+00:00,2026-04-13 02:06:27+00:00,https://github.com/ruc-datalab/DeepAnalyze,217,0,19.045871559633028,0.16349626775824705
pipelines,kubeflow/pipelines,kubeflow,4139,1992,4139,467,362155,Python,Apache License 2.0,True,True,True,False,False,7,39,2018-05-12 00:31:47+00:00,2026-05-16 03:29:53+00:00,2026-05-15 21:36:15+00:00,https://github.com/kubeflow/pipelines,2927,1,1.4135928961748634,0.4811594202898551
orchest,orchest/orchest,orchest,4137,263,4137,130,28488,TypeScript,Apache License 2.0,True,True,False,False,True,19,37,2020-05-21 17:33:05+00:00,2026-05-13 23:55:28+00:00,2023-06-06 09:48:26+00:00,https://github.com/orchest/orchest,2186,3,1.8916323731138547,0.06355727404543257
positron,posit-dev/positron,posit-dev,4130,155,4130,1826,201788,TypeScript,Other,True,True,True,False,False,0,44,2022-05-24 20:22:25+00:00,2026-05-16 15:15:52+00:00,2026-05-16 22:47:47+00:00,https://github.com/posit-dev/positron,1453,0,2.840440165061898,0.037521181312030985
courses,DataScienceSpecialization/courses,DataScienceSpecialization,4117,31008,4117,87,1083379,HTML,,True,True,True,True,False,0,110,2014-01-21 10:22:57+00:00,2026-05-11 18:13:52+00:00,2021-03-30 06:51:57+00:00,https://github.com/DataScienceSpecialization/courses,4498,5,0.9150922427206046,7.52986886838271
aws-sdk-pandas,aws/aws-sdk-pandas,aws,4111,729,4111,44,18912,Python,Apache License 2.0,True,True,False,False,False,20,227,2019-02-26 01:39:02+00:00,2026-05-14 11:36:24+00:00,2026-05-14 11:45:28+00:00,https://github.com/aws/aws-sdk-pandas,2637,2,1.5583775587566338,0.17728599221789884
awesome-computer-science-opportunities,anu0012/awesome-computer-science-opportunities,anu0012,4106,408,4106,17,216,,MIT License,True,True,True,False,False,13,84,2018-01-18 16:36:55+00:00,2026-05-16 23:06:28+00:00,2024-06-10 12:05:19+00:00,https://github.com/anu0012/awesome-computer-science-opportunities,3040,0,1.350213745478461,0.09934258582907232
stumpy,stumpy-dev/stumpy,stumpy-dev,4092,349,4092,79,135607,Python,Other,True,False,True,False,False,12,80,2019-05-03 19:23:44+00:00,2026-05-17 01:57:09+00:00,2026-05-15 11:22:26+00:00,https://github.com/stumpy-dev/stumpy,2570,0,1.5915985997666278,0.08526752992914732
Perfect-Roadmap-To-Learn-Data-Science-In-2025,krishnaik06/Perfect-Roadmap-To-Learn-Data-Science-In-2025,krishnaik06,4052,1537,4052,15,42,,GNU General Public License v3.0,True,True,False,False,False,0,0,2023-12-03 13:57:38+00:00,2026-05-17 02:58:31+00:00,2025-08-19 06:23:43+00:00,https://github.com/krishnaik06/Perfect-Roadmap-To-Learn-Data-Science-In-2025,895,0,4.522321428571429,0.37922526523562794
awesome-machine-learning-interpretability,jphall663/awesome-machine-learning-interpretability,jphall663,4029,627,4029,27,3668,,Creative Commons Zero v1.0 Universal,True,True,True,False,False,20,65,2018-06-21 14:26:51+00:00,2026-05-16 13:08:51+00:00,2026-03-16 14:03:45+00:00,https://github.com/jphall663/awesome-machine-learning-interpretability,2886,0,1.395566331832352,0.15558312655086848
deepchecks,deepchecks/deepchecks,deepchecks,4015,298,4015,262,281045,Python,Other,True,True,False,True,False,14,230,2021-10-11 14:48:38+00:00,2026-05-16 09:09:04+00:00,2025-12-28 12:07:44+00:00,https://github.com/deepchecks/deepchecks,1678,0,2.391304347826087,0.07420318725099602
hydrogen,nteract/hydrogen,nteract,4012,337,4012,181,3101,TypeScript,MIT License,True,True,True,False,False,8,122,2015-05-11 01:16:55+00:00,2026-05-15 12:29:20+00:00,2026-03-07 02:10:46+00:00,https://github.com/nteract/hydrogen,4024,1,0.9967701863354037,0.08397707450784948
gophernotes,gopherdata/gophernotes,gopherdata,3967,263,3967,54,21638,Go,MIT License,True,True,True,False,False,12,48,2016-01-22 19:22:16+00:00,2026-05-13 14:09:12+00:00,2023-11-03 18:02:49+00:00,https://github.com/gopherdata/gophernotes,3767,3,1.0528131634819533,0.06628024193548387
data-science-at-the-command-line,jeroenjanssens/data-science-at-the-command-line,jeroenjanssens,3949,767,3949,36,97501,HTML,Other,True,True,True,False,False,19,32,2013-09-16 15:42:19+00:00,2026-05-16 07:55:35+00:00,2024-05-03 09:44:29+00:00,https://github.com/jeroenjanssens/data-science-at-the-command-line,4625,0,0.8536532641591007,0.1941772151898734
geemap,gee-community/geemap,gee-community,3949,1140,3949,36,521896,Python,MIT License,True,True,False,True,False,20,96,2020-03-08 15:21:09+00:00,2026-05-15 02:32:45+00:00,2026-05-14 18:42:16+00:00,https://github.com/gee-community/geemap,2260,2,1.7465723131357807,0.28860759493670884
SwanLab,SwanHubX/SwanLab,SwanHubX,3934,206,3934,71,49148,Python,Apache License 2.0,True,True,False,False,False,16,231,2023-11-24 08:54:45+00:00,2026-05-17 06:13:46+00:00,2026-05-16 10:26:36+00:00,https://github.com/SwanHubX/SwanLab,904,0,4.346961325966851,0.05235069885641677
rodeo,yhat/rodeo,yhat,3893,407,3893,230,25712,JavaScript,Other,True,True,True,False,True,0,29,2015-04-09 17:51:22+00:00,2026-05-07 09:10:07+00:00,2018-04-16 08:15:40+00:00,https://github.com/yhat/rodeo,4055,9,0.9598126232741617,0.10451977401129943
Finance,shashankvemuri/Finance,shashankvemuri,3856,325,3856,21,97315,Python,MIT License,True,True,True,False,False,12,103,2020-02-09 23:16:59+00:00,2026-05-16 20:35:26+00:00,2026-03-26 06:24:50+00:00,https://github.com/shashankvemuri/Finance,2288,0,1.6845784185233728,0.08426238008815141
120-Data-Science-Interview-Questions,kojino/120-Data-Science-Interview-Questions,kojino,3837,1302,3837,8,64,,,True,True,True,False,False,0,63,2017-12-13 02:29:57+00:00,2026-05-16 22:24:38+00:00,2024-01-18 06:58:39+00:00,https://github.com/kojino/120-Data-Science-Interview-Questions,3077,0,1.246588693957115,0.3392391870766024
scikit-learn-videos,justmarkham/scikit-learn-videos,justmarkham,3788,2534,3788,0,1548,Jupyter Notebook,,True,True,True,False,False,6,52,2015-04-06 02:08:42+00:00,2026-05-16 05:29:22+00:00,2024-03-05 19:22:42+00:00,https://github.com/justmarkham/scikit-learn-videos,4059,1,0.9330049261083744,0.6687780416996569
maestro,Netflix/maestro,Netflix,3777,285,3777,29,2796,Java,Apache License 2.0,True,True,True,False,False,20,40,2024-04-17 01:15:56+00:00,2026-05-17 02:04:18+00:00,2026-05-14 21:27:15+00:00,https://github.com/Netflix/maestro,760,0,4.963206307490145,0.07543673901535204
tablesaw,jtablesaw/tablesaw,jtablesaw,3751,649,3751,143,66317,Java,Apache License 2.0,True,True,True,True,False,15,40,2016-01-01 14:58:28+00:00,2026-05-13 07:50:45+00:00,2026-03-02 01:13:06+00:00,https://github.com/jtablesaw/tablesaw,3788,3,0.9899709685932964,0.17297441364605542
polyaxon,polyaxon/polyaxon,polyaxon,3706,325,3706,124,126687,,Apache License 2.0,True,True,True,False,False,20,71,2016-12-26 12:48:47+00:00,2026-05-12 17:36:50+00:00,2026-04-26 12:23:28+00:00,https://github.com/polyaxon/polyaxon,3428,4,1.0807815689705453,0.08767197194496898
leafmap,opengeos/leafmap,opengeos,3700,460,3700,0,119983,Python,MIT License,True,True,False,True,False,19,109,2021-03-10 00:54:29+00:00,2026-05-15 13:57:46+00:00,2026-05-15 03:25:48+00:00,https://github.com/opengeos/leafmap,1894,1,1.9525065963060686,0.1242907322345312
Andrew-NG-Notes,ashishpatel26/Andrew-NG-Notes,ashishpatel26,3680,1247,3680,3,202047,Jupyter Notebook,,True,True,True,True,False,19,45,2019-06-08 12:44:06+00:00,2026-05-16 14:00:45+00:00,2025-08-01 12:17:07+00:00,https://github.com/ashishpatel26/Andrew-NG-Notes,2534,0,1.4516765285996056,0.33876663950013586
AI-Engineer-Headquarters,hemansnation/AI-Engineer-Headquarters,hemansnation,3670,701,3670,17,108713,Jupyter Notebook,,True,True,True,False,False,19,97,2022-03-29 15:30:22+00:00,2026-05-15 15:35:05+00:00,2025-11-07 16:24:38+00:00,https://github.com/hemansnation/AI-Engineer-Headquarters,1509,1,2.4304635761589406,0.1909561427403977
DataFlow,OpenDCAI/DataFlow,OpenDCAI,3668,373,3668,8,6445,Python,Apache License 2.0,True,True,True,False,False,13,69,2024-10-13 14:45:45+00:00,2026-05-17 06:22:29+00:00,2026-04-15 15:46:28+00:00,https://github.com/OpenDCAI/DataFlow,580,0,6.313253012048193,0.10166257835922594
python-is-cool,chiphuyen/python-is-cool,chiphuyen,3659,574,3659,3,55,Jupyter Notebook,,True,True,True,False,False,5,128,2019-10-21 14:21:10+00:00,2026-05-11 13:56:55+00:00,2019-12-27 04:06:24+00:00,https://github.com/chiphuyen/python-is-cool,2399,5,1.5245833333333334,0.15683060109289618
chartify,spotify/chartify,spotify,3632,330,3632,54,23508,Python,Apache License 2.0,True,True,True,False,False,6,71,2018-09-17 14:12:05+00:00,2026-05-11 06:42:39+00:00,2024-10-16 14:47:17+00:00,https://github.com/spotify/chartify,2798,6,1.2976062879599857,0.09083402146985962
ploomber,ploomber/ploomber,ploomber,3624,241,3624,110,7087,Python,Apache License 2.0,True,True,True,False,True,12,84,2020-01-20 20:13:06+00:00,2026-05-10 19:31:51+00:00,2025-05-29 22:02:03+00:00,https://github.com/ploomber/ploomber,2308,6,1.5695106106539627,0.06648275862068966
AI-ML-Roadmap-from-scratch,aadi1011/AI-ML-Roadmap-from-scratch,aadi1011,3624,691,3624,2,1824,,MIT License,True,True,True,True,False,13,205,2024-05-26 05:26:18+00:00,2026-05-17 04:36:07+00:00,2026-05-03 11:16:20+00:00,https://github.com/aadi1011/AI-ML-Roadmap-from-scratch,721,0,5.019390581717452,0.19062068965517243
GraphScope,alibaba/GraphScope,alibaba,3552,468,3552,462,813574,C++,Apache License 2.0,True,True,False,True,False,10,89,2020-10-28 03:19:33+00:00,2026-05-14 13:07:46+00:00,2026-04-21 12:43:38+00:00,https://github.com/alibaba/GraphScope,2027,2,1.7514792899408285,0.13171967351533914
fastpages,fastai/fastpages,fastai,3545,730,3545,0,91752,Jupyter Notebook,Apache License 2.0,True,True,True,True,True,14,78,2020-02-03 05:19:46+00:00,2026-05-07 18:15:58+00:00,2022-11-13 18:05:19+00:00,https://github.com/fastai/fastpages,2295,9,1.5439895470383276,0.20586576424139877
ml-workspace,ml-tooling/ml-workspace,ml-tooling,3541,459,3541,0,13331,Jupyter Notebook,Apache License 2.0,True,False,False,False,False,20,77,2019-05-27 16:55:15+00:00,2026-04-21 02:44:45+00:00,2024-07-26 07:39:39+00:00,https://github.com/ml-tooling/ml-workspace,2546,26,1.3902630545740087,0.12958780350084698
PySR,MilesCranmer/PySR,MilesCranmer,3541,328,3541,130,8922,Python,Apache License 2.0,True,True,True,True,False,15,56,2020-09-14 11:16:09+00:00,2026-05-16 06:13:50+00:00,2026-05-17 05:53:17+00:00,https://github.com/MilesCranmer/PySR,2070,1,1.7098020280057944,0.09260304912478826
course-nlp,fastai/course-nlp,fastai,3474,1458,3474,54,17096,Jupyter Notebook,,True,True,True,False,False,4,39,2019-05-14 20:39:05+00:00,2026-05-14 16:26:01+00:00,2023-03-22 15:41:27+00:00,https://github.com/fastai/course-nlp,2559,2,1.35703125,0.419568345323741
tensorwatch,microsoft/tensorwatch,microsoft,3468,360,3468,53,22264,Jupyter Notebook,MIT License,True,True,True,False,False,18,84,2019-05-15 08:29:34+00:00,2026-05-15 02:29:09+00:00,2026-03-30 21:27:28+00:00,https://github.com/microsoft/tensorwatch,2558,2,1.3552168815943728,0.10377630441049293
tad,antonycourtney/tad,antonycourtney,3453,126,3453,166,29291,TypeScript,MIT License,True,True,True,True,False,10,60,2016-10-24 18:59:04+00:00,2026-05-16 21:03:55+00:00,2025-03-05 22:46:06+00:00,https://github.com/antonycourtney/tad,3491,0,0.988831615120275,0.03647944412275622
machine-learning,ethen8181/machine-learning,ethen8181,3442,668,3442,6,468511,HTML,MIT License,True,True,True,True,False,6,64,2015-07-24 03:35:49+00:00,2026-05-12 05:36:43+00:00,2026-04-28 04:29:55+00:00,https://github.com/ethen8181/machine-learning,3950,5,0.871171855226525,0.19401684577403427
awesome-python-data-science,krzjoa/awesome-python-data-science,krzjoa,3430,441,3430,10,1549,,Creative Commons Attribution 4.0 International,True,True,True,True,False,11,66,2017-12-21 10:17:53+00:00,2026-05-17 05:45:51+00:00,2026-04-13 07:15:05+00:00,https://github.com/krzjoa/awesome-python-data-science,3068,0,1.1176278918214402,0.12853395511512677
data-science-on-aws,data-science-on-aws/data-science-on-aws,data-science-on-aws,3428,1088,3428,80,1380148,Jupyter Notebook,Apache License 2.0,True,True,True,False,False,0,64,2020-02-29 19:33:58+00:00,2026-05-13 20:32:44+00:00,2024-07-31 02:44:53+00:00,https://github.com/data-science-on-aws/data-science-on-aws,2268,3,1.510797708241516,0.31729367162438027
rio,rio-labs/rio,rio-labs,3406,136,3406,76,34090,Python,Apache License 2.0,True,True,True,False,False,11,58,2024-04-13 17:24:38+00:00,2026-05-17 02:57:55+00:00,2026-05-12 06:53:03+00:00,https://github.com/rio-labs/rio,763,0,4.458115183246074,0.03991781626063986
koalas,databricks/koalas,databricks,3375,370,3375,107,12259,Python,Apache License 2.0,True,True,True,False,False,7,34,2019-01-03 21:46:54+00:00,2026-05-16 08:06:09+00:00,2024-03-20 15:33:34+00:00,https://github.com/databricks/koalas,2690,0,1.254180602006689,0.10959715639810426
prediction-market-analysis,Jon-Becker/prediction-market-analysis,Jon-Becker,3368,472,3368,5,993,Python,MIT License,True,True,True,False,False,7,161,2025-11-22 16:59:25+00:00,2026-05-17 04:42:38+00:00,2026-05-09 21:32:39+00:00,https://github.com/Jon-Becker/prediction-market-analysis,175,0,19.136363636363637,0.14010092015434847
mlops-course,GokuMohandas/mlops-course,GokuMohandas,3358,593,3358,1,7509,Jupyter Notebook,MIT License,True,True,True,True,False,12,85,2020-11-12 03:05:00+00:00,2026-05-16 23:28:53+00:00,2024-08-16 05:27:56+00:00,https://github.com/GokuMohandas/mlops-course,2012,0,1.6681569796323894,0.17654063709437331
python-causality-handbook,matheusfacure/python-causality-handbook,matheusfacure,3350,606,3350,92,48525,Jupyter Notebook,MIT License,True,True,True,True,False,7,130,2020-04-15 12:01:22+00:00,2026-05-16 12:35:37+00:00,2026-04-08 22:42:16+00:00,https://github.com/matheusfacure/python-causality-handbook,2222,0,1.5069725596041386,0.18084153983885407
Data-Science-Interview-Resources,rbhatia46/Data-Science-Interview-Resources,rbhatia46,3340,758,3340,18,310,,MIT License,True,True,True,False,False,8,158,2018-11-22 19:48:36+00:00,2026-05-16 15:38:00+00:00,2024-08-07 14:03:16+00:00,https://github.com/rbhatia46/Data-Science-Interview-Resources,2732,0,1.2221002561287961,0.22687818018557318
pybroker,edtechre/pybroker,edtechre,3320,433,3320,9,5186,Python,Other,True,True,True,False,False,17,51,2023-01-16 01:11:52+00:00,2026-05-17 03:07:38+00:00,2026-05-11 04:07:54+00:00,https://github.com/edtechre/pybroker,1217,0,2.7257799671592773,0.13038241493526045
Machine-Learning-with-Python,tirthajyoti/Machine-Learning-with-Python,tirthajyoti,3312,1836,3312,9,101368,Jupyter Notebook,"BSD 2-Clause ""Simplified"" License",True,True,True,True,False,20,91,2017-07-17 03:06:13+00:00,2026-05-16 05:58:08+00:00,2023-05-22 22:28:39+00:00,https://github.com/tirthajyoti/Machine-Learning-with-Python,3226,1,1.0263402541059807,0.5541805010564443
Book7_Visualizations-for-Machine-Learning,Visualize-ML/Book7_Visualizations-for-Machine-Learning,Visualize-ML,3267,604,3267,0,274176,Jupyter Notebook,,True,True,True,False,False,6,40,2022-10-11 01:25:25+00:00,2026-05-15 15:29:01+00:00,2026-05-01 14:41:33+00:00,https://github.com/Visualize-ML/Book7_Visualizations-for-Machine-Learning,1314,1,2.4844106463878326,0.18482252141982863
mljar-supervised,mljar/mljar-supervised,mljar,3260,434,3260,150,9849,Python,MIT License,True,True,True,False,False,18,133,2018-11-05 12:58:04+00:00,2026-05-16 20:50:33+00:00,2026-05-16 20:50:28+00:00,https://github.com/mljar/mljar-supervised,2749,0,1.1854545454545455,0.1330880098129408
determined,determined-ai/determined,determined-ai,3225,372,3225,106,207776,Go,Apache License 2.0,True,True,False,True,False,14,196,2020-04-07 16:12:29+00:00,2026-05-15 03:34:39+00:00,2025-03-20 19:09:46+00:00,https://github.com/determined-ai/determined,2230,2,1.4455401165396684,0.1153130812151271
Data-science-best-resources,tirthajyoti/Data-science-best-resources,tirthajyoti,3201,1011,3201,12,9369,,MIT License,True,True,True,True,False,20,62,2018-12-27 03:51:46+00:00,2026-05-16 19:29:18+00:00,2024-08-17 07:00:25+00:00,https://github.com/tirthajyoti/Data-science-best-resources,2698,0,1.1859948128936644,0.31574016239850095
interactive,dotnet/interactive,dotnet,3199,456,3199,571,114066,C#,MIT License,True,True,True,False,True,10,219,2020-01-22 00:39:04+00:00,2026-05-14 23:26:38+00:00,2026-04-27 18:47:24+00:00,https://github.com/dotnet/interactive,2307,2,1.3860485268630849,0.1425
spark-notebook,spark-notebook/spark-notebook,spark-notebook,3150,644,3150,207,16539,JavaScript,Apache License 2.0,True,True,True,False,False,6,60,2014-09-05 19:35:25+00:00,2026-04-10 11:54:12+00:00,2023-05-16 16:06:37+00:00,https://github.com/spark-notebook/spark-notebook,4271,36,0.7373595505617978,0.20437956204379562
dtreeviz,parrt/dtreeviz,parrt,3148,340,3148,75,198119,Jupyter Notebook,MIT License,True,True,False,False,False,9,74,2018-08-13 21:45:15+00:00,2026-05-16 17:01:52+00:00,2026-01-02 18:39:55+00:00,https://github.com/parrt/dtreeviz,2833,0,1.1107974594213126,0.10797078437599238
igel,nidhaloff/igel,nidhaloff,3136,206,3136,18,19593,Python,MIT License,True,True,True,False,False,18,102,2020-08-27 20:54:59+00:00,2026-05-16 05:58:50+00:00,2025-12-07 18:25:00+00:00,https://github.com/nidhaloff/igel,2088,1,1.5011967448539971,0.06566783551163533
ml-glossary,bfortuner/ml-glossary,bfortuner,3118,729,3118,24,8350,Python,MIT License,True,True,True,False,False,6,25,2017-04-20 16:05:19+00:00,2026-05-16 05:58:04+00:00,2024-08-08 03:16:06+00:00,https://github.com/bfortuner/ml-glossary,3313,1,0.9408569704284853,0.23372875921769798
sweetviz,fbdesignpro/sweetviz,fbdesignpro,3099,288,3099,41,16036,Python,MIT License,True,True,True,True,False,13,86,2020-05-09 15:25:47+00:00,2026-05-16 13:54:54+00:00,2026-04-11 19:21:12+00:00,https://github.com/fbdesignpro/sweetviz,2198,0,1.4092769440654842,0.09290322580645162
xlearn,aksnzhy/xlearn,aksnzhy,3097,515,3097,194,11184,C++,Apache License 2.0,True,True,True,False,False,7,207,2017-06-10 08:09:31+00:00,2026-05-12 05:37:40+00:00,2023-08-28 05:14:10+00:00,https://github.com/aksnzhy/xlearn,3262,5,0.9491265706405149,0.16623628147191738
shogun,shogun-toolbox/shogun,shogun-toolbox,3065,1032,3065,423,74465,C++,"BSD 3-Clause ""New"" or ""Revised"" License",True,True,True,False,False,6,6,2011-04-01 10:44:32+00:00,2026-05-17 03:26:22+00:00,2023-12-19 18:37:18+00:00,https://github.com/shogun-toolbox/shogun,5524,0,0.5547511312217195,0.33659491193737767
stellargraph,stellargraph/stellargraph,stellargraph,3057,440,3057,326,97013,Python,Apache License 2.0,True,False,False,False,False,19,41,2018-04-13 07:35:51+00:00,2026-05-14 08:55:53+00:00,2024-04-10 12:25:23+00:00,https://github.com/stellargraph/stellargraph,2955,2,1.034167794316644,0.14388489208633093
geoai,opengeos/geoai,opengeos,3028,438,3028,8,133062,Python,MIT License,True,True,False,True,False,12,50,2023-08-11 20:05:04+00:00,2026-05-17 05:53:09+00:00,2026-05-15 14:42:24+00:00,https://github.com/opengeos/geoai,1009,0,2.998019801980198,0.14460217893694288
free-data-science-books,chaconnewu/free-data-science-books,chaconnewu,3016,1098,3016,3,52,,The Unlicense,True,True,True,False,False,0,40,2013-11-26 21:45:11+00:00,2026-05-16 15:38:52+00:00,2024-06-05 11:27:34+00:00,https://github.com/chaconnewu/free-data-science-books,4554,0,0.6621295279912185,0.3639376864434869
ffcv,libffcv/ffcv,libffcv,2990,183,2990,121,3449,Python,Apache License 2.0,True,True,True,True,False,3,60,2021-10-13 17:03:39+00:00,2026-05-11 20:55:18+00:00,2024-06-16 15:59:22+00:00,https://github.com/libffcv/ffcv,1676,5,1.7829457364341086,0.06118355065195587
data-diff,datafold/data-diff,datafold,2987,305,2987,0,4172,Python,MIT License,True,True,False,False,True,20,41,2022-03-07 15:29:23+00:00,2026-05-16 09:08:55+00:00,2024-05-17 13:45:03+00:00,https://github.com/datafold/data-diff,1531,0,1.9497389033942558,0.10207496653279786
LearnDataScience,nborwankar/LearnDataScience,nborwankar,2978,1640,2978,4,148451,Jupyter Notebook,Other,True,True,True,True,False,0,55,2013-07-26 02:37:24+00:00,2026-05-11 17:44:32+00:00,2025-05-24 04:19:20+00:00,https://github.com/nborwankar/LearnDataScience,4678,5,0.6364607822184227,0.5505203088284659
DataFrame,hosseinmoein/DataFrame,hosseinmoein,2955,356,2955,0,51263,C++,"BSD 3-Clause ""New"" or ""Revised"" License",True,True,True,True,False,17,71,2017-10-28 17:25:45+00:00,2026-05-15 18:57:44+00:00,2026-05-15 18:57:39+00:00,https://github.com/hosseinmoein/DataFrame,3122,1,0.9462055715658021,0.12043301759133965
stanford-cs-221-artificial-intelligence,afshinea/stanford-cs-221-artificial-intelligence,afshinea,2946,557,2946,4,10548,,MIT License,True,True,True,False,False,7,61,2019-05-24 05:16:45+00:00,2026-05-15 14:32:13+00:00,2019-12-17 05:18:38+00:00,https://github.com/afshinea/stanford-cs-221-artificial-intelligence,2550,1,1.1548412387299098,0.18900576857821513
QuantResearch,letianzj/QuantResearch,letianzj,2924,565,2924,1,26975,Jupyter Notebook,MIT License,True,True,True,False,False,20,47,2020-06-27 02:38:42+00:00,2026-05-16 08:55:41+00:00,2023-08-26 12:16:05+00:00,https://github.com/letianzj/QuantResearch,2150,0,1.3593677359367735,0.19316239316239317
deepnote,deepnote/deepnote,deepnote,2904,194,2904,21,394740,TypeScript,Apache License 2.0,True,False,False,False,False,15,297,2025-09-29 15:24:25+00:00,2026-05-16 01:19:31+00:00,2026-05-15 10:23:23+00:00,https://github.com/deepnote/deepnote,229,1,12.626086956521739,0.06678141135972461
Papers-Literature-ML-DL-RL-AI,tirthajyoti/Papers-Literature-ML-DL-RL-AI,tirthajyoti,2888,808,2888,1,518862,,MIT License,True,True,True,True,False,17,114,2018-01-16 06:25:18+00:00,2026-05-16 08:49:44+00:00,2023-02-18 08:00:16+00:00,https://github.com/tirthajyoti/Papers-Literature-ML-DL-RL-AI,3043,0,0.9487516425755584,0.2796815507095881
whylogs,whylabs/whylogs,whylabs,2820,140,2820,3,189731,Jupyter Notebook,Apache License 2.0,True,True,True,True,False,18,234,2020-08-14 23:25:32+00:00,2026-05-16 09:09:05+00:00,2025-01-10 20:14:49+00:00,https://github.com/whylabs/whylogs,2101,0,1.3415794481446242,0.04962779156327544
deep-learning-book,rasbt/deep-learning-book,rasbt,2818,742,2818,6,11676,Jupyter Notebook,Other,True,True,True,False,False,8,124,2016-12-18 07:15:40+00:00,2026-05-15 12:29:40+00:00,2020-10-02 04:02:21+00:00,https://github.com/rasbt/deep-learning-book,3436,1,0.8199010765202212,0.26321390564029795
eli5,TeamHG-Memex/eli5,TeamHG-Memex,2777,327,2777,162,37435,Jupyter Notebook,MIT License,True,True,True,False,False,10,96,2016-09-15 01:04:57+00:00,2026-05-14 19:07:19+00:00,2026-04-08 21:01:12+00:00,https://github.com/TeamHG-Memex/eli5,3531,2,0.7862400906002265,0.11771058315334773
PythonDataScience-Collections,hi-weijun/PythonDataScience-Collections,hi-weijun,2718,411,2718,5,83,,,True,True,True,False,False,0,43,2019-12-20 08:03:25+00:00,2026-05-16 05:58:40+00:00,2026-05-13 15:04:31+00:00,https://github.com/hi-weijun/PythonDataScience-Collections,2339,1,1.1615384615384616,0.1511585141596175
Learn_Data_Science_in_3_Months,llSourcell/Learn_Data_Science_in_3_Months,llSourcell,2693,959,2693,9,7,,,True,True,True,False,False,0,85,2018-10-30 06:47:34+00:00,2026-04-16 08:08:52+00:00,2020-12-04 04:51:25+00:00,https://github.com/llSourcell/Learn_Data_Science_in_3_Months,2755,30,0.9771407837445574,0.35597624350408313
chdb,chdb-io/chdb,chdb-io,2685,113,2685,50,935695,Python,Apache License 2.0,True,True,True,False,False,10,62,2023-02-25 13:35:14+00:00,2026-05-16 20:04:23+00:00,2026-05-13 14:01:29+00:00,https://github.com/chdb-io/chdb,1176,0,2.2812234494477486,0.042069992553983616
Book6_First-Course-in-Data-Science,Visualize-ML/Book6_First-Course-in-Data-Science,Visualize-ML,2663,476,2663,1,183157,Jupyter Notebook,,True,True,True,False,False,6,57,2022-10-11 01:24:38+00:00,2026-05-17 02:22:19+00:00,2026-05-01 14:41:59+00:00,https://github.com/Visualize-ML/Book6_First-Course-in-Data-Science,1314,0,2.0250950570342203,0.17867867867867868
Data-Science-Projects,veb-101/Data-Science-Projects,veb-101,2657,628,2657,8,26861,Jupyter Notebook,,True,True,True,False,False,0,45,2020-05-07 20:17:47+00:00,2026-05-17 05:20:04+00:00,2023-11-11 19:46:32+00:00,https://github.com/veb-101/Data-Science-Projects,2200,0,1.2071785552021808,0.236267870579383
mito,mito-ds/mito,mito-ds,2633,207,2633,301,397236,Jupyter Notebook,Other,True,True,True,False,False,12,104,2022-01-20 17:13:19+00:00,2026-05-14 10:19:01+00:00,2026-05-15 22:13:17+00:00,https://github.com/mito-ds/mito,1577,2,1.6685678073510772,0.0785876993166287
Complete-Data-Science-With-Machine-Learning-And-NLP-2024,krishnaik06/Complete-Data-Science-With-Machine-Learning-And-NLP-2024,krishnaik06,2598,3077,2598,7,72582,Jupyter Notebook,MIT License,True,True,True,False,False,0,0,2024-06-02 10:41:33+00:00,2026-05-16 20:37:39+00:00,2024-07-10 18:20:22+00:00,https://github.com/krishnaik06/Complete-Data-Science-With-Machine-Learning-And-NLP-2024,713,0,3.638655462184874,1.1839168911119662
football_analytics,eddwebster/football_analytics,eddwebster,2585,342,2585,3,1176278,Jupyter Notebook,,True,True,True,False,False,20,201,2020-09-01 14:28:18+00:00,2026-05-16 22:29:46+00:00,2025-10-09 10:51:47+00:00,https://github.com/eddwebster/football_analytics,2083,0,1.2404030710172744,0.13225058004640372
Data-Science-Cheatsheet,ml874/Data-Science-Cheatsheet,ml874,2574,610,2574,5,3688,TeX,,True,True,True,False,False,0,0,2018-08-10 21:02:47+00:00,2026-05-16 20:36:57+00:00,2022-09-18 14:59:37+00:00,https://github.com/ml874/Data-Science-Cheatsheet,2836,0,0.9072964399013042,0.23689320388349513
lifelines,CamDavidsonPilon/lifelines,CamDavidsonPilon,2571,566,2571,285,45437,Python,MIT License,True,True,True,False,False,7,27,2013-08-28 00:16:42+00:00,2026-05-14 09:35:05+00:00,2026-03-07 01:40:07+00:00,https://github.com/CamDavidsonPilon/lifelines,4645,2,0.5533792509685751,0.22006220839813376
gopup,justinzm/gopup,justinzm,2558,385,2558,67,706,Python,,True,True,True,False,False,9,69,2020-03-20 11:33:00+00:00,2026-05-14 08:20:38+00:00,2023-09-15 04:10:37+00:00,https://github.com/justinzm/gopup,2248,2,1.1373943975100045,0.15044939429464635
Linear-Algebra-With-Python,weijie-chen/Linear-Algebra-With-Python,weijie-chen,2554,616,2554,3,20554,Jupyter Notebook,MIT License,False,True,True,True,False,20,393,2020-06-01 19:07:55+00:00,2026-05-11 10:11:15+00:00,2024-09-05 16:40:42+00:00,https://github.com/weijie-chen/Linear-Algebra-With-Python,2175,5,1.1737132352941178,0.2410958904109589
charming,yuankunzhang/charming,yuankunzhang,2550,112,2550,24,2957,Rust,Apache License 2.0,True,True,True,False,False,5,32,2023-06-29 15:28:29+00:00,2026-05-15 06:07:25+00:00,2026-01-16 09:09:40+00:00,https://github.com/yuankunzhang/charming,1052,2,2.421652421652422,0.04390435123480988
DataScienceInteractivePython,GeostatsGuy/DataScienceInteractivePython,GeostatsGuy,2527,459,2527,6,7667,Jupyter Notebook,Creative Commons Attribution Share Alike 4.0 International,True,True,True,False,False,0,55,2024-03-26 14:37:10+00:00,2026-05-15 19:57:34+00:00,2026-05-15 19:57:25+00:00,https://github.com/GeostatsGuy/DataScienceInteractivePython,781,1,3.231457800511509,0.18156645569620253
supabase-py,supabase/supabase-py,supabase,2509,484,2509,19,4222,Python,MIT License,True,False,False,False,False,15,195,2020-08-28 06:29:30+00:00,2026-05-14 22:03:33+00:00,2026-05-13 14:52:52+00:00,https://github.com/supabase/supabase-py,2088,2,1.2010531354715175,0.19282868525896416
hamilton,apache/hamilton,apache,2487,187,2487,141,181163,Jupyter Notebook,Apache License 2.0,True,True,True,True,False,19,187,2023-02-23 17:16:48+00:00,2026-05-16 20:40:43+00:00,2026-05-16 19:47:45+00:00,https://github.com/apache/hamilton,1178,0,2.10941475826972,0.07516077170418006
awesome-public-real-time-datasets,bytewax/awesome-public-real-time-datasets,bytewax,2467,196,2467,3,105,,Creative Commons Zero v1.0 Universal,True,True,True,False,False,7,94,2023-05-25 16:33:28+00:00,2026-05-17 03:58:24+00:00,2026-04-13 03:07:34+00:00,https://github.com/bytewax/awesome-public-real-time-datasets,1087,0,2.2674632352941178,0.07941653160453808
causalnex,mckinsey/causalnex,mckinsey,2464,289,2464,36,23919,Python,Other,True,True,False,False,False,8,97,2019-12-12 15:26:09+00:00,2026-05-17 02:37:49+00:00,2024-06-26 08:22:56+00:00,https://github.com/mckinsey/causalnex,2347,0,1.049403747870528,0.11724137931034483
lgo,yunabe/lgo,yunabe,2458,118,2458,24,992,Go,"BSD 3-Clause ""New"" or ""Revised"" License",True,True,True,False,False,7,39,2017-10-05 15:29:10+00:00,2026-05-06 03:02:00+00:00,2020-11-20 07:01:33+00:00,https://github.com/yunabe/lgo,3145,11,0.7813095994914177,0.04798698657991053
scanpy,scverse/scanpy,scverse,2457,742,2457,571,45506,Python,"BSD 3-Clause ""New"" or ""Revised"" License",True,True,False,True,False,9,54,2017-01-29 11:31:11+00:00,2026-05-17 03:39:05+00:00,2026-05-16 20:37:49+00:00,https://github.com/scverse/scanpy,3394,0,0.7237113402061855,0.3018714401952807
hyperlearn,unslothai/hyperlearn,unslothai,2457,160,2457,2,48965,Jupyter Notebook,Apache License 2.0,True,True,True,False,False,16,84,2018-08-27 16:00:47+00:00,2026-05-16 18:34:13+00:00,2024-11-19 02:09:54+00:00,https://github.com/unslothai/hyperlearn,2819,0,0.8712765957446809,0.06509357200976404
CS-Ebook,lining808/CS-Ebook,lining808,2447,179,2447,0,55499,Python,,True,True,True,False,False,6,47,2023-03-25 08:10:33+00:00,2026-05-10 10:08:03+00:00,2025-10-24 09:34:52+00:00,https://github.com/lining808/CS-Ebook,1148,6,2.1296779808529154,0.07312091503267974
awesome-community-detection,benedekrozemberczki/awesome-community-detection,benedekrozemberczki,2442,357,2442,0,2329,Python,Creative Commons Zero v1.0 Universal,True,True,True,False,False,20,76,2018-10-10 15:17:30+00:00,2026-05-14 04:39:52+00:00,2025-12-20 17:06:00+00:00,https://github.com/benedekrozemberczki/awesome-community-detection,2775,3,0.8796829971181557,0.14613180515759314
torchmetrics,Lightning-AI/torchmetrics,Lightning-AI,2436,486,2436,128,13865,Python,Apache License 2.0,True,True,False,False,False,7,72,2020-12-22 20:02:42+00:00,2026-05-16 11:24:47+00:00,2026-05-12 05:27:00+00:00,https://github.com/Lightning-AI/torchmetrics,1971,0,1.2352941176470589,0.19942552318424292
scikit-plot,reiinakano/scikit-plot,reiinakano,2434,287,2434,32,3119,Python,MIT License,True,True,True,False,False,6,75,2017-02-04 06:22:59+00:00,2026-04-23 14:38:28+00:00,2024-08-20 05:47:39+00:00,https://github.com/reiinakano/scikit-plot,3389,23,0.7179941002949852,0.11786447638603696
CodeSearchNet,github/CodeSearchNet,github,2434,409,2434,14,30039,Jupyter Notebook,MIT License,True,True,True,False,True,20,68,2019-02-28 17:22:54+00:00,2026-05-15 15:18:13+00:00,2022-01-31 09:25:07+00:00,https://github.com/github/CodeSearchNet,2634,1,0.923719165085389,0.1679671457905544
metarank,metarank/metarank,metarank,2433,110,2433,127,24880,Scala,Apache License 2.0,True,True,True,False,False,13,173,2020-08-19 17:16:08+00:00,2026-05-14 10:50:46+00:00,2025-09-24 16:56:42+00:00,https://github.com/metarank/metarank,2096,2,1.1602288984263234,0.04519309778142974
datascience-pizza,PizzaDeDados/datascience-pizza,PizzaDeDados,2431,482,2431,11,882,,Mozilla Public License 2.0,True,False,False,True,False,5,157,2017-07-18 20:37:32+00:00,2026-05-13 18:02:34+00:00,2024-04-05 17:42:33+00:00,https://github.com/PizzaDeDados/datascience-pizza,3224,3,0.753798449612403,0.1981907894736842
data-science-question-answer,jayinai/data-science-question-answer,jayinai,2415,649,2415,5,2424,Jupyter Notebook,MIT License,True,True,True,False,False,7,53,2018-01-15 01:39:56+00:00,2026-05-06 08:29:12+00:00,2022-10-06 14:35:19+00:00,https://github.com/jayinai/data-science-question-answer,3044,10,0.7931034482758621,0.26862582781456956
OSINT_Collection,Ph055a/OSINT_Collection,Ph055a,2358,282,2358,24,124,,,True,True,True,False,True,9,73,2018-02-26 04:46:31+00:00,2026-05-15 05:40:23+00:00,2024-08-03 12:41:05+00:00,https://github.com/Ph055a/OSINT_Collection,3002,2,0.7852147852147852,0.1195421788893599
ml-retreat,hesamsheikh/ml-retreat,hesamsheikh,2339,252,2339,0,267343,Jupyter Notebook,,True,True,True,False,False,8,62,2024-09-18 19:34:16+00:00,2026-05-15 20:06:28+00:00,2025-09-08 14:23:19+00:00,https://github.com/hesamsheikh/ml-retreat,605,1,3.8597359735973598,0.1076923076923077
zasper,zasper-io/zasper,zasper-io,2321,71,2321,12,11222,TypeScript,GNU Affero General Public License v3.0,True,True,True,False,False,5,41,2024-08-22 21:07:26+00:00,2026-05-13 02:09:08+00:00,2026-03-09 18:15:17+00:00,https://github.com/zasper-io/zasper,632,4,3.6666666666666665,0.0305770887166236
autolabel,refuel-ai/autolabel,refuel-ai,2316,160,2316,82,53851,Python,MIT License,True,True,True,True,False,11,48,2023-03-23 00:11:13+00:00,2026-05-15 07:46:20+00:00,2025-03-05 01:15:43+00:00,https://github.com/refuel-ai/autolabel,1151,1,2.0104166666666665,0.06905481225722918
claimed,claimed-framework/claimed,claimed-framework,2307,3939,2307,0,318964,Jupyter Notebook,Apache License 2.0,True,True,True,True,False,2,123,2018-05-21 17:13:20+00:00,2026-05-13 07:19:38+00:00,2026-04-15 15:06:32+00:00,https://github.com/claimed-framework/claimed,2917,3,0.7906100068540096,1.7066724436741767
awesome-business-intelligence,thenaturalist/awesome-business-intelligence,thenaturalist,2291,295,2291,23,181,,MIT License,True,True,True,False,False,8,55,2017-06-08 13:34:02+00:00,2026-05-16 08:16:34+00:00,2024-08-21 11:08:26+00:00,https://github.com/thenaturalist/awesome-business-intelligence,3264,0,0.7016845329249617,0.12870855148342059
sketch,approximatelabs/sketch,approximatelabs,2285,121,2285,8,9421,Python,MIT License,True,True,True,False,False,16,55,2022-07-14 01:54:07+00:00,2026-05-15 21:16:48+00:00,2024-02-08 15:15:58+00:00,https://github.com/approximatelabs/sketch,1403,1,1.6274928774928774,0.052930883639545054
ArcticDB,man-group/ArcticDB,man-group,2277,181,2277,283,233897,C++,Other,True,True,True,True,False,10,106,2022-11-11 09:09:46+00:00,2026-05-15 20:52:09+00:00,2026-05-16 17:47:20+00:00,https://github.com/man-group/ArcticDB,1282,1,1.774746687451286,0.07945566286215978
SGX-Full-OrderBook-Tick-Data-Trading-Strategy,rorysroes/SGX-Full-OrderBook-Tick-Data-Trading-Strategy,rorysroes,2271,692,2271,5,87657,Jupyter Notebook,,True,True,True,False,False,19,145,2016-07-21 05:14:14+00:00,2026-05-15 20:18:48+00:00,2022-08-27 20:48:46+00:00,https://github.com/rorysroes/SGX-Full-OrderBook-Tick-Data-Trading-Strategy,3587,1,0.632943143812709,0.3045774647887324
awesome-streamlit,MarcSkovMadsen/awesome-streamlit,MarcSkovMadsen,2264,367,2264,31,120451,HTML,Creative Commons Attribution Share Alike 4.0 International,True,True,True,False,False,15,88,2019-10-06 02:07:49+00:00,2026-05-16 13:55:00+00:00,2023-05-25 17:22:46+00:00,https://github.com/MarcSkovMadsen/awesome-streamlit,2415,0,0.9370860927152318,0.1620309050772627
lazynlp,chiphuyen/lazynlp,chiphuyen,2257,323,2257,10,38,Python,,True,True,True,False,False,8,65,2019-02-27 23:23:19+00:00,2026-05-11 00:46:29+00:00,2020-11-11 12:16:30+00:00,https://github.com/chiphuyen/lazynlp,2635,6,0.8562215477996965,0.14304694419840566
datasciencecoursera,mGalarnyk/datasciencecoursera,mGalarnyk,2253,2091,2253,28,34642,HTML,,True,True,True,False,False,6,107,2016-12-27 03:59:24+00:00,2026-05-13 12:06:21+00:00,2023-03-08 05:23:11+00:00,https://github.com/mGalarnyk/datasciencecoursera,3428,3,0.6570428696412949,0.9276841171251109
pandas-videos,justmarkham/pandas-videos,justmarkham,2251,1933,2251,0,1927,Jupyter Notebook,,True,True,True,False,False,7,58,2016-03-31 17:39:41+00:00,2026-05-07 03:52:14+00:00,2024-03-05 19:28:51+00:00,https://github.com/justmarkham/pandas-videos,3698,10,0.6085428494187618,0.8583481349911191
dataprep,sfu-db/dataprep,sfu-db,2242,224,2242,165,224360,Python,MIT License,True,True,True,True,False,13,135,2019-05-12 22:37:24+00:00,2026-05-17 03:43:03+00:00,2024-06-27 16:57:45+00:00,https://github.com/sfu-db/dataprep,2561,0,0.8750975800156128,0.09986625055728934
feature_engine,feature-engine/feature_engine,feature-engine,2238,342,2238,80,16216,Python,"BSD 3-Clause ""New"" or ""Revised"" License",True,True,True,False,False,7,85,2018-12-31 01:47:18+00:00,2026-05-16 21:06:08+00:00,2026-03-28 14:24:33+00:00,https://github.com/feature-engine/feature_engine,2694,0,0.8304267161410018,0.1527467619472979
Wooey,wooey/Wooey,wooey,2226,190,2226,56,3554,Python,"BSD 3-Clause ""New"" or ""Revised"" License",True,True,True,False,False,7,63,2015-03-01 16:47:05+00:00,2026-05-16 04:27:25+00:00,2026-05-11 18:07:57+00:00,https://github.com/wooey/Wooey,4094,1,0.5435897435897435,0.08531656937584194
pretzelai,pretzelai/pretzelai,pretzelai,2188,157,2188,36,276811,TypeScript,Other,True,True,True,False,False,20,44,2024-03-12 19:51:02+00:00,2026-05-16 03:41:33+00:00,2024-12-01 10:36:53+00:00,https://github.com/pretzelai/pretzelai,795,1,2.748743718592965,0.07172224760164458
www.mlcompendium.com,orico/www.mlcompendium.com,orico,2187,235,2187,0,15996,,,True,True,True,False,False,14,222,2021-08-09 03:50:41+00:00,2026-05-16 08:09:57+00:00,2025-06-19 16:59:50+00:00,https://github.com/orico/www.mlcompendium.com,1742,0,1.2547332185886402,0.10740402193784278
tv,alexhallam/tv,alexhallam,2155,40,2155,29,42286,Rust,MIT License,True,True,True,False,False,19,115,2021-04-30 13:18:16+00:00,2026-05-15 00:28:47+00:00,2025-08-21 00:29:44+00:00,https://github.com/alexhallam/tv,1842,2,1.1692892023874117,0.01855287569573284
splink,moj-analytical-services/splink,moj-analytical-services,2154,236,2154,212,113048,Python,MIT License,True,True,True,True,False,11,93,2019-11-22 14:27:33+00:00,2026-05-16 22:30:02+00:00,2026-05-15 14:45:38+00:00,https://github.com/moj-analytical-services/splink,2367,0,0.9096283783783784,0.10951276102088167
arcgis-python-api,Esri/arcgis-python-api,Esri,2146,1149,2146,81,3902014,Python,Apache License 2.0,True,True,True,True,False,9,51,2016-03-16 01:09:14+00:00,2026-05-14 18:45:05+00:00,2026-05-13 14:32:57+00:00,https://github.com/Esri/arcgis-python-api,3714,2,0.5776581426648721,0.5351653469958081
the-turing-way,the-turing-way/the-turing-way,the-turing-way,2143,746,2143,592,722752,TeX,Other,True,True,False,False,False,3,107,2018-11-01 12:32:50+00:00,2026-05-16 11:10:35+00:00,2026-05-12 16:12:16+00:00,https://github.com/the-turing-way/the-turing-way,2753,0,0.7781408859840232,0.34794776119402987
tensorflow,tensorflow/tensorflow,tensorflow,195130,75305,195130,5308,1324278,C++,Apache License 2.0,True,True,False,False,False,8,54,2015-11-07 01:19:20+00:00,2026-05-17 05:08:44+00:00,2026-05-17 06:38:48+00:00,https://github.com/tensorflow/tensorflow,3844,0,50.749024707412225,0.3859202279494288
prompts.chat,f/prompts.chat,f,162389,21141,162389,45,350896,HTML,Other,True,True,True,True,False,18,166,2022-12-05 13:54:13+00:00,2026-05-17 06:41:37+00:00,2026-05-17 04:28:49+00:00,https://github.com/f/prompts.chat,1258,0,128.9825258141382,0.13018658784407908
transformers,huggingface/transformers,huggingface,160675,33232,160675,2350,498717,Python,Apache License 2.0,True,True,True,False,False,19,172,2018-10-29 13:56:00+00:00,2026-05-17 06:06:27+00:00,2026-05-17 05:43:53+00:00,https://github.com/huggingface/transformers,2756,0,58.27892636924193,0.206826159476213
pytorch,pytorch/pytorch,pytorch,99954,27809,99954,18498,1340758,Python,Other,True,True,True,False,False,8,74,2016-08-13 05:26:41+00:00,2026-05-17 06:16:17+00:00,2026-05-17 06:42:15+00:00,https://github.com/pytorch/pytorch,3564,0,28.037587657784012,0.27821519683857737
LLMs-from-scratch,rasbt/LLMs-from-scratch,rasbt,94954,14546,94954,6,15832,Jupyter Notebook,Other,True,False,False,False,False,16,66,2023-07-23 18:15:57+00:00,2026-05-17 06:28:55+00:00,2026-05-11 14:14:00+00:00,https://github.com/rasbt/LLMs-from-scratch,1028,0,92.27793974732751,0.15318835237744194
cs-video-courses,Developer-Y/cs-video-courses,Developer-Y,81336,11237,81336,4,957,,,False,True,True,False,False,18,53,2016-10-21 17:02:11+00:00,2026-05-17 06:37:59+00:00,2026-05-10 19:22:40+00:00,https://github.com/Developer-Y/cs-video-courses,3494,0,23.272103004291846,0.13815360782915526
funNLP,fighting41love/funNLP,fighting41love,80694,15215,80694,46,174188,Python,,True,True,True,False,False,0,5835,2018-08-21 11:20:39+00:00,2026-05-17 06:09:25+00:00,2024-05-10 07:38:24+00:00,https://github.com/fighting41love/funNLP,2825,0,28.554140127388536,0.18854947642357023
llm-course,mlabonne/llm-course,mlabonne,79388,9226,79388,78,7637,,Apache License 2.0,True,True,True,False,False,5,82,2023-06-17 22:16:25+00:00,2026-05-17 06:05:58+00:00,2026-02-05 13:09:26+00:00,https://github.com/mlabonne/llm-course,1064,0,74.54272300469484,0.11621257353033795
netdata,netdata/netdata,netdata,78834,6439,78834,313,270538,C,GNU General Public License v3.0,True,True,False,False,False,20,77,2013-06-17 18:39:10+00:00,2026-05-17 05:45:25+00:00,2026-05-16 00:35:36+00:00,https://github.com/netdata/netdata,4716,0,16.712741149035402,0.08167692014967971
d2l-zh,d2l-ai/d2l-zh,d2l-ai,77873,12300,77873,129,316965,Python,Apache License 2.0,False,False,False,False,False,8,49,2017-08-23 04:40:24+00:00,2026-05-17 06:15:53+00:00,2024-07-30 09:32:19+00:00,https://github.com/d2l-ai/d2l-zh,3189,0,24.411598746081506,0.15794745357885814
tesseract,tesseract-ocr/tesseract,tesseract-ocr,74122,10624,74122,477,53813,C++,Apache License 2.0,True,True,True,False,False,7,50,2014-08-12 18:04:59+00:00,2026-05-17 05:26:25+00:00,2026-04-27 05:53:42+00:00,https://github.com/tesseract-ocr/tesseract,4295,0,17.25372439478585,0.14332933097688977
awesome-machine-learning,josephmisiti/awesome-machine-learning,josephmisiti,72489,15461,72489,10,2757,Python,Other,True,False,False,True,False,0,78,2014-07-15 19:11:19+00:00,2026-05-17 06:38:05+00:00,2026-05-12 13:17:23+00:00,https://github.com/josephmisiti/awesome-machine-learning,4323,0,16.764338575393154,0.21328459097806593
awesome-scalability,binhnguyennus/awesome-scalability,binhnguyennus,71052,6994,71052,21,1607,,MIT License,False,False,False,True,False,20,70,2017-12-27 03:46:40+00:00,2026-05-17 06:20:39+00:00,2026-01-04 03:51:47+00:00,https://github.com/binhnguyennus/awesome-scalability,3063,0,23.18929503916449,0.09843356367781797
OpenBB,OpenBB-finance/OpenBB,OpenBB-finance,67664,6809,67664,81,2416643,Python,Other,True,True,False,True,False,13,59,2020-12-20 10:46:38+00:00,2026-05-17 06:42:46+00:00,2026-05-17 04:17:23+00:00,https://github.com/OpenBB-finance/OpenBB,1973,0,34.27760891590679,0.10062809428803665
annotated_deep_learning_paper_implementations,labmlai/annotated_deep_learning_paper_implementations,labmlai,66744,6716,66744,32,156370,Python,MIT License,True,True,True,True,False,13,292,2020-08-25 02:29:34+00:00,2026-05-17 03:10:33+00:00,2026-01-22 04:26:00+00:00,https://github.com/labmlai/annotated_deep_learning_paper_implementations,2091,0,31.904397705544934,0.1006217694209304
llm-app,pathwaycom/llm-app,pathwaycom,59712,1433,59712,10,62509,Jupyter Notebook,MIT License,True,True,False,False,False,15,207,2023-07-19 08:43:37+00:00,2026-05-17 05:46:46+00:00,2026-01-07 11:59:38+00:00,https://github.com/pathwaycom/llm-app,1032,0,57.804453049370764,0.023998124361529316
yolov5,ultralytics/yolov5,ultralytics,57377,17478,57377,43,17468,Python,GNU Affero General Public License v3.0,True,True,True,False,False,13,44,2020-05-18 03:45:11+00:00,2026-05-17 05:07:54+00:00,2026-05-06 16:05:11+00:00,https://github.com/ultralytics/yolov5,2190,0,26.187585577361936,0.3046115235804664
ultralytics,ultralytics/ultralytics,ultralytics,57219,11011,57219,321,55089,Python,GNU Affero General Public License v3.0,True,True,True,False,False,20,18,2022-09-11 16:39:45+00:00,2026-05-17 05:46:15+00:00,2026-05-16 15:28:42+00:00,https://github.com/ultralytics/ultralytics,1343,0,42.573660714285715,0.19243271583362462
face_recognition,ageitgey/face_recognition,ageitgey,56407,13739,56407,835,103959,Python,MIT License,True,True,True,False,False,4,75,2017-03-03 21:52:39+00:00,2026-05-17 05:20:51+00:00,2024-08-21 06:22:36+00:00,https://github.com/ageitgey/face_recognition,3361,0,16.777810826888757,0.2435647425897036
faceswap,deepfakes/faceswap,deepfakes,55238,13390,55238,7,205332,Python,GNU General Public License v3.0,True,True,False,True,False,14,26,2017-12-19 09:44:13+00:00,2026-05-17 01:21:38+00:00,2026-05-09 18:27:48+00:00,https://github.com/deepfakes/faceswap,3070,0,17.986974926733964,0.2424012020492768
100-Days-Of-ML-Code,Avik-Jain/100-Days-Of-ML-Code,Avik-Jain,51045,11562,51045,67,10955,,MIT License,False,True,True,True,False,18,21,2018-07-05 09:11:43+00:00,2026-05-16 23:43:50+00:00,2023-12-29 07:57:53+00:00,https://github.com/Avik-Jain/100-Days-Of-ML-Code,2872,0,17.76714235990254,0.22650158680405907
julia,JuliaLang/julia,JuliaLang,48710,5775,48710,4690,367228,Julia,MIT License,True,False,False,False,False,10,30,2011-04-21 07:01:50+00:00,2026-05-17 00:30:17+00:00,2026-05-16 18:40:02+00:00,https://github.com/JuliaLang/julia,5504,0,8.848319709355131,0.11855638356839318
AI-For-Beginners,microsoft/AI-For-Beginners,microsoft,47591,9842,47591,4,1416835,Jupyter Notebook,MIT License,True,True,True,True,False,10,33,2021-03-03 16:27:36+00:00,2026-05-17 06:01:52+00:00,2026-05-09 00:28:43+00:00,https://github.com/microsoft/AI-For-Beginners,1900,0,25.034718569174117,0.20679946209446967
TensorFlow-Examples,aymericdamien/TensorFlow-Examples,aymericdamien,43772,14757,43772,228,10242,Jupyter Notebook,Other,True,True,True,False,False,6,67,2015-11-11 14:21:19+00:00,2026-05-16 21:00:43+00:00,2024-07-26 19:46:13+00:00,https://github.com/aymericdamien/TensorFlow-Examples,3839,0,11.398958333333333,0.3371256253855116
qlib,microsoft/qlib,microsoft,43056,6764,43056,400,17997,Python,MIT License,True,True,True,False,False,18,348,2020-08-14 06:46:00+00:00,2026-05-17 06:42:36+00:00,2026-04-22 07:08:01+00:00,https://github.com/microsoft/qlib,2101,0,20.483349191246432,0.15709408458554938
DeepSpeed,deepspeedai/DeepSpeed,deepspeedai,42344,4830,42344,1300,247098,Python,Apache License 2.0,True,True,False,True,False,13,127,2020-01-23 18:35:18+00:00,2026-05-16 13:32:49+00:00,2026-05-15 12:23:15+00:00,https://github.com/deepspeedai/DeepSpeed,2305,0,18.362532523850824,0.11406305348919589
paperless-ngx,paperless-ngx/paperless-ngx,paperless-ngx,40750,2701,40750,4,185527,Python,GNU General Public License v3.0,True,False,True,True,False,11,105,2022-02-12 21:56:52+00:00,2026-05-17 06:17:28+00:00,2026-05-17 01:11:54+00:00,https://github.com/paperless-ngx/paperless-ngx,1554,0,26.205787781350484,0.0662805820716056
photoprism,photoprism/photoprism,photoprism,39675,2268,39675,472,346953,Go,Other,True,True,False,False,False,8,51,2018-01-27 12:00:15+00:00,2026-05-17 06:13:51+00:00,2026-05-16 19:27:15+00:00,https://github.com/photoprism/photoprism,3031,0,13.08542216358839,0.05716302046577276
supervision,roboflow/supervision,roboflow,39146,3501,39146,105,3421629,Python,MIT License,True,True,False,True,False,19,47,2022-11-28 14:08:44+00:00,2026-05-17 06:39:11+00:00,2026-05-15 03:31:04+00:00,https://github.com/roboflow/supervision,1265,0,30.921011058451818,0.08943214039389992
google-research,google-research/google-research,google-research,37924,8408,37924,1917,1189104,Jupyter Notebook,Apache License 2.0,True,False,False,True,False,3,15,2018-10-04 18:42:48+00:00,2026-05-17 04:39:01+00:00,2026-05-14 06:36:46+00:00,https://github.com/google-research/google-research,2781,0,13.631919482386772,0.22170072511535927
Open-Assistant,LAION-AI/Open-Assistant,LAION-AI,37408,3304,37408,296,35477,Python,Apache License 2.0,True,True,False,True,False,9,149,2022-12-13 05:24:17+00:00,2026-05-17 03:29:34+00:00,2024-08-17 01:55:35+00:00,https://github.com/LAION-AI/Open-Assistant,1251,0,29.878594249201278,0.08832099227458633
Coursera-ML-AndrewNg-Notes,fengdu78/Coursera-ML-AndrewNg-Notes,fengdu78,36949,11180,36949,68,662586,HTML,,True,True,True,True,False,2,16,2017-11-04 10:04:08+00:00,2026-05-17 06:18:19+00:00,2025-08-25 04:02:38+00:00,https://github.com/fengdu78/Coursera-ML-AndrewNg-Notes,3115,0,11.85783055198973,0.30257104194857914
mediapipe,google-ai-edge/mediapipe,google-ai-edge,35217,5977,35217,607,607509,C++,Apache License 2.0,True,True,True,True,False,17,71,2019-06-13 19:16:41+00:00,2026-05-17 06:23:57+00:00,2026-05-16 03:46:49+00:00,https://github.com/google-ai-edge/mediapipe,2529,0,13.919762845849803,0.1697143506161622
ai-engineering-hub,patchy631/ai-engineering-hub,patchy631,35064,5832,35064,115,275730,Jupyter Notebook,MIT License,True,True,True,False,False,6,70,2024-10-21 10:43:24+00:00,2026-05-17 06:00:25+00:00,2026-05-05 23:11:24+00:00,https://github.com/patchy631/ai-engineering-hub,572,0,61.19371727748691,0.16631969200057037
caffe,BVLC/caffe,BVLC,34599,18488,34599,1175,76170,C++,Other,True,True,True,True,False,3,47,2013-09-12 18:39:48+00:00,2026-05-16 20:38:08+00:00,2024-07-31 23:10:28+00:00,https://github.com/BVLC/caffe,4629,0,7.4727861771058315,0.534335260115607
Vane,ItzCrazyKns/Vane,ItzCrazyKns,34432,3770,34432,306,113096,TypeScript,MIT License,True,True,False,False,False,14,39,2024-04-09 10:51:32+00:00,2026-05-17 05:20:56+00:00,2026-04-11 14:33:06+00:00,https://github.com/ItzCrazyKns/Vane,767,0,44.833333333333336,0.10948799117126012
C-Plus-Plus,TheAlgorithms/C-Plus-Plus,TheAlgorithms,34255,7805,34255,36,140614,C++,MIT License,True,True,False,True,False,16,140,2016-07-16 10:19:45+00:00,2026-05-17 04:50:45+00:00,2025-10-11 14:51:22+00:00,https://github.com/TheAlgorithms/C-Plus-Plus,3591,0,9.536469933184856,0.22784329752452126
openpose,CMU-Perceptual-Computing-Lab/openpose,CMU-Perceptual-Computing-Lab,34086,8053,34086,359,86496,C++,Other,True,True,True,True,False,20,102,2017-04-24 14:06:31+00:00,2026-05-16 22:23:53+00:00,2024-08-03 01:59:11+00:00,https://github.com/CMU-Perceptual-Computing-Lab/openpose,3309,0,10.297885196374622,0.23624842315252148
CLIP,openai/CLIP,openai,33501,4007,33501,273,9143,Jupyter Notebook,MIT License,True,False,False,False,False,2,101,2020-12-16 11:24:42+00:00,2026-05-17 06:29:27+00:00,2026-03-25 18:46:40+00:00,https://github.com/openai/CLIP,1977,0,16.936804853387258,0.11960479971344995
netron,lutzroeder/netron,lutzroeder,32896,3118,32896,19,95453,JavaScript,MIT License,True,False,False,False,False,16,72,2010-12-26 12:53:43+00:00,2026-05-16 20:49:53+00:00,2026-05-16 16:17:31+00:00,https://github.com/lutzroeder/netron,5620,0,5.852339441380537,0.09478067908927866
qdrant,qdrant/qdrant,qdrant,31356,2267,31356,533,52540,Rust,Apache License 2.0,True,True,False,True,False,20,165,2020-05-30 21:37:01+00:00,2026-05-17 05:36:01+00:00,2026-05-17 00:41:04+00:00,https://github.com/qdrant/qdrant,2177,0,14.396694214876034,0.07229645693146666
DeepFaceLive,iperov/DeepFaceLive,iperov,30841,1239,30841,1,1540184,Python,GNU General Public License v3.0,True,True,False,False,True,7,51,2020-12-15 12:19:22+00:00,2026-05-17 05:23:31+00:00,2024-11-08 03:07:42+00:00,https://github.com/iperov/DeepFaceLive,1978,0,15.584133400707428,0.04017249205628688
EasyOCR,JaidedAI/EasyOCR,JaidedAI,29456,3573,29456,527,161635,Python,Apache License 2.0,True,True,True,False,False,15,141,2020-03-14 11:46:39+00:00,2026-05-17 04:07:02+00:00,2025-12-05 12:23:12+00:00,https://github.com/JaidedAI/EasyOCR,2254,0,13.062527716186253,0.12129544760158875
machine-learning-for-software-engineers,ZuzooVn/machine-learning-for-software-engineers,ZuzooVn,28773,6178,28773,31,471,,Creative Commons Attribution Share Alike 4.0 International,True,True,True,True,False,5,73,2016-10-09 21:20:25+00:00,2026-05-16 08:23:15+00:00,2024-06-11 04:49:29+00:00,https://github.com/ZuzooVn/machine-learning-for-software-engineers,3506,0,8.204448246364414,0.2147077222492528
linkedin-skill-assessments-quizzes,Ebazhanov/linkedin-skill-assessments-quizzes,Ebazhanov,28743,13002,28743,20,155374,Python,GNU Affero General Public License v3.0,True,True,False,True,False,19,278,2019-07-13 19:52:56+00:00,2026-05-17 04:05:44+00:00,2026-04-26 14:00:19+00:00,https://github.com/Ebazhanov/linkedin-skill-assessments-quizzes,2499,0,11.4972,0.4523378792095742
xgboost,dmlc/xgboost,dmlc,28385,8871,28385,458,36718,C++,Apache License 2.0,True,True,True,False,False,6,188,2014-02-06 17:28:03+00:00,2026-05-17 03:09:56+00:00,2026-05-14 08:00:23+00:00,https://github.com/dmlc/xgboost,4482,0,6.331697523979478,0.3125132107376876
awesome-deep-learning,ChristosChristofidis/awesome-deep-learning,ChristosChristofidis,28216,6327,28216,78,607,,,True,True,True,True,False,9,76,2015-01-02 19:28:35+00:00,2026-05-17 05:17:40+00:00,2025-05-26 12:28:00+00:00,https://github.com/ChristosChristofidis/awesome-deep-learning,4152,0,6.794124729111486,0.2242265301059645
fastai,fastai/fastai,fastai,28005,7663,28005,266,880313,Jupyter Notebook,Apache License 2.0,True,True,True,False,False,8,32,2017-09-09 17:43:36+00:00,2026-05-17 01:02:34+00:00,2026-04-28 19:48:41+00:00,https://github.com/fastai/fastai,3171,0,8.828814627994955,0.273619938584589
Resume-Matcher,srbhr/Resume-Matcher,srbhr,27059,4832,27059,55,161500,TypeScript,Apache License 2.0,True,False,False,False,False,14,119,2020-04-08 03:26:49+00:00,2026-05-17 05:47:51+00:00,2026-05-12 09:43:43+00:00,https://github.com/srbhr/Resume-Matcher,2230,0,12.128641864634693,0.1785661492978566
DeepSpeech,mozilla/DeepSpeech,mozilla,26750,4093,26750,151,50588,C++,Mozilla Public License 2.0,True,True,True,False,True,10,175,2016-06-02 15:04:53+00:00,2026-05-16 06:06:36+00:00,2025-06-19 12:52:51+00:00,https://github.com/mozilla/DeepSpeech,3635,1,7.356985698569857,0.15300362603267167
modular,modular/modular,modular,26158,2822,26158,996,300575,Mojo,Other,True,False,False,True,False,7,42,2023-04-28 22:17:24+00:00,2026-05-17 04:52:58+00:00,2026-05-16 07:25:48+00:00,https://github.com/modular/modular,1114,0,23.460089686098655,0.10787874154210787
awesome-deep-learning-papers,terryum/awesome-deep-learning-papers,terryum,26135,4436,26135,37,147,TeX,,True,True,True,False,False,3,35,2016-06-03 06:48:30+00:00,2026-05-16 20:02:07+00:00,2024-01-18 13:29:44+00:00,https://github.com/terryum/awesome-deep-learning-papers,3634,0,7.189821182943604,0.1697275788184879
mlflow,mlflow/mlflow,mlflow,25970,5741,25970,2088,1463279,Python,Apache License 2.0,True,True,True,True,False,18,247,2018-06-05 16:05:58+00:00,2026-05-17 06:36:06+00:00,2026-05-17 04:21:21+00:00,https://github.com/mlflow/mlflow,2902,0,8.945918015845677,0.22105425282045357
pumpkin-book,datawhalechina/pumpkin-book,datawhalechina,25812,4812,25812,9,11239,,Other,True,True,True,True,False,3,19,2018-12-22 05:05:24+00:00,2026-05-16 11:10:04+00:00,2026-04-22 20:35:48+00:00,https://github.com/datawhalechina/pumpkin-book,2703,0,9.54585798816568,0.1864176965095107
handson-ml,ageron/handson-ml,ageron,25617,12817,25617,146,86914,Jupyter Notebook,Apache License 2.0,True,True,True,False,False,10,81,2016-02-16 19:48:39+00:00,2026-05-15 15:43:17+00:00,2026-03-19 01:06:41+00:00,https://github.com/ageron/handson-ml,3742,1,6.843975420785466,0.5003122804278242
shap,shap/shap,shap,25432,3725,25432,1041,293354,Jupyter Notebook,MIT License,True,True,True,True,False,7,78,2016-11-22 19:17:08+00:00,2026-05-17 00:53:25+00:00,2026-05-16 08:02:18+00:00,https://github.com/shap/shap,3462,0,7.343921455385504,0.14646325639916644
haystack,deepset-ai/haystack,deepset-ai,25250,2786,25250,116,78955,MDX,Apache License 2.0,True,True,False,False,False,20,324,2019-11-14 09:05:28+00:00,2026-05-16 21:23:03+00:00,2026-05-15 15:24:00+00:00,https://github.com/deepset-ai/haystack,2375,0,10.627104377104377,0.11033226406874976
WaveFunctionCollapse,mxgmn/WaveFunctionCollapse,mxgmn,25055,1343,25055,8,31117,C#,Other,True,True,True,False,False,6,95,2016-09-30 11:53:17+00:00,2026-05-16 19:12:42+00:00,2026-03-22 01:25:44+00:00,https://github.com/mxgmn/WaveFunctionCollapse,3515,0,7.1259954493742885,0.05359993614303959
homemade-machine-learning,trekhleb/homemade-machine-learning,trekhleb,24524,4173,24524,29,14467,Jupyter Notebook,MIT License,True,False,False,False,False,7,112,2018-11-01 04:34:19+00:00,2026-05-17 03:03:30+00:00,2025-11-23 04:22:46+00:00,https://github.com/trekhleb/homemade-machine-learning,2754,0,8.901633393829401,0.17015290519877677
cs249r_book,harvard-edge/cs249r_book,harvard-edge,24194,2894,24194,9,2530645,Python,Other,True,True,True,True,False,12,24,2023-09-06 19:31:06+00:00,2026-05-16 21:55:51+00:00,2026-05-16 17:45:21+00:00,https://github.com/harvard-edge/cs249r_book,983,0,24.58739837398374,0.11961148997726803
Paddle,PaddlePaddle/Paddle,PaddlePaddle,23889,5988,23889,1511,551188,C++,Apache License 2.0,True,True,True,False,False,8,125,2016-08-15 06:59:08+00:00,2026-05-16 09:29:55+00:00,2026-05-16 04:11:26+00:00,https://github.com/PaddlePaddle/Paddle,3561,0,6.706625491297024,0.2506488070322311
NLP-progress,sebastianruder/NLP-progress,sebastianruder,22968,3604,22968,40,1399,Python,MIT License,True,True,True,True,False,6,157,2018-06-22 17:43:55+00:00,2026-05-16 07:56:26+00:00,2024-07-28 00:44:25+00:00,https://github.com/sebastianruder/NLP-progress,2885,0,7.958419958419959,0.1569071357046454
learnopencv,spmallick/learnopencv,spmallick,22917,11702,22917,262,3922042,Jupyter Notebook,,True,True,True,False,False,13,39,2015-02-17 08:00:51+00:00,2026-05-17 05:51:35+00:00,2026-05-17 05:51:10+00:00,https://github.com/spmallick/learnopencv,4106,0,5.579985390796201,0.5106030194606859
deepface,serengil/deepface,serengil,22783,3094,22783,9,58477,Python,MIT License,True,True,True,False,False,17,111,2020-02-08 20:42:28+00:00,2026-05-17 04:02:25+00:00,2026-05-13 14:22:15+00:00,https://github.com/serengil/deepface,2289,0,9.948908296943232,0.13579705056179775
nautilus_trader,nautechsystems/nautilus_trader,nautechsystems,22735,2821,22735,62,213721,Rust,GNU Lesser General Public License v3.0,True,True,True,False,False,13,88,2018-06-25 06:26:16+00:00,2026-05-17 05:35:30+00:00,2026-05-17 04:44:09+00:00,https://github.com/nautechsystems/nautilus_trader,2883,0,7.883148404993065,0.12407635467980295
CVPR2026-Papers-with-Code,amusi/CVPR2026-Papers-with-Code,amusi,22564,2790,22564,27,473,,,True,True,True,False,False,20,19,2020-02-26 06:04:25+00:00,2026-05-17 06:12:02+00:00,2026-03-08 07:27:34+00:00,https://github.com/amusi/CVPR2026-Papers-with-Code,2272,0,9.92696876374835,0.12364280966097939
100-Days-Of-ML-Code,MLEveryday/100-Days-Of-ML-Code,MLEveryday,22247,5534,22247,17,44918,Jupyter Notebook,MIT License,True,True,True,False,False,12,22,2018-08-05 13:32:48+00:00,2026-05-16 04:30:22+00:00,2022-04-06 12:01:37+00:00,https://github.com/MLEveryday/100-Days-Of-ML-Code,2841,1,7.827938071780436,0.24874145990650845
C,TheAlgorithms/C,TheAlgorithms,22053,4749,22053,20,20365,C,GNU General Public License v3.0,True,True,False,True,False,19,140,2016-07-16 10:17:03+00:00,2026-05-16 19:51:28+00:00,2024-08-07 21:56:16+00:00,https://github.com/TheAlgorithms/C,3591,0,6.139476614699332,0.21533508660560444
serve,jina-ai/serve,jina-ai,21872,2233,21872,22,1681072,Python,Apache License 2.0,True,True,False,True,False,20,59,2020-02-13 17:04:44+00:00,2026-05-16 22:59:12+00:00,2025-03-24 13:59:54+00:00,https://github.com/jina-ai/serve,2284,0,9.571991247264771,0.10208933388195492
pytorch-handbook,zergtant/pytorch-handbook,zergtant,21642,5419,21642,60,149507,Jupyter Notebook,,True,True,True,False,False,6,91,2018-12-03 02:57:04+00:00,2026-05-17 05:36:00+00:00,2024-07-25 07:17:26+00:00,https://github.com/zergtant/pytorch-handbook,2722,0,7.947851634226955,0.2503811856027353
datasets,huggingface/datasets,huggingface,21516,3202,21516,1112,90403,Python,Apache License 2.0,True,True,True,False,False,16,117,2020-03-26 09:23:22+00:00,2026-05-16 21:01:33+00:00,2026-05-15 11:09:46+00:00,https://github.com/huggingface/datasets,2242,0,9.592510031208203,0.14881256680764046
FinceptTerminal,Fincept-Corporation/FinceptTerminal,Fincept-Corporation,21316,2885,21316,15,784195,Python,Other,True,True,True,False,False,17,230,2024-08-29 14:38:08+00:00,2026-05-17 06:40:10+00:00,2026-05-15 12:52:20+00:00,https://github.com/Fincept-Corporation/FinceptTerminal,625,0,34.05111821086262,0.13533799315100625
rasa,RasaHQ/rasa,RasaHQ,21169,4907,21169,145,1612007,Python,Apache License 2.0,True,True,False,False,False,20,193,2016-10-14 12:27:49+00:00,2026-05-17 01:20:12+00:00,2026-01-29 19:10:46+00:00,https://github.com/RasaHQ/rasa,3501,0,6.044831524842947,0.23179026924893717
HivisionIDPhotos,Zeyi-Lin/HivisionIDPhotos,Zeyi-Lin,21102,2407,21102,100,48958,Python,Apache License 2.0,True,True,True,False,False,12,84,2023-06-18 20:17:56+00:00,2026-05-16 05:37:30+00:00,2026-03-19 12:02:27+00:00,https://github.com/Zeyi-Lin/HivisionIDPhotos,1063,1,19.832706766917294,0.1140596123773871
CV,AccumulateMore/CV,AccumulateMore,21069,2409,21069,22,398355,Jupyter Notebook,,True,True,True,False,False,16,66,2022-03-31 13:19:32+00:00,2026-05-17 06:30:56+00:00,2026-04-27 00:45:57+00:00,https://github.com/AccumulateMore/CV,1507,0,13.971485411140584,0.11433317513051733
onnx,onnx/onnx,onnx,20841,3928,20841,275,70521,Python,Apache License 2.0,True,True,True,True,False,13,51,2017-09-07 04:53:45+00:00,2026-05-17 05:39:08+00:00,2026-05-17 06:33:38+00:00,https://github.com/onnx/onnx,3174,0,6.564094488188976,0.18846559831110257
awesome-production-machine-learning,EthicalML/awesome-production-machine-learning,EthicalML,20529,2567,20529,24,2956,,MIT License,True,True,True,True,False,19,107,2018-08-15 14:28:41+00:00,2026-05-17 00:08:43+00:00,2026-05-11 15:18:22+00:00,https://github.com/EthicalML/awesome-production-machine-learning,2831,0,7.248940677966102,0.12503653190452996
onnxruntime,microsoft/onnxruntime,microsoft,20525,3916,20525,1397,1511527,C++,MIT License,True,True,True,True,False,9,86,2018-11-10 02:22:53+00:00,2026-05-17 05:05:06+00:00,2026-05-16 01:03:50+00:00,https://github.com/microsoft/onnxruntime,2745,0,7.474508375819374,0.1907824222936763
FinGPT,AI4Finance-Foundation/FinGPT,AI4Finance-Foundation,20197,2869,20197,84,12575,Jupyter Notebook,MIT License,True,True,True,False,False,13,117,2023-02-11 20:21:34+00:00,2026-05-17 06:35:22+00:00,2026-05-11 07:48:37+00:00,https://github.com/AI4Finance-Foundation/FinGPT,1190,0,16.958018471872375,0.1420437667095752
video2x,k4yt3x/video2x,k4yt3x,19907,1739,19907,107,574222,C++,GNU Affero General Public License v3.0,True,True,True,True,False,10,113,2018-02-24 16:34:41+00:00,2026-05-17 06:28:58+00:00,2026-03-07 15:39:42+00:00,https://github.com/k4yt3x/video2x,3003,0,6.626830892143809,0.08735181836447659
ml-agents,Unity-Technologies/ml-agents,Unity-Technologies,19410,4449,19410,50,3027465,C#,Other,True,True,False,True,False,7,229,2017-09-08 21:09:04+00:00,2026-05-16 17:02:16+00:00,2026-05-14 19:10:59+00:00,https://github.com/Unity-Technologies/ml-agents,3172,0,6.117239205798929,0.22919993817938283
DeepFaceLab,iperov/DeepFaceLab,iperov,19196,883,19196,538,848594,Python,GNU General Public License v3.0,True,True,True,False,True,15,59,2018-06-04 13:10:00+00:00,2026-05-16 19:40:01+00:00,2024-11-13 19:29:05+00:00,https://github.com/iperov/DeepFaceLab,2903,0,6.610192837465565,0.045996770328697194
tfjs,tensorflow/tfjs,tensorflow,19115,2024,19115,685,174903,TypeScript,Apache License 2.0,True,True,True,True,False,10,76,2018-03-05 05:41:02+00:00,2026-05-16 16:43:57+00:00,2026-05-12 21:30:12+00:00,https://github.com/tensorflow/tfjs,2995,0,6.380173564753004,0.10587989119062566
gun,amark/gun,amark,19035,1241,19035,316,32926,JavaScript,Other,True,True,True,False,False,20,75,2014-07-31 15:52:10+00:00,2026-05-17 06:21:34+00:00,2026-03-01 01:57:28+00:00,https://github.com/amark/gun,4307,0,4.4185236768802225,0.06519226728304266
screenpipe,screenpipe/screenpipe,screenpipe,18728,1707,18728,61,435698,Rust,Other,True,True,True,True,False,15,121,2024-06-19 13:23:56+00:00,2026-05-17 06:07:22+00:00,2026-05-17 02:35:25+00:00,https://github.com/screenpipe/screenpipe,696,0,26.869440459110475,0.09114207912862406
awesome-nlp,keon/awesome-nlp,keon,18522,2802,18522,39,743,,Creative Commons Zero v1.0 Universal,True,True,True,False,False,8,81,2015-12-01 11:11:33+00:00,2026-05-17 03:25:52+00:00,2026-05-11 19:15:42+00:00,https://github.com/keon/awesome-nlp,3819,0,4.84869109947644,0.1512713923230578
LightGBM,lightgbm-org/LightGBM,lightgbm-org,18353,4016,18353,512,25522,C++,MIT License,True,False,False,False,False,14,203,2016-08-05 05:45:50+00:00,2026-05-17 05:30:19+00:00,2026-05-17 05:36:12+00:00,https://github.com/lightgbm-org/LightGBM,3572,0,5.136579904841869,0.2188078892884385
llama-cookbook,meta-llama/llama-cookbook,meta-llama,18330,2727,18330,84,279943,Jupyter Notebook,MIT License,True,True,False,False,False,10,251,2023-07-17 07:33:48+00:00,2026-05-17 05:34:03+00:00,2026-05-12 11:08:24+00:00,https://github.com/meta-llama/llama-cookbook,1034,0,17.71014492753623,0.14876438819486115
ml-engineering,stas00/ml-engineering,stas00,17936,1141,17936,2,11378,Python,Creative Commons Attribution Share Alike 4.0 International,True,True,True,False,False,16,38,2020-09-02 19:23:01+00:00,2026-05-16 19:31:28+00:00,2026-03-16 20:03:20+00:00,https://github.com/stas00/ml-engineering,2082,0,8.610657705232837,0.0636115292412332
DocsGPT,arc53/DocsGPT,arc53,17881,2042,17881,72,93835,Python,MIT License,True,True,False,False,False,19,177,2023-02-02 11:03:23+00:00,2026-05-16 08:40:45+00:00,2026-05-15 14:33:34+00:00,https://github.com/arc53/DocsGPT,1199,0,14.900833333333333,0.11419304328374902
pytorch-deep-learning,mrdbourke/pytorch-deep-learning,mrdbourke,17869,4922,17869,148,782505,Jupyter Notebook,MIT License,True,True,True,True,False,3,74,2021-10-19 00:49:19+00:00,2026-05-17 05:37:47+00:00,2026-02-11 11:11:15+00:00,https://github.com/mrdbourke/pytorch-deep-learning,1671,0,10.687200956937799,0.27543368774482374
Machine-Learning-Tutorials,ujjwalkarn/Machine-Learning-Tutorials,ujjwalkarn,17820,3989,17820,47,9024,,Creative Commons Zero v1.0 Universal,True,True,True,True,False,11,75,2015-09-12 14:51:38+00:00,2026-05-17 05:33:23+00:00,2024-06-12 08:11:59+00:00,https://github.com/ujjwalkarn/Machine-Learning-Tutorials,3899,0,4.569230769230769,0.2238370461814713
vision,pytorch/vision,pytorch,17681,7224,17681,1194,1294975,Python,"BSD 3-Clause ""New"" or ""Revised"" License",True,True,True,True,False,2,59,2016-11-09 23:11:43+00:00,2026-05-16 18:46:21+00:00,2026-05-16 11:48:58+00:00,https://github.com/pytorch/vision,3475,0,5.086593785960875,0.4085510688836104
ML-NLP,NLP-LOVE/ML-NLP,NLP-LOVE,17674,4635,17674,36,12225,Jupyter Notebook,,True,True,True,False,False,3,87,2019-07-05 12:49:53+00:00,2026-05-17 05:53:02+00:00,2026-01-09 15:16:21+00:00,https://github.com/NLP-LOVE/ML-NLP,2507,0,7.0470494417862835,0.26223479490806223
CNTK,microsoft/CNTK,microsoft,17597,4232,17597,839,935217,C++,Other,True,False,True,False,True,11,72,2015-11-26 09:52:06+00:00,2026-05-17 05:29:06+00:00,2023-03-11 07:31:35+00:00,https://github.com/microsoft/CNTK,3824,0,4.600522875816994,0.24048187294010684
brpc,apache/brpc,apache,17501,4105,17501,465,42413,C++,Apache License 2.0,True,False,True,False,False,1,213,2017-09-04 09:28:47+00:00,2026-05-17 01:35:22+00:00,2026-05-16 12:48:38+00:00,https://github.com/apache/brpc,3176,0,5.508655964746616,0.23454462347160324
DeepLearning,Mikoto10032/DeepLearning,Mikoto10032,17483,3878,17483,15,958284,Jupyter Notebook,Apache License 2.0,True,True,True,False,False,12,38,2018-04-09 15:53:37+00:00,2026-05-17 02:27:34+00:00,2022-04-21 03:24:43+00:00,https://github.com/Mikoto10032/DeepLearning,2959,0,5.906418918918919,0.22180279112331275
instant-ngp,NVlabs/instant-ngp,NVlabs,17400,2059,17400,503,191628,Cuda,Other,True,True,True,True,False,12,64,2022-01-05 17:11:30+00:00,2026-05-17 00:19:01+00:00,2026-02-02 12:32:34+00:00,https://github.com/NVlabs/instant-ngp,1592,0,10.922787193973635,0.11832653295787599
Qbot,UFund-Me/Qbot,UFund-Me,17351,2450,17351,69,380245,Jupyter Notebook,MIT License,True,True,True,True,False,17,193,2022-11-23 01:37:43+00:00,2026-05-17 06:40:46+00:00,2026-03-11 12:16:42+00:00,https://github.com/UFund-Me/Qbot,1271,0,13.640723270440251,0.14119409866297833
tensor2tensor,tensorflow/tensor2tensor,tensorflow,17262,3740,17262,590,17508,Python,Apache License 2.0,True,False,False,True,True,5,119,2017-06-15 16:57:39+00:00,2026-05-17 03:40:39+00:00,2023-06-02 18:55:09+00:00,https://github.com/tensorflow/tensor2tensor,3257,0,5.298342541436464,0.2166483230029543
ml-visuals,dair-ai/ml-visuals,dair-ai,17198,1560,17198,46,141,,MIT License,True,True,True,False,False,5,113,2020-05-17 13:42:29+00:00,2026-05-17 05:24:57+00:00,2023-02-13 22:23:17+00:00,https://github.com/dair-ai/ml-visuals,2190,0,7.849383842994067,0.09070294784580499
abu,bbfamily/abu,bbfamily,17154,4559,17154,4,96204,Python,GNU General Public License v3.0,False,True,True,False,False,11,50,2016-09-19 15:31:53+00:00,2026-05-17 04:44:13+00:00,2026-01-24 09:00:29+00:00,https://github.com/bbfamily/abu,3526,0,4.863623476041962,0.26575342465753427
argo-workflows,argoproj/argo-workflows,argoproj,16686,3540,16686,1436,176884,Go,Apache License 2.0,True,True,False,True,False,18,30,2017-08-21 18:50:44+00:00,2026-05-16 12:12:20+00:00,2026-05-13 09:50:16+00:00,https://github.com/argoproj/argo-workflows,3190,0,5.229081792541523,0.21214118775094384
leedl-tutorial,datawhalechina/leedl-tutorial,datawhalechina,16560,3104,16560,2,309227,Jupyter Notebook,Other,True,True,True,True,False,16,92,2019-07-02 01:05:11+00:00,2026-05-17 02:07:15+00:00,2025-11-23 09:12:43+00:00,https://github.com/datawhalechina/leedl-tutorial,2511,0,6.592356687898089,0.1874282953927903
Screenshot-to-code,emilwallner/Screenshot-to-code,emilwallner,16483,1549,16483,22,51643,HTML,Other,True,True,True,False,False,11,72,2017-10-16 11:41:48+00:00,2026-05-17 04:17:36+00:00,2024-08-16 22:05:07+00:00,https://github.com/emilwallner/Screenshot-to-code,3134,0,5.257735247208932,0.093969910215967
LaTeX-OCR,lukas-blecher/LaTeX-OCR,lukas-blecher,16389,1299,16389,159,9503,Python,MIT License,True,True,True,True,False,17,68,2020-12-11 16:35:13+00:00,2026-05-17 05:19:49+00:00,2025-01-18 15:23:58+00:00,https://github.com/lukas-blecher/LaTeX-OCR,1982,0,8.264750378214826,0.07925564368517389
numpy-ml,ddbourgin/numpy-ml,ddbourgin,16342,3765,16342,41,10514,Python,GNU General Public License v3.0,True,True,True,False,False,19,26,2019-04-06 22:29:49+00:00,2026-05-15 07:37:42+00:00,2023-10-29 00:53:03+00:00,https://github.com/ddbourgin/numpy-ml,2597,1,6.29022324865281,0.23037386036835342
transformers.js,huggingface/transformers.js,huggingface,16007,1141,16007,238,115622,JavaScript,Apache License 2.0,True,True,True,True,False,4,118,2023-02-13 13:51:45+00:00,2026-05-16 19:30:42+00:00,2026-05-13 16:34:00+00:00,https://github.com/huggingface/transformers.js,1188,0,13.462573591253154,0.0712768615692154
awesome-kubernetes,ramitsurana/awesome-kubernetes,ramitsurana,15935,2427,15935,58,7496,Shell,Other,True,True,True,True,False,18,58,2015-10-15 12:14:48+00:00,2026-05-17 02:25:00+00:00,2026-04-28 13:39:35+00:00,https://github.com/ramitsurana/awesome-kubernetes,3866,0,4.1207654512542025,0.15229668674698796
lectures,oxford-cs-deepnlp-2017/lectures,oxford-cs-deepnlp-2017,15853,3558,15853,12,48981,,,True,True,True,False,False,5,28,2017-02-06 11:32:46+00:00,2026-05-17 06:21:11+00:00,2023-07-02 22:46:23+00:00,https://github.com/oxford-cs-deepnlp-2017/lectures,3386,0,4.68054325361677,0.22442285858458433
kubeflow,kubeflow/kubeflow,kubeflow,15638,2647,15638,2,324384,,Apache License 2.0,True,True,True,False,False,9,39,2017-11-30 18:44:19+00:00,2026-05-17 06:40:29+00:00,2026-05-07 13:46:41+00:00,https://github.com/kubeflow/kubeflow,3089,0,5.0608414239482205,0.16925634631370293
memvid,memvid/memvid,memvid,15519,1336,15519,23,30494,Rust,Apache License 2.0,True,True,True,False,False,20,159,2025-05-27 16:01:08+00:00,2026-05-17 06:24:42+00:00,2026-05-06 18:37:48+00:00,https://github.com/memvid/memvid,354,0,43.71549295774648,0.08608247422680412
mml-book.github.io,mml-book/mml-book.github.io,mml-book,15487,2784,15487,192,297148,Jupyter Notebook,,True,False,False,True,False,0,64,2017-12-08 10:52:21+00:00,2026-05-17 04:41:39+00:00,2025-03-13 09:05:35+00:00,https://github.com/mml-book/mml-book.github.io,3081,0,5.024983776768332,0.1797520661157025
cheatsheets-ai,kailashahirwar/cheatsheets-ai,kailashahirwar,15401,3396,15401,12,29960,,MIT License,True,True,True,True,False,7,195,2017-05-24 12:06:56+00:00,2026-05-15 06:20:38+00:00,2019-10-19 12:33:06+00:00,https://github.com/kailashahirwar/cheatsheets-ai,3279,2,4.695426829268293,0.22049084534476043
pwc,zziz/pwc,zziz,15335,2436,15335,25,1643,,,True,True,True,True,False,8,40,2018-09-02 12:06:52+00:00,2026-05-14 08:23:47+00:00,2020-01-16 21:38:24+00:00,https://github.com/zziz/pwc,2813,2,5.44953802416489,0.15884194053208137
albumentations,albumentations-team/albumentations,albumentations-team,15288,1710,15288,0,105146,Python,MIT License,True,True,True,False,True,12,110,2018-06-06 03:10:50+00:00,2026-05-16 20:57:19+00:00,2025-06-25 23:21:43+00:00,https://github.com/albumentations-team/albumentations,2902,0,5.266276265931794,0.11184511740467003
MNN,alibaba/MNN,alibaba,15175,2312,15175,22,327070,C++,Apache License 2.0,True,True,True,False,False,11,129,2019-04-15 07:40:18+00:00,2026-05-17 06:13:43+00:00,2026-05-15 09:43:59+00:00,https://github.com/alibaba/MNN,2588,0,5.861336423329471,0.15234580917237744
burn,tracel-ai/burn,tracel-ai,15142,907,15142,271,76818,Rust,Apache License 2.0,True,True,True,False,False,18,136,2022-07-18 23:11:45+00:00,2026-05-17 06:01:39+00:00,2026-05-15 22:27:15+00:00,https://github.com/tracel-ai/burn,1398,0,10.823445318084346,0.05989566136168527
Qix,ty4z2008/Qix,ty4z2008,15114,4595,15114,0,2429,,Other,True,True,True,True,False,8,75,2014-04-20 11:03:15+00:00,2026-05-16 12:46:14+00:00,2026-03-30 04:00:48+00:00,https://github.com/ty4z2008/Qix,4409,0,3.4272108843537414,0.3040026463777704
imgaug,aleju/imgaug,aleju,14737,2456,14737,310,28618,Python,MIT License,True,True,True,False,False,14,52,2015-07-10 20:31:33+00:00,2026-05-16 05:47:20+00:00,2024-07-30 01:38:33+00:00,https://github.com/aleju/imgaug,3963,1,3.717709384460141,0.16664404939611888
unstructured,Unstructured-IO/unstructured,Unstructured-IO,14719,1234,14719,245,236275,HTML,Apache License 2.0,True,False,True,True,False,20,338,2022-09-26 21:53:41+00:00,2026-05-17 03:52:17+00:00,2026-05-15 16:46:28+00:00,https://github.com/Unstructured-IO/unstructured,1328,0,11.075244544770504,0.08383152173913043
the-gan-zoo,hindupuravinash/the-gan-zoo,hindupuravinash,14695,2545,14695,39,2198,Python,MIT License,True,True,True,False,False,3,25,2017-04-14 16:45:24+00:00,2026-05-17 05:18:40+00:00,2023-10-06 18:30:38+00:00,https://github.com/hindupuravinash/the-gan-zoo,3319,0,4.426204819277109,0.1731763745236799
horovod,horovod/horovod,horovod,14689,2246,14689,406,7087,Python,Other,True,False,True,False,False,13,80,2017-08-09 19:39:59+00:00,2026-05-14 15:57:18+00:00,2025-12-01 23:39:32+00:00,https://github.com/horovod/horovod,3202,2,4.586013112706837,0.1528931245745405
ggml,ggml-org/ggml,ggml-org,14653,1618,14653,319,31060,C++,MIT License,True,True,True,False,False,4,35,2022-09-18 17:07:19+00:00,2026-05-17 04:40:09+00:00,2026-05-16 13:00:00+00:00,https://github.com/ggml-org/ggml,1336,0,10.959611069558713,0.11041353896547018
mlops-zoomcamp,DataTalksClub/mlops-zoomcamp,DataTalksClub,14616,2925,14616,4,11776,Jupyter Notebook,,True,True,True,False,False,5,37,2021-10-21 09:35:28+00:00,2026-05-17 04:08:09+00:00,2026-05-03 11:48:57+00:00,https://github.com/DataTalksClub/mlops-zoomcamp,1668,0,8.75733972438586,0.20010946158582474
nltk,nltk/nltk,nltk,14614,3006,14614,281,354694,Python,Apache License 2.0,True,True,True,False,False,5,11,2009-09-07 10:53:58+00:00,2026-05-17 05:00:00+00:00,2026-05-01 11:48:51+00:00,https://github.com/nltk/nltk,6095,0,2.397309711286089,0.20567909681833732
ChatterBot,gunthercox/ChatterBot,gunthercox,14485,4429,14485,72,8393,Python,"BSD 3-Clause ""New"" or ""Revised"" License",True,False,True,True,False,7,85,2014-09-28 14:49:00+00:00,2026-05-17 02:28:41+00:00,2026-03-24 12:07:38+00:00,https://github.com/gunthercox/ChatterBot,4248,0,3.409037420569546,0.30574347646003036
bullet3,bulletphysics/bullet3,bulletphysics,14475,3073,14475,415,297038,C++,Other,True,False,False,False,False,9,141,2011-04-12 18:45:08+00:00,2026-05-16 10:39:39+00:00,2025-10-22 02:13:14+00:00,https://github.com/bulletphysics/bullet3,5513,0,2.6251360174102287,0.2122823984526112
dlib,davisking/dlib,davisking,14379,3453,14379,43,49944,C++,Boost Software License 1.0,True,True,False,False,False,7,86,2014-01-29 00:45:33+00:00,2026-05-17 03:26:14+00:00,2026-05-07 00:12:44+00:00,https://github.com/davisking/dlib,4491,0,3.2010240427426537,0.240125173852573
flair,flairNLP/flair,flairNLP,14377,2116,14377,34,395584,Python,Other,True,False,False,True,False,8,78,2018-06-11 11:04:18+00:00,2026-05-17 00:29:17+00:00,2025-10-27 18:11:31+00:00,https://github.com/flairNLP/flair,2896,0,4.962720055229548,0.14716928640979274
transferlearning,jindongwang/transferlearning,jindongwang,14333,3839,14333,24,37145,Python,MIT License,True,True,True,True,False,20,143,2017-04-30 11:32:21+00:00,2026-05-16 23:36:18+00:00,2025-02-18 22:06:58+00:00,https://github.com/jindongwang/transferlearning,3303,0,4.338075060532687,0.2678247523371006
ivy,unifyai/ivy,unifyai,14190,5506,14190,984,161422,Python,Other,True,True,True,False,False,5,48,2021-01-19 08:37:25+00:00,2026-05-16 22:23:52+00:00,2026-02-07 22:20:29+00:00,https://github.com/unifyai/ivy,1943,0,7.299382716049383,0.3879923895426679
optuna,optuna/optuna,optuna,14172,1327,14172,40,22922,Python,MIT License,True,True,True,False,False,5,39,2018-02-21 06:12:56+00:00,2026-05-17 01:42:54+00:00,2026-05-15 23:48:18+00:00,https://github.com/optuna/optuna,3007,0,4.711436170212766,0.09362873068510548
mit-deep-learning-book-pdf,janishar/mit-deep-learning-book-pdf,janishar,14037,2879,14037,12,58474,Java,,True,True,True,False,False,19,110,2017-04-07 10:46:50+00:00,2026-05-16 23:12:03+00:00,2026-02-03 19:27:04+00:00,https://github.com/janishar/mit-deep-learning-book-pdf,3326,0,4.219116321009919,0.20508619461461747
awesome-aws,donnemartin/awesome-aws,donnemartin,14027,1896,14027,93,803,Python,Other,True,True,True,False,False,20,155,2015-10-12 12:02:47+00:00,2026-05-17 01:00:51+00:00,2024-03-12 09:29:54+00:00,https://github.com/donnemartin/awesome-aws,3869,0,3.624547803617571,0.13515825491873396
awesome-artificial-intelligence,owainlewis/awesome-artificial-intelligence,owainlewis,13837,2274,13837,109,204,,MIT License,True,True,True,False,False,11,89,2015-01-27 09:27:48+00:00,2026-05-17 06:20:59+00:00,2025-08-12 11:48:08+00:00,https://github.com/owainlewis/awesome-artificial-intelligence,4127,0,3.351986434108527,0.1643301055065761
Open3D,isl-org/Open3D,isl-org,13589,2561,13589,1358,609900,C++,Other,True,True,True,True,False,20,47,2016-12-02 16:40:38+00:00,2026-05-17 06:25:06+00:00,2026-05-17 06:25:05+00:00,https://github.com/isl-org/Open3D,3452,0,3.935418476686939,0.18844738778513612
tvm,apache/tvm,apache,13367,3878,13367,200,130388,Python,Apache License 2.0,True,True,False,False,False,13,40,2016-10-12 22:20:28+00:00,2026-05-16 14:15:22+00:00,2026-05-15 06:12:28+00:00,https://github.com/apache/tvm,3503,0,3.814783105022831,0.2900957510472771
stable-baselines3,DLR-RM/stable-baselines3,DLR-RM,13275,2131,13275,82,5226,Python,MIT License,True,True,True,False,False,14,100,2020-05-05 05:52:26+00:00,2026-05-17 01:03:14+00:00,2026-05-11 15:36:50+00:00,https://github.com/DLR-RM/stable-baselines3,2203,0,6.023139745916516,0.16051521542633324
Halfrost-Field,halfrost/Halfrost-Field,halfrost,13212,1880,13212,3,105287,Go,Creative Commons Attribution Share Alike 4.0 International,True,True,True,False,False,13,35,2017-04-02 11:24:18+00:00,2026-05-14 11:28:49+00:00,2023-12-28 20:58:20+00:00,https://github.com/halfrost/Halfrost-Field,3331,2,3.965186074429772,0.14228411413002345
handson-ml3,ageron/handson-ml3,ageron,13194,5051,13194,103,42774,Jupyter Notebook,Apache License 2.0,True,True,True,False,False,0,160,2022-02-19 09:43:22+00:00,2026-05-17 01:55:54+00:00,2026-05-06 09:54:05+00:00,https://github.com/ageron/handson-ml3,1547,0,8.523255813953488,0.3827965138309966
machine-learning-zoomcamp,DataTalksClub/machine-learning-zoomcamp,DataTalksClub,13090,2954,13090,1,11096,Jupyter Notebook,,True,True,True,False,False,8,59,2020-04-17 04:29:23+00:00,2026-05-17 02:51:59+00:00,2026-05-03 07:44:45+00:00,https://github.com/DataTalksClub/machine-learning-zoomcamp,2221,0,5.891089108910891,0.22565121075548086
tutorials,MorvanZhou/tutorials,MorvanZhou,12916,5695,12916,17,62652,Python,MIT License,True,True,False,False,False,9,8,2016-05-29 13:29:44+00:00,2026-05-17 00:29:56+00:00,2020-12-22 22:02:58+00:00,https://github.com/MorvanZhou/tutorials,3639,0,3.548351648351648,0.4408918479523109
nmap,nmap/nmap,nmap,12901,2805,12901,836,118507,C,Other,True,True,False,False,False,17,68,2012-03-09 14:47:43+00:00,2026-05-16 21:17:12+00:00,2026-05-16 18:45:06+00:00,https://github.com/nmap/nmap,5181,0,2.489579313006561,0.2174081537746086
deep-learning-drizzle,kmario23/deep-learning-drizzle,kmario23,12807,2974,12807,5,267,HTML,,True,True,True,False,False,20,143,2018-11-26 01:17:36+00:00,2026-05-16 15:28:03+00:00,2024-10-19 17:28:52+00:00,https://github.com/kmario23/deep-learning-drizzle,2729,0,4.691208791208791,0.23219862585883821
pytorch-grad-cam,jacobgil/pytorch-grad-cam,jacobgil,12806,1704,12806,163,143001,Python,MIT License,True,True,True,False,False,17,162,2017-05-31 19:55:15+00:00,2026-05-16 09:36:44+00:00,2026-04-25 15:04:14+00:00,https://github.com/jacobgil/pytorch-grad-cam,3272,0,3.912618392911702,0.13305223705785899
fashion-mnist,zalandoresearch/fashion-mnist,zalandoresearch,12733,3070,12733,33,108395,Python,MIT License,True,False,False,False,False,11,62,2017-08-25 12:05:15+00:00,2026-05-16 20:57:58+00:00,2022-06-13 20:36:21+00:00,https://github.com/zalandoresearch/fashion-mnist,3186,0,3.9952933793536243,0.24108685409140881
nsfw_data_scraper,alex000kim/nsfw_data_scraper,alex000kim,12558,2849,12558,13,8472,Shell,MIT License,True,True,True,False,False,6,99,2019-01-11 02:21:40+00:00,2026-05-17 01:03:00+00:00,2024-01-21 23:49:42+00:00,https://github.com/alex000kim/nsfw_data_scraper,2683,0,4.678837555886736,0.2268492714388088
machine-learning-interview,khangich/machine-learning-interview,khangich,12534,2016,12534,8,5378,,,True,True,True,False,False,8,133,2020-08-11 06:26:32+00:00,2026-05-16 23:13:53+00:00,2023-08-31 17:49:30+00:00,https://github.com/khangich/machine-learning-interview,2105,0,5.951566951566951,0.16082967690466693
predictionio,apache/predictionio,apache,12526,1907,12526,80,36295,Scala,Apache License 2.0,False,True,False,False,True,3,72,2013-01-25 19:42:32+00:00,2026-05-17 03:26:24+00:00,2021-01-09 10:30:58+00:00,https://github.com/apache/predictionio,4859,0,2.577366255144033,0.15223118064979643
CVPR2024-Paper-Code-Interpretation,extreme-assistant/CVPR2024-Paper-Code-Interpretation,extreme-assistant,12490,2245,12490,40,1357,,,True,True,True,False,False,11,92,2019-02-26 07:53:48+00:00,2026-05-17 04:33:24+00:00,2024-04-25 10:43:41+00:00,https://github.com/extreme-assistant/CVPR2024-Paper-Code-Interpretation,2636,0,4.7364429275692075,0.17972940517172364
Awesome-Diffusion-Models,diff-usion/Awesome-Diffusion-Models,diff-usion,12321,1012,12321,27,1925,HTML,MIT License,True,True,True,True,False,6,57,2021-09-18 01:24:24+00:00,2026-05-15 22:36:33+00:00,2024-08-01 07:11:20+00:00,https://github.com/diff-usion/Awesome-Diffusion-Models,1702,1,7.234879624192601,0.08212952442785262
GPU-Puzzles,srush/GPU-Puzzles,srush,12149,936,12149,20,595,Jupyter Notebook,MIT License,True,True,True,False,False,3,26,2022-07-11 18:26:08+00:00,2026-05-17 04:51:04+00:00,2024-09-01 16:14:47+00:00,https://github.com/srush/GPU-Puzzles,1405,0,8.640825035561878,0.07703703703703704
lime,marcotcr/lime,marcotcr,12132,1852,12132,132,21112,JavaScript,"BSD 2-Clause ""Simplified"" License",True,True,True,True,False,0,67,2016-03-15 22:18:10+00:00,2026-05-16 04:03:59+00:00,2024-07-25 20:32:21+00:00,https://github.com/marcotcr/lime,3714,1,3.265679676985195,0.15264155608670568
nerfstudio,nerfstudio-project/nerfstudio,nerfstudio-project,11576,1629,11576,939,121997,Python,Apache License 2.0,True,False,False,True,False,10,41,2022-05-31 18:17:37+00:00,2026-05-16 17:59:03+00:00,2025-07-29 02:30:55+00:00,https://github.com/nerfstudio-project/nerfstudio,1446,0,8.0,0.140710028504794
dive-into-machine-learning,dive-into-machine-learning/dive-into-machine-learning,dive-into-machine-learning,11400,1877,11400,0,385,,Creative Commons Attribution 4.0 International,True,False,False,True,True,0,134,2015-02-22 23:48:16+00:00,2026-05-17 02:24:45+00:00,2022-06-17 23:22:08+00:00,https://github.com/dive-into-machine-learning/dive-into-machine-learning,4101,0,2.779132130667967,0.16463468116831856
tensorzero,tensorzero/tensorzero,tensorzero,11372,829,11372,387,232180,Rust,Apache License 2.0,True,False,False,False,False,20,135,2024-07-16 21:00:53+00:00,2026-05-16 22:07:45+00:00,2026-05-16 14:08:22+00:00,https://github.com/tensorzero/tensorzero,669,0,16.97313432835821,0.07289193704387585
kornia,kornia/kornia,kornia,11204,1179,11204,79,87515,Python,Apache License 2.0,True,False,True,False,False,11,50,2018-08-22 10:31:37+00:00,2026-05-15 16:19:42+00:00,2026-05-12 04:41:45+00:00,https://github.com/kornia/kornia,2824,1,3.9660176991150444,0.10522088353413654
turicreate,apple/turicreate,apple,11175,1129,11175,522,320718,C++,"BSD 3-Clause ""New"" or ""Revised"" License",True,True,False,True,True,3,73,2017-12-01 00:42:04+00:00,2026-05-13 14:47:56+00:00,2023-11-01 06:14:06+00:00,https://github.com/apple/turicreate,3089,3,3.616504854368932,0.10102004294917681
MLAlgorithms,rushter/MLAlgorithms,rushter,10981,1759,10981,10,11963,Python,MIT License,True,False,False,False,False,5,73,2016-10-05 06:46:45+00:00,2026-05-16 13:33:13+00:00,2026-05-07 06:48:35+00:00,https://github.com/rushter/MLAlgorithms,3510,0,3.1275989746510966,0.16017118921872153
dolly,databrickslabs/dolly,databrickslabs,10789,1145,10789,5,99,Python,Apache License 2.0,True,True,True,False,False,4,93,2023-03-24 16:15:53+00:00,2026-05-16 11:53:50+00:00,2023-06-30 18:36:16+00:00,https://github.com/databrickslabs/dolly,1149,0,9.381739130434783,0.10611677479147359
server,triton-inference-server/server,triton-inference-server,10668,1777,10668,877,39650,Python,"BSD 3-Clause ""New"" or ""Revised"" License",True,False,False,False,False,7,87,2018-10-04 21:10:30+00:00,2026-05-17 00:05:58+00:00,2026-05-16 16:34:30+00:00,https://github.com/triton-inference-server/server,2781,0,3.8346513299784326,0.1665573155872153
doccano,doccano/doccano,doccano,10650,1833,10650,391,58158,Python,MIT License,True,True,True,True,False,12,63,2018-05-09 06:10:05+00:00,2026-05-16 08:28:14+00:00,2026-04-14 21:16:25+00:00,https://github.com/doccano/doccano,2930,0,3.633572159672467,0.17209651675898976
yolov3,ultralytics/yolov3,ultralytics,10568,3435,10568,10,11222,Python,GNU Affero General Public License v3.0,True,True,True,True,False,7,42,2018-08-26 08:57:20+00:00,2026-05-16 10:45:08+00:00,2026-05-06 16:04:46+00:00,https://github.com/ultralytics/yolov3,2820,0,3.7461892945763915,0.3250070962248084
caire,esimov/caire,esimov,10469,386,10469,3,92414,Go,MIT License,True,True,True,False,False,10,34,2018-01-08 19:23:04+00:00,2026-05-16 05:58:15+00:00,2025-05-02 08:19:39+00:00,https://github.com/esimov/caire,3050,1,3.431333988856113,0.036867239732569244
stanford-tensorflow-tutorials,chiphuyen/stanford-tensorflow-tutorials,chiphuyen,10381,4258,10381,85,14037,Python,MIT License,True,True,True,False,True,10,105,2016-11-05 18:21:51+00:00,2026-05-14 08:20:05+00:00,2020-12-22 09:21:55+00:00,https://github.com/chiphuyen/stanford-tensorflow-tutorials,3479,2,2.983045977011494,0.4101329223656328
Machine-Learning,Jack-Cherish/Machine-Learning,Jack-Cherish,10305,5091,10305,7,1132,Python,,True,False,False,False,False,12,50,2017-03-25 07:32:37+00:00,2026-05-17 04:30:43+00:00,2024-07-12 11:28:35+00:00,https://github.com/Jack-Cherish/Machine-Learning,3339,0,3.0853293413173652,0.4939840869396468
A-Curated-List-of-ML-System-Design-Case-Studies,Engineer1999/A-Curated-List-of-ML-System-Design-Case-Studies,Engineer1999,10190,1552,10190,4,160,,,True,True,False,False,False,0,296,2024-05-18 15:42:58+00:00,2026-05-16 19:28:26+00:00,2025-08-05 04:07:00+00:00,https://github.com/Engineer1999/A-Curated-List-of-ML-System-Design-Case-Studies,728,0,13.978052126200275,0.1522912373663036
3D-Machine-Learning,timzhang642/3D-Machine-Learning,timzhang642,10163,1805,10163,20,24851,,,True,True,True,False,False,10,45,2017-08-12 15:20:54+00:00,2026-05-16 10:52:59+00:00,2024-07-04 19:13:09+00:00,https://github.com/timzhang642/3D-Machine-Learning,3199,0,3.1759375,0.17758756395120032
techniques,satellite-image-deep-learning/techniques,satellite-image-deep-learning,10145,1639,10145,0,29731,,Apache License 2.0,True,True,True,False,False,16,60,2018-04-16 08:42:09+00:00,2026-05-15 15:49:20+00:00,2026-05-09 13:19:23+00:00,https://github.com/satellite-image-deep-learning/techniques,2952,1,3.435489332881815,0.16154149418490046
petals,bigscience-workshop/petals,bigscience-workshop,10131,608,10131,112,4256,Python,MIT License,True,True,True,False,False,20,96,2022-06-12 00:10:27+00:00,2026-05-16 11:41:17+00:00,2024-09-07 11:54:28+00:00,https://github.com/bigscience-workshop/petals,1435,0,7.055013927576602,0.06000789577575997
metaflow,Netflix/metaflow,Netflix,10099,1276,10099,464,49006,Python,Apache License 2.0,True,False,False,False,False,20,38,2019-09-17 17:48:25+00:00,2026-05-17 04:46:57+00:00,2026-05-15 19:04:55+00:00,https://github.com/Netflix/metaflow,2433,0,4.149137222678718,0.12633663366336634
skypilot,skypilot-org/skypilot,skypilot-org,9987,1065,9987,374,240449,Python,Apache License 2.0,True,False,False,True,False,19,152,2021-08-11 23:32:15+00:00,2026-05-15 23:02:04+00:00,2026-05-17 03:04:31+00:00,https://github.com/skypilot-org/skypilot,1739,1,5.739655172413793,0.1066279535442531
sonnet,google-deepmind/sonnet,google-deepmind,9917,1309,9917,42,16849,Python,Apache License 2.0,True,True,True,True,False,5,39,2017-04-03 11:34:35+00:00,2026-05-16 20:58:22+00:00,2026-05-06 20:18:31+00:00,https://github.com/google-deepmind/sonnet,3330,0,2.977184028820174,0.13198225448679168
Book4_Power-of-Matrix,Visualize-ML/Book4_Power-of-Matrix,Visualize-ML,9901,1526,9901,12,334630,Jupyter Notebook,,True,True,True,False,False,6,37,2022-07-02 19:58:34+00:00,2026-05-16 04:56:12+00:00,2026-05-01 14:42:44+00:00,https://github.com/Visualize-ML/Book4_Power-of-Matrix,1414,1,6.997173144876325,0.15411028075136335
cleanrl,vwxyzjn/cleanrl,vwxyzjn,9771,1078,9771,100,141232,Python,Other,True,True,True,True,False,16,150,2019-06-07 16:31:50+00:00,2026-05-17 00:20:44+00:00,2026-04-20 10:57:15+00:00,https://github.com/vwxyzjn/cleanrl,2535,0,3.8529179810725553,0.11031518624641834
gorse,gorse-io/gorse,gorse-io,9672,896,9672,118,13705,Go,Apache License 2.0,True,False,False,False,False,5,116,2018-08-14 11:01:09+00:00,2026-05-16 11:03:02+00:00,2026-05-15 14:49:09+00:00,https://github.com/gorse-io/gorse,2832,0,3.414048711613131,0.09262896722836762
machine-learning-notes,roboticcam/machine-learning-notes,roboticcam,9653,1770,9653,26,179022,Jupyter Notebook,,True,True,True,False,False,0,150,2018-02-15 15:42:33+00:00,2026-05-16 16:16:21+00:00,2026-03-04 09:52:19+00:00,https://github.com/roboticcam/machine-learning-notes,3012,0,3.2037836043810155,0.18334369173399628
Auto-claude-code-research-in-sleep,wanshuiyin/Auto-claude-code-research-in-sleep,wanshuiyin,9567,918,9567,53,24065,Python,MIT License,True,True,True,False,False,20,250,2026-03-10 07:31:45+00:00,2026-05-17 06:36:48+00:00,2026-05-17 06:36:43+00:00,https://github.com/wanshuiyin/Auto-claude-code-research-in-sleep,67,0,140.69117647058823,0.09594481605351171
Reinforcement-learning-with-tensorflow,MorvanZhou/Reinforcement-learning-with-tensorflow,MorvanZhou,9455,4993,9455,70,438,Python,MIT License,True,True,True,False,False,20,56,2017-05-06 03:01:31+00:00,2026-05-17 01:35:53+00:00,2024-03-31 05:40:51+00:00,https://github.com/MorvanZhou/Reinforcement-learning-with-tensorflow,3298,0,2.8660200060624432,0.5280245346869712
golearn,sjwhitworth/golearn,sjwhitworth,9444,1174,9444,89,27723,Go,MIT License,True,True,True,False,False,0,23,2013-12-26 13:06:14+00:00,2026-05-12 05:42:33+00:00,2024-01-15 13:55:44+00:00,https://github.com/sjwhitworth/golearn,4524,5,2.08707182320442,0.1242985706723134
cog,replicate/cog,replicate,9412,686,9412,363,37367,Go,Apache License 2.0,True,False,False,True,False,7,31,2021-02-26 23:43:09+00:00,2026-05-16 22:58:32+00:00,2026-05-16 12:23:17+00:00,https://github.com/replicate/cog,1905,0,4.938090241343127,0.0728779347710613
notebooks,roboflow/notebooks,roboflow,9396,1449,9396,80,991573,Jupyter Notebook,,True,True,True,False,False,20,213,2022-11-18 18:16:56+00:00,2026-05-17 06:02:51+00:00,2026-03-27 09:29:56+00:00,https://github.com/roboflow/notebooks,1275,0,7.363636363636363,0.15419814834521656
oneflow,Oneflow-Inc/oneflow,Oneflow-Inc,9395,1016,9395,646,86614,C++,Apache License 2.0,True,True,True,False,False,7,90,2017-02-11 06:09:53+00:00,2026-05-15 09:50:10+00:00,2025-12-04 01:29:28+00:00,https://github.com/Oneflow-Inc/oneflow,3382,1,2.7771208986107006,0.1081311196253725
FlexLLMGen,FMInference/FlexLLMGen,FMInference,9368,590,9368,58,38932,Python,Apache License 2.0,True,True,True,False,True,7,80,2023-02-15 21:18:53+00:00,2026-05-15 21:18:03+00:00,2024-10-28 03:05:41+00:00,https://github.com/FMInference/FlexLLMGen,1186,1,7.8921651221566975,0.06297363646066816
RobustVideoMatting,PeterL1n/RobustVideoMatting,PeterL1n,9349,1196,9349,122,9193,Python,GNU General Public License v3.0,True,False,False,True,False,5,73,2021-08-30 20:57:44+00:00,2026-05-16 23:57:25+00:00,2024-04-02 16:26:48+00:00,https://github.com/PeterL1n/RobustVideoMatting,1720,0,5.432306798373039,0.1279144385026738
Stock-Prediction-Models,huseinzol05/Stock-Prediction-Models,huseinzol05,9346,3031,9346,47,45976,Jupyter Notebook,Apache License 2.0,True,True,True,False,True,15,110,2017-12-18 10:49:59+00:00,2026-05-16 16:37:20+00:00,2023-04-16 22:03:47+00:00,https://github.com/huseinzol05/Stock-Prediction-Models,3071,0,3.0423177083333335,0.3242751685032631
machinelearning,dotnet/machinelearning,dotnet,9326,1943,9326,999,101918,C#,MIT License,True,True,True,False,False,4,80,2018-05-03 16:20:42+00:00,2026-05-16 17:45:10+00:00,2026-05-11 05:04:11+00:00,https://github.com/dotnet/machinelearning,2935,0,3.1764305177111716,0.20831993138200922
autokeras,keras-team/autokeras,keras-team,9312,1401,9312,158,45546,Python,Apache License 2.0,True,True,True,True,False,9,32,2017-11-19 23:18:20+00:00,2026-05-12 20:30:41+00:00,2025-11-25 02:26:35+00:00,https://github.com/keras-team/autokeras,3100,4,3.002902289584005,0.15043487597981317
inference,xorbitsai/inference,xorbitsai,9300,824,9300,48,73712,Python,Apache License 2.0,True,True,True,False,False,20,215,2023-06-14 07:05:04+00:00,2026-05-17 01:17:19+00:00,2026-05-15 19:09:25+00:00,https://github.com/xorbitsai/inference,1067,0,8.707865168539326,0.08859262444898398
anomaly-detection-resources,yzhao062/anomaly-detection-resources,yzhao062,9291,1805,9291,11,382,Python,GNU Affero General Public License v3.0,True,True,True,False,False,17,108,2018-05-16 20:02:54+00:00,2026-05-16 12:53:39+00:00,2026-03-02 04:42:20+00:00,https://github.com/yzhao062/anomaly-detection-resources,2922,0,3.1785836469380775,0.19425312096427033
TensorFlow-Tutorials,Hvass-Labs/TensorFlow-Tutorials,Hvass-Labs,9268,4117,9268,1,67974,Jupyter Notebook,MIT License,True,False,False,False,False,8,40,2016-06-26 14:43:21+00:00,2026-05-16 21:00:45+00:00,2021-01-15 20:20:02+00:00,https://github.com/Hvass-Labs/TensorFlow-Tutorials,3611,0,2.565891472868217,0.4441687344913151
Winds,GetStream/Winds,GetStream,9120,629,9120,0,61501,JavaScript,"BSD 3-Clause ""New"" or ""Revised"" License",True,False,False,False,True,19,65,2016-09-19 17:02:13+00:00,2026-05-16 07:56:09+00:00,2021-10-11 20:32:23+00:00,https://github.com/GetStream/Winds,3526,0,2.585766940742841,0.06896173665168293
X-AnyLabeling,CVHub520/X-AnyLabeling,CVHub520,9103,991,9103,10,157704,Python,GNU General Public License v3.0,True,True,True,False,False,20,88,2023-05-23 08:14:30+00:00,2026-05-16 15:28:29+00:00,2026-05-13 17:28:12+00:00,https://github.com/CVHub520/X-AnyLabeling,1089,0,8.35137614678899,0.10885325131810193
awesome-project-ideas,NirantK/awesome-project-ideas,NirantK,9094,1289,9094,6,113,,MIT License,True,False,False,True,False,10,80,2017-08-19 09:37:58+00:00,2026-05-17 06:08:58+00:00,2023-03-13 16:28:22+00:00,https://github.com/NirantK/awesome-project-ideas,3192,0,2.848105230191043,0.1417262231995602
pyro,pyro-ppl/pyro,pyro-ppl,9002,1012,9002,277,97993,Python,Apache License 2.0,True,False,True,False,False,9,64,2017-06-16 05:03:47+00:00,2026-05-15 17:45:48+00:00,2025-07-09 15:30:54+00:00,https://github.com/pyro-ppl/pyro,3257,1,2.7630448127685696,0.1124069754526269
Interview,apachecn/Interview,apachecn,8963,2157,8963,0,55464,Jupyter Notebook,Other,True,True,False,True,False,5,35,2017-10-13 09:57:07+00:00,2026-05-15 17:03:40+00:00,2023-10-20 08:12:51+00:00,https://github.com/apachecn/Interview,3137,1,2.8562778840025493,0.24062918340026773
cnn-explainer,poloclub/cnn-explainer,poloclub,8949,1342,8949,5,90398,JavaScript,MIT License,True,True,True,True,False,5,70,2019-11-03 23:15:24+00:00,2026-05-16 03:29:15+00:00,2023-10-14 15:56:25+00:00,https://github.com/poloclub/cnn-explainer,2386,1,3.7490573942186844,0.14994413407821228
modelscope,modelscope/modelscope,modelscope,8938,943,8938,18,57374,Python,Apache License 2.0,True,True,True,True,False,8,59,2022-07-25 06:56:02+00:00,2026-05-17 01:26:46+00:00,2026-05-15 09:59:22+00:00,https://github.com/modelscope/modelscope,1391,0,6.420977011494253,0.10549278442778834
state-of-the-art-result-for-machine-learning-problems,RedditSota/state-of-the-art-result-for-machine-learning-problems,RedditSota,8909,1300,8909,14,151,,Apache License 2.0,True,True,True,False,False,0,374,2017-11-09 01:21:40+00:00,2026-05-13 14:48:24+00:00,2019-06-25 14:09:52+00:00,https://github.com/RedditSota/state-of-the-art-result-for-machine-learning-problems,3111,3,2.8627892030848328,0.14590347923681257
nsfwjs,infinitered/nsfwjs,infinitered,8884,593,8884,92,65183,TypeScript,MIT License,True,False,True,False,False,8,51,2019-02-13 15:06:31+00:00,2026-05-15 16:06:10+00:00,2026-03-18 13:51:07+00:00,https://github.com/infinitered/nsfwjs,2649,1,3.352452830188679,0.06674169949352841
ImageAI,OlafenwaMoses/ImageAI,OlafenwaMoses,8871,2197,8871,318,63626,Python,MIT License,True,True,True,False,False,19,128,2018-03-19 23:12:33+00:00,2026-05-16 12:37:16+00:00,2024-08-03 09:45:20+00:00,https://github.com/OlafenwaMoses/ImageAI,2980,0,2.975847031197585,0.24763300270513977
pattern,clips/pattern,clips,8858,1559,8858,178,52274,Python,"BSD 3-Clause ""New"" or ""Revised"" License",True,True,True,False,False,7,137,2011-05-03 15:29:01+00:00,2026-05-12 05:42:36+00:00,2024-06-10 18:46:41+00:00,https://github.com/clips/pattern,5492,5,1.6125978518113964,0.17597923016141775
jetson-inference,dusty-nv/jetson-inference,dusty-nv,8850,3100,8850,405,155646,C++,MIT License,True,False,True,False,False,20,126,2016-07-30 19:56:47+00:00,2026-05-17 01:37:01+00:00,2025-10-16 17:34:47+00:00,https://github.com/dusty-nv/jetson-inference,3577,0,2.4734488541084403,0.3502429104056039
Deep-Learning-Interview-Book,amusi/Deep-Learning-Interview-Book,amusi,8833,1376,8833,10,3860,,,True,True,True,False,False,7,44,2019-06-24 15:06:11+00:00,2026-05-17 04:27:11+00:00,2024-04-24 12:09:45+00:00,https://github.com/amusi/Deep-Learning-Interview-Book,2518,0,3.506550218340611,0.1557618292959022
machinelearning,ljpzzz/machinelearning,ljpzzz,8709,3714,8709,17,6617,Jupyter Notebook,MIT License,True,True,True,False,False,4,65,2016-05-12 07:06:34+00:00,2026-05-17 04:22:47+00:00,2024-02-16 15:26:27+00:00,https://github.com/ljpzzz/machinelearning,3656,0,2.3814602132895817,0.426406429391504
awesome-ml-for-cybersecurity,jivoi/awesome-ml-for-cybersecurity,jivoi,8706,1899,8706,28,230,,Other,True,True,True,False,False,4,46,2016-12-20 12:46:36+00:00,2026-05-16 20:57:33+00:00,2024-08-19 02:14:10+00:00,https://github.com/jivoi/awesome-ml-for-cybersecurity,3434,0,2.5344978165938863,0.21810037900539794
vowpal_wabbit,VowpalWabbit/vowpal_wabbit,VowpalWabbit,8679,1928,8679,0,169539,C++,Other,True,True,True,True,False,8,205,2009-07-31 19:36:58+00:00,2026-05-14 10:34:18+00:00,2026-05-08 15:10:16+00:00,https://github.com/VowpalWabbit/vowpal_wabbit,6133,2,1.4149005542875774,0.22211981566820277
BentoML,bentoml/BentoML,bentoml,8648,963,8648,150,103431,Python,Apache License 2.0,True,True,False,False,False,15,128,2019-04-02 01:39:27+00:00,2026-05-16 08:38:59+00:00,2026-05-07 10:37:29+00:00,https://github.com/bentoml/BentoML,2602,0,3.3223203995389934,0.1113423517169615
EffectiveTensorflow,vahidk/EffectiveTensorflow,vahidk,8590,884,8590,0,151,,,True,True,True,False,False,5,40,2017-08-01 06:00:56+00:00,2026-05-16 07:58:53+00:00,2020-10-22 05:26:17+00:00,https://github.com/vahidk/EffectiveTensorflow,3211,0,2.674346201743462,0.1028983820277034
Awesome-Embedded,nhivp/Awesome-Embedded,nhivp,8558,1168,8558,2,101,,The Unlicense,True,False,False,True,False,19,47,2017-09-24 02:23:36+00:00,2026-05-17 04:19:15+00:00,2026-04-25 02:39:10+00:00,https://github.com/nhivp/Awesome-Embedded,3157,0,2.7099430018999366,0.13646454025002921
financial-machine-learning,firmai/financial-machine-learning,firmai,8553,1393,8553,13,6245,Python,,True,True,True,False,False,8,78,2019-03-21 21:00:35+00:00,2026-05-16 08:06:04+00:00,2025-01-03 01:27:50+00:00,https://github.com/firmai/financial-machine-learning,2613,0,3.2719969395562356,0.16284779050736498
MachineLearning_Python,lawlite19/MachineLearning_Python,lawlite19,8484,2521,8484,10,28264,Python,MIT License,True,True,True,False,False,0,14,2016-10-17 15:44:59+00:00,2026-05-16 15:31:50+00:00,2024-05-20 17:21:57+00:00,https://github.com/lawlite19/MachineLearning_Python,3498,0,2.424692769362675,0.29711255156157923
PyTorch-Tutorial,MorvanZhou/PyTorch-Tutorial,MorvanZhou,8454,3089,8454,29,15391,Jupyter Notebook,MIT License,True,True,True,False,False,19,53,2017-05-05 15:12:04+00:00,2026-05-16 15:53:08+00:00,2023-03-23 05:01:42+00:00,https://github.com/MorvanZhou/PyTorch-Tutorial,3298,0,2.562594725674447,0.3653459491425192
tfjs-core,tensorflow/tfjs-core,tensorflow,8444,932,8444,11,380006,TypeScript,Apache License 2.0,False,False,False,False,True,8,83,2017-08-02 14:45:47+00:00,2026-05-16 06:03:27+00:00,2019-08-14 01:44:14+00:00,https://github.com/tensorflow/tfjs-core,3209,1,2.6305295950155765,0.1103611604499704
Machine-Learning-Collection,aladdinpersson/Machine-Learning-Collection,aladdinpersson,8435,2789,8435,118,123603,Python,MIT License,True,True,True,False,False,11,62,2020-03-26 07:02:40+00:00,2026-05-15 09:52:14+00:00,2024-08-17 12:31:20+00:00,https://github.com/aladdinpersson/Machine-Learning-Collection,2242,1,3.7605884975479267,0.3306069227121859
caffe2,facebookarchive/caffe2,facebookarchive,8380,1907,8380,580,402293,Shell,Apache License 2.0,True,True,True,True,True,7,71,2015-06-25 18:23:47+00:00,2026-05-16 06:05:08+00:00,2023-02-07 16:51:06+00:00,https://github.com/facebookarchive/caffe2,3978,1,2.1060567981905,0.2275384798950006
approachingalmost,abhishekkrthakur/approachingalmost,abhishekkrthakur,8330,1126,8330,54,10597,,,True,True,True,False,False,0,49,2020-07-04 07:13:20+00:00,2026-05-16 14:13:54+00:00,2023-03-25 00:53:39+00:00,https://github.com/abhishekkrthakur/approachingalmost,2142,0,3.887074195053663,0.135157844196375
trax,google/trax,google,8304,824,8304,125,169367,Python,Apache License 2.0,True,True,True,False,True,7,46,2019-10-05 15:09:14+00:00,2026-05-16 03:27:42+00:00,2025-09-26 14:37:32+00:00,https://github.com/google/trax,2415,1,3.437086092715232,0.0992173389524383
pysc2,google-deepmind/pysc2,google-deepmind,8287,1162,8287,64,4571,Python,Apache License 2.0,True,True,True,False,False,6,33,2017-07-25 18:16:57+00:00,2026-05-17 03:26:26+00:00,2024-07-23 16:54:42+00:00,https://github.com/google-deepmind/pysc2,3217,0,2.5752019888129274,0.14020270270270271
Machine-Learning-Interviews,alirezadir/Machine-Learning-Interviews,alirezadir,8269,1473,8269,11,5372,Jupyter Notebook,MIT License,True,True,True,False,False,13,85,2021-01-31 03:52:09+00:00,2026-05-17 05:09:57+00:00,2025-11-28 00:05:19+00:00,https://github.com/alirezadir/Machine-Learning-Interviews,1932,0,4.277806518365235,0.1781136638452237
bitsandbytes,bitsandbytes-foundation/bitsandbytes,bitsandbytes-foundation,8204,851,8204,45,5871,Python,MIT License,True,True,False,False,False,5,68,2021-06-04 00:10:34+00:00,2026-05-16 12:18:36+00:00,2026-05-15 18:53:25+00:00,https://github.com/bitsandbytes-foundation/bitsandbytes,1808,0,4.53510226644555,0.10371724558196221
umap,lmcinnes/umap,lmcinnes,8177,862,8177,520,94679,Python,"BSD 3-Clause ""New"" or ""Revised"" License",True,True,True,False,False,5,45,2017-07-02 01:11:17+00:00,2026-05-15 18:15:46+00:00,2026-05-02 00:59:16+00:00,https://github.com/lmcinnes/umap,3241,1,2.5222085132634176,0.1054047444362925
boxmot,mikel-brostrom/boxmot,mikel-brostrom,8158,1896,8158,7,23765,Python,GNU Affero General Public License v3.0,True,True,True,True,False,17,125,2020-06-26 09:26:23+00:00,2026-05-16 16:24:02+00:00,2026-05-15 10:15:12+00:00,https://github.com/mikel-brostrom/boxmot,2150,0,3.792654579265458,0.23238141929157985
auto-sklearn,automl/auto-sklearn,automl,8096,1323,8096,209,126435,Python,"BSD 3-Clause ""New"" or ""Revised"" License",True,True,True,True,False,10,44,2015-07-02 15:38:10+00:00,2026-05-13 06:16:11+00:00,2026-04-21 14:03:33+00:00,https://github.com/automl/auto-sklearn,3971,4,2.0382678751258814,0.16339384957391626
introduction_to_ml_with_python,amueller/introduction_to_ml_with_python,amueller,8094,4687,8094,28,186383,Jupyter Notebook,,True,True,True,False,False,0,78,2016-05-29 18:29:47+00:00,2026-05-16 09:03:42+00:00,2024-03-14 02:46:03+00:00,https://github.com/amueller/introduction_to_ml_with_python,3639,0,2.2236263736263737,0.5789993823347745
bertviz,jessevig/bertviz,jessevig,8063,878,8063,22,203110,Python,Apache License 2.0,True,True,True,True,False,11,50,2018-12-16 16:50:42+00:00,2026-05-16 23:35:55+00:00,2026-01-08 22:38:46+00:00,https://github.com/jessevig/bertviz,2708,0,2.976375046142488,0.10887896825396826
cortex,cortexlabs/cortex,cortexlabs,8017,595,8017,131,11550,Go,Apache License 2.0,True,True,False,False,False,2,55,2019-01-24 04:43:14+00:00,2026-05-16 05:58:29+00:00,2024-06-12 19:34:23+00:00,https://github.com/cortexlabs/cortex,2670,1,3.0014975664545114,0.07420803192816164
machine-learning-cheat-sheet,soulmachine/machine-learning-cheat-sheet,soulmachine,8013,1339,8013,11,20305,TeX,,True,True,True,False,False,0,52,2013-05-09 07:43:59+00:00,2026-05-17 01:53:18+00:00,2024-07-30 22:02:41+00:00,https://github.com/soulmachine/machine-learning-cheat-sheet,4755,0,1.6848191757779647,0.16708260544047915
tensorboardX,lanpa/tensorboardX,lanpa,7988,854,7988,84,5805,Python,MIT License,True,True,True,True,False,5,56,2017-06-13 13:54:19+00:00,2026-05-16 06:02:26+00:00,2026-04-10 04:43:17+00:00,https://github.com/lanpa/tensorboardX,3259,1,2.4503067484662577,0.10689698335210915
librephotos,LibrePhotos/librephotos,LibrePhotos,7983,372,7983,231,119658,Python,MIT License,True,False,False,True,False,7,52,2020-11-11 23:08:19+00:00,2026-05-16 11:03:48+00:00,2026-05-16 11:11:19+00:00,https://github.com/LibrePhotos/librephotos,2012,0,3.9657228017883757,0.04659318637274549
ai-engineering-from-scratch,rohitg00/ai-engineering-from-scratch,rohitg00,7847,1629,7847,16,4563,Python,MIT License,True,True,True,True,False,20,39,2026-03-18 18:38:02+00:00,2026-05-17 06:35:01+00:00,2026-05-14 11:10:25+00:00,https://github.com/rohitg00/ai-engineering-from-scratch,59,0,130.78333333333333,0.20756880733944955
machine-learning-yearning-cn,deeplearning-ai/machine-learning-yearning-cn,deeplearning-ai,7841,1510,7841,4,15348,CSS,Other,True,False,False,True,False,3,56,2018-06-19 19:26:39+00:00,2026-05-17 01:38:40+00:00,2022-10-06 01:16:28+00:00,https://github.com/deeplearning-ai/machine-learning-yearning-cn,2888,0,2.7140879196953964,0.19255292017342515
stanza,stanfordnlp/stanza,stanfordnlp,7790,942,7790,94,87145,Python,Other,True,True,True,True,False,10,109,2017-09-26 08:00:56+00:00,2026-05-16 20:38:22+00:00,2026-05-17 05:02:39+00:00,https://github.com/stanfordnlp/stanza,3154,0,2.469096671949287,0.1209087408548325
Machine-learning-learning-notes,Vay-keen/Machine-learning-learning-notes,Vay-keen,7719,1887,7719,28,104,,,True,True,True,False,False,0,121,2018-03-24 06:48:10+00:00,2026-05-17 02:36:30+00:00,2022-02-26 17:19:34+00:00,https://github.com/Vay-keen/Machine-learning-learning-notes,2975,0,2.59375,0.2444300518134715
DeepLearning,MingchaoZhu/DeepLearning,MingchaoZhu,7644,1450,7644,8,33326,Python,MIT License,True,True,True,False,False,7,58,2020-02-27 07:11:46+00:00,2026-05-16 05:50:59+00:00,2020-06-23 02:05:50+00:00,https://github.com/MingchaoZhu/DeepLearning,2270,1,3.3659180977542933,0.18966644865925442
agent-squad,2FastLabs/agent-squad,2FastLabs,7628,720,7628,122,68193,Python,Apache License 2.0,True,True,True,True,False,20,98,2024-07-23 12:48:30+00:00,2026-05-17 04:14:18+00:00,2026-05-16 20:31:15+00:00,https://github.com/2FastLabs/agent-squad,662,0,11.5052790346908,0.09437672040896579
Learn_Machine_Learning_in_3_Months,llSourcell/Learn_Machine_Learning_in_3_Months,llSourcell,7623,2322,7623,19,7,,,True,True,True,False,False,0,84,2018-03-02 10:59:53+00:00,2026-05-13 23:54:41+00:00,2024-04-02 11:45:13+00:00,https://github.com/llSourcell/Learn_Machine_Learning_in_3_Months,2997,3,2.5426951300867247,0.3045645330535152
stable-diffusion-webui,AUTOMATIC1111/stable-diffusion-webui,AUTOMATIC1111,163090,30350,163090,2487,36552,Python,GNU Affero General Public License v3.0,True,True,True,False,False,16,23,2022-08-22 14:05:26+00:00,2026-05-17 06:05:21+00:00,2026-03-02 07:00:53+00:00,https://github.com/AUTOMATIC1111/stable-diffusion-webui,1363,0,119.5674486803519,0.18609242692729824
opencv,opencv/opencv,opencv,87506,56577,87506,2730,557590,C++,Apache License 2.0,True,True,True,False,False,5,35,2012-07-19 09:40:17+00:00,2026-05-17 06:23:11+00:00,2026-05-15 12:45:03+00:00,https://github.com/opencv/opencv,5049,0,17.327920792079208,0.646542562309301
Prompt-Engineering-Guide,dair-ai/Prompt-Engineering-Guide,dair-ai,74651,8078,74651,263,82777,MDX,MIT License,True,True,True,False,False,11,115,2022-12-16 16:04:50+00:00,2026-05-17 06:38:22+00:00,2026-03-11 20:09:13+00:00,https://github.com/dair-ai/Prompt-Engineering-Guide,1247,0,59.81650641025641,0.10820875529121791
Real-Time-Voice-Cloning,CorentinJ/Real-Time-Voice-Cloning,CorentinJ,59748,9414,59748,170,369730,Python,Other,True,False,True,False,False,6,68,2019-05-26 08:56:15+00:00,2026-05-17 04:38:21+00:00,2026-03-09 10:31:58+00:00,https://github.com/CorentinJ/Real-Time-Voice-Cloning,2547,0,23.448979591836736,0.15755912232840716
DeepLearning-500-questions,scutan90/DeepLearning-500-questions,scutan90,57396,15945,57396,120,207074,JavaScript,GNU General Public License v3.0,True,True,True,True,False,0,201,2018-06-27 06:36:45+00:00,2026-05-17 04:08:12+00:00,2024-06-26 12:10:14+00:00,https://github.com/scutan90/DeepLearning-500-questions,2881,0,19.915336571825122,0.27780197571301635
TTS,coqui-ai/TTS,coqui-ai,45321,6097,45321,8,170196,Python,Mozilla Public License 2.0,True,True,True,False,False,19,89,2020-05-20 15:45:28+00:00,2026-05-17 06:33:33+00:00,2024-08-16 12:07:14+00:00,https://github.com/coqui-ai/TTS,2187,0,20.71343692870201,0.13452627862848066
ColossalAI,hpcaitech/ColossalAI,hpcaitech,41382,4512,41382,499,66601,Python,Apache License 2.0,True,True,True,False,False,12,58,2021-10-28 16:19:44+00:00,2026-05-17 01:18:51+00:00,2026-05-11 17:32:48+00:00,https://github.com/hpcaitech/ColossalAI,1661,0,24.898916967509024,0.1090302781335331
Deep-Learning-Papers-Reading-Roadmap,floodsung/Deep-Learning-Papers-Reading-Roadmap,floodsung,39492,7305,39492,92,3638,Python,,True,True,True,False,False,1,89,2016-10-14 11:49:48+00:00,2026-05-17 02:47:56+00:00,2022-11-27 13:18:32+00:00,https://github.com/floodsung/Deep-Learning-Papers-Reading-Roadmap,3501,0,11.276984580239862,0.18496948826374293
tesseract.js,naptha/tesseract.js,naptha,38081,2366,38081,45,109272,JavaScript,Apache License 2.0,True,True,False,True,False,5,51,2015-06-24 02:49:52+00:00,2026-05-17 02:39:32+00:00,2026-05-17 04:19:12+00:00,https://github.com/naptha/tesseract.js,3980,0,9.565687013313237,0.06212908985872591
GFPGAN,TencentARC/GFPGAN,TencentARC,37449,6279,37449,403,5467,Python,Other,True,True,True,False,False,7,79,2021-03-19 06:18:20+00:00,2026-05-17 05:18:44+00:00,2024-07-26 18:44:02+00:00,https://github.com/TencentARC/GFPGAN,1885,0,19.85630965005302,0.16766355140186917
deeplearningbook-chinese,exacity/deeplearningbook-chinese,exacity,37268,9140,37268,67,8908,TeX,,True,True,True,True,False,0,38,2016-12-07 11:46:51+00:00,2026-05-17 06:40:08+00:00,2019-12-03 04:25:44+00:00,https://github.com/exacity/deeplearningbook-chinese,3447,0,10.808584686774942,0.24524403659878183
MockingBird,babysor/MockingBird,babysor,36903,5217,36903,482,130787,Python,Other,True,True,True,False,False,6,69,2021-08-07 03:53:39+00:00,2026-05-16 17:57:49+00:00,2026-03-03 14:59:58+00:00,https://github.com/babysor/MockingBird,1744,0,21.14785100286533,0.14136678950791243
diffusers,huggingface/diffusers,huggingface,33631,6989,33631,1131,97083,Python,Apache License 2.0,True,True,True,False,False,15,97,2022-05-30 16:04:02+00:00,2026-05-17 06:42:01+00:00,2026-05-15 18:11:55+00:00,https://github.com/huggingface/diffusers,1447,0,23.22582872928177,0.207808039961941
paper-reading,mli/paper-reading,mli,33274,2807,33274,1,9001,,Apache License 2.0,False,False,False,False,False,3,14,2021-10-22 06:34:51+00:00,2026-05-17 04:43:26+00:00,2025-03-22 03:49:35+00:00,https://github.com/mli/paper-reading,1668,0,19.936488915518275,0.08435762584522916
pytorch-tutorial,yunjey/pytorch-tutorial,yunjey,32347,8243,32347,88,13110,Python,MIT License,True,True,True,False,False,4,46,2017-03-10 07:41:47+00:00,2026-05-17 06:39:52+00:00,2023-08-15 10:17:50+00:00,https://github.com/yunjey/pytorch-tutorial,3354,0,9.641430700447094,0.25482255471744775
stanford_alpaca,tatsu-lab/stanford_alpaca,tatsu-lab,30247,3992,30247,188,8654,Python,Apache License 2.0,True,True,True,False,False,3,80,2023-03-10 23:33:09+00:00,2026-05-17 03:27:26+00:00,2024-07-17 09:43:05+00:00,https://github.com/tatsu-lab/stanford_alpaca,1163,0,25.985395189003437,0.13197566781274794
tuning_playbook,google-research/tuning_playbook,google-research,30119,2425,30119,14,1837,,Other,True,False,False,False,False,0,81,2023-01-18 23:32:32+00:00,2026-05-16 16:06:19+00:00,2024-06-18 00:25:53+00:00,https://github.com/google-research/tuning_playbook,1214,0,24.789300411522635,0.08051128818061089
spleeter,deezer/spleeter,deezer,28215,3062,28215,276,9630,Python,MIT License,True,True,True,False,False,10,61,2019-09-26 15:40:46+00:00,2026-05-16 22:42:56+00:00,2025-04-02 16:22:20+00:00,https://github.com/deezer/spleeter,2424,0,11.635051546391752,0.10851998865891693
so-vits-svc,svc-develop-team/so-vits-svc,svc-develop-team,28065,5058,28065,27,11145,Python,GNU Affero General Public License v3.0,True,True,True,False,True,17,36,2023-03-10 09:31:09+00:00,2026-05-16 15:29:53+00:00,2023-11-11 13:11:31+00:00,https://github.com/svc-develop-team/so-vits-svc,1163,0,24.11082474226804,0.1802180574360436
label-studio,HumanSignal/label-studio,HumanSignal,27331,3530,27331,884,3010318,TypeScript,Apache License 2.0,True,True,False,False,False,20,94,2019-06-19 02:00:44+00:00,2026-05-17 05:35:46+00:00,2026-05-15 17:38:49+00:00,https://github.com/HumanSignal/label-studio,2524,0,10.824158415841584,0.1291526415922728
deep-learning-for-image-processing,WZMIAOMIAO/deep-learning-for-image-processing,WZMIAOMIAO,26235,8222,26235,102,25637,Python,GNU General Public License v3.0,True,True,True,False,False,7,85,2019-11-14 15:02:27+00:00,2026-05-15 11:03:21+00:00,2026-01-01 07:16:34+00:00,https://github.com/WZMIAOMIAO/deep-learning-for-image-processing,2375,1,11.041666666666666,0.3133861869187376
pytorch-CycleGAN-and-pix2pix,junyanz/pytorch-CycleGAN-and-pix2pix,junyanz,25125,6574,25125,588,8464,Python,Other,True,True,True,False,False,11,37,2017-04-18 10:33:05+00:00,2026-05-17 06:29:35+00:00,2025-08-06 17:58:38+00:00,https://github.com/junyanz/pytorch-CycleGAN-and-pix2pix,3315,0,7.576899879372738,0.2616413277083499
labelImg,HumanSignal/labelImg,HumanSignal,24958,6574,24958,451,242833,Python,MIT License,True,True,True,True,True,9,279,2015-09-17 01:33:59+00:00,2026-05-17 03:41:21+00:00,2024-06-07 20:24:32+00:00,https://github.com/HumanSignal/labelImg,3895,0,6.40605749486653,0.2633919628190232
JARVIS,microsoft/JARVIS,microsoft,24733,2118,24733,2163,41674,Python,MIT License,True,True,True,False,False,3,95,2023-03-30 02:57:12+00:00,2026-05-17 05:43:04+00:00,2025-07-29 13:44:13+00:00,https://github.com/microsoft/JARVIS,1144,0,21.600873362445416,0.08563111506428397
pytorch_geometric,pyg-team/pytorch_geometric,pyg-team,23764,3988,23764,1279,24932,Python,MIT License,True,False,False,True,False,5,40,2017-10-06 16:03:03+00:00,2026-05-16 18:54:18+00:00,2026-05-16 19:02:32+00:00,https://github.com/pyg-team/pytorch_geometric,3144,0,7.556120826709062,0.16780980433410478
audiocraft,facebookresearch/audiocraft,facebookresearch,23293,2623,23293,384,25025,Jupyter Notebook,MIT License,True,True,False,True,False,0,256,2023-06-08 06:41:36+00:00,2026-05-16 20:40:40+00:00,2026-03-03 21:50:32+00:00,https://github.com/facebookresearch/audiocraft,1074,0,21.667906976744185,0.11260410406113162
ncnn,Tencent/ncnn,Tencent,23235,4424,23235,1183,34546,C++,Other,True,True,True,False,False,20,95,2017-06-30 10:55:37+00:00,2026-05-17 05:14:53+00:00,2026-05-15 06:52:42+00:00,https://github.com/Tencent/ncnn,3242,0,7.164662349676226,0.19039421587192287
faster-whisper,SYSTRAN/faster-whisper,SYSTRAN,22950,1877,22950,300,40514,Python,MIT License,True,False,False,False,False,8,45,2023-02-11 09:17:27+00:00,2026-05-17 05:04:28+00:00,2025-11-19 14:40:46+00:00,https://github.com/SYSTRAN/faster-whisper,1190,0,19.269521410579344,0.08178292884841619
mxnet,apache/mxnet,apache,20809,6711,20809,2007,101275,C++,Apache License 2.0,True,True,True,False,True,1,170,2015-04-30 16:21:15+00:00,2026-05-15 19:29:07+00:00,2023-10-25 21:28:33+00:00,https://github.com/apache/mxnet,4034,1,5.157125154894672,0.3224891878904373
deep-learning-with-python-notebooks,fchollet/deep-learning-with-python-notebooks,fchollet,20093,9050,20093,208,7128,Jupyter Notebook,MIT License,True,True,True,False,False,0,78,2017-09-05 19:47:56+00:00,2026-05-16 12:51:23+00:00,2025-09-18 05:12:40+00:00,https://github.com/fchollet/deep-learning-with-python-notebooks,3175,0,6.3265113350125946,0.4503831989648651
Dive-into-DL-PyTorch,ShusenTang/Dive-into-DL-PyTorch,ShusenTang,19390,5411,19390,78,35157,Jupyter Notebook,Apache License 2.0,True,True,True,True,False,7,61,2019-02-21 03:45:20+00:00,2026-05-16 01:01:08+00:00,2021-10-14 08:59:15+00:00,https://github.com/ShusenTang/Dive-into-DL-PyTorch,2642,1,7.336360196746122,0.2790469805579908
nndl.github.io,nndl/nndl.github.io,nndl,18786,3660,18786,0,672613,HTML,,True,True,True,True,False,0,50,2016-09-06 08:09:06+00:00,2026-05-16 14:05:24+00:00,2026-04-26 12:55:59+00:00,https://github.com/nndl/nndl.github.io,3539,0,5.306779661016949,0.19481556395379784
DeOldify,jantic/DeOldify,jantic,18467,2651,18467,1,71392,Python,MIT License,True,True,True,False,True,0,82,2018-10-31 23:32:34+00:00,2026-05-17 01:02:40+00:00,2024-10-19 17:17:35+00:00,https://github.com/jantic/DeOldify,2754,0,6.703085299455536,0.14354559237600173
web-llm,mlc-ai/web-llm,mlc-ai,17982,1278,17982,144,68772,TypeScript,Apache License 2.0,True,True,True,True,False,7,49,2023-04-13 18:11:59+00:00,2026-05-17 06:42:24+00:00,2026-05-06 07:02:41+00:00,https://github.com/mlc-ai/web-llm,1129,0,15.913274336283186,0.07106711894567092
neural-networks-and-deep-learning,mnielsen/neural-networks-and-deep-learning,mnielsen,17655,7042,17655,7,20916,Python,,False,False,False,False,False,0,60,2012-11-13 13:38:24+00:00,2026-05-16 21:08:30+00:00,2024-06-02 11:18:37+00:00,https://github.com/mnielsen/neural-networks-and-deep-learning,4932,0,3.5789580377052506,0.3988445854100589
deeplearning-models,rasbt/deeplearning-models,rasbt,17504,4111,17504,8,44048,Jupyter Notebook,MIT License,True,True,True,False,False,0,69,2019-06-05 16:08:20+00:00,2026-05-16 15:28:23+00:00,2024-02-08 16:35:25+00:00,https://github.com/rasbt/deeplearning-models,2537,0,6.896769109535067,0.23484718651813768
magika,google/magika,google,17008,1042,17008,144,85364,Python,Apache License 2.0,True,True,False,True,False,7,58,2023-08-22 09:36:55+00:00,2026-05-17 05:20:34+00:00,2026-05-07 08:18:33+00:00,https://github.com/google/magika,998,0,17.025025025025027,0.061261684990299256
camel,camel-ai/camel,camel-ai,16973,1909,16973,455,498990,Python,Apache License 2.0,True,True,True,True,False,9,114,2023-03-17 21:41:54+00:00,2026-05-17 06:34:59+00:00,2026-05-15 13:07:52+00:00,https://github.com/camel-ai/camel,1156,0,14.669835782195333,0.11246612466124661
TensorFlow-Course,instillai/TensorFlow-Course,instillai,16290,3145,16290,2,21714,Jupyter Notebook,MIT License,True,True,True,False,False,4,61,2018-10-02 18:10:12+00:00,2026-05-13 14:44:50+00:00,2022-11-28 11:04:08+00:00,https://github.com/instillai/TensorFlow-Course,2783,3,5.851293103448276,0.19305137806150635
stable-diffusion-webui-colab,camenduru/stable-diffusion-webui-colab,camenduru,15941,2637,15941,37,47109,Jupyter Notebook,The Unlicense,True,True,True,False,False,19,28,2022-10-05 02:45:59+00:00,2026-05-16 03:41:48+00:00,2025-12-16 05:49:10+00:00,https://github.com/camenduru/stable-diffusion-webui-colab,1320,1,12.067373202119606,0.16541211893112534
labelme,wkentaro/labelme,wkentaro,15876,3679,15876,156,55382,Python,GNU General Public License v3.0,True,False,False,False,False,9,107,2016-05-09 12:30:26+00:00,2026-05-17 05:45:42+00:00,2026-05-15 14:02:35+00:00,https://github.com/wkentaro/labelme,3659,0,4.337704918032787,0.23171883857151854
cvat,cvat-ai/cvat,cvat-ai,15856,3679,15856,603,362221,Python,MIT License,True,True,True,True,False,20,335,2018-06-29 14:02:45+00:00,2026-05-16 21:49:53+00:00,2026-05-16 09:49:37+00:00,https://github.com/cvat-ai/cvat,2878,0,5.507467870788468,0.23201109919909188
openface,cmusatyalab/openface,cmusatyalab,15416,3571,15416,2,24629,Lua,Apache License 2.0,True,True,True,True,False,3,43,2015-09-16 12:47:27+00:00,2026-05-16 02:48:16+00:00,2024-10-04 12:59:04+00:00,https://github.com/cmusatyalab/openface,3895,1,3.9568788501026693,0.23162742427190763
first-order-model,AliaksandrSiarohin/first-order-model,AliaksandrSiarohin,15001,3276,15001,318,73923,Jupyter Notebook,MIT License,True,True,True,False,False,4,100,2019-12-11 03:55:25+00:00,2026-05-16 05:58:40+00:00,2024-11-14 03:16:41+00:00,https://github.com/AliaksandrSiarohin/first-order-model,2349,1,6.383404255319149,0.21837088388214904
nlp-tutorial,graykode/nlp-tutorial,graykode,14894,3952,14894,40,361,Jupyter Notebook,MIT License,True,True,True,False,False,9,66,2019-01-09 11:44:20+00:00,2026-05-17 06:18:24+00:00,2024-02-21 13:49:10+00:00,https://github.com/graykode/nlp-tutorial,2684,0,5.547113594040968,0.26532393420610945
DeepLearningExamples,NVIDIA/DeepLearningExamples,NVIDIA,14805,3410,14805,323,108726,Jupyter Notebook,,True,True,True,False,False,15,164,2018-05-02 17:04:05+00:00,2026-05-16 02:37:16+00:00,2024-08-12 14:01:29+00:00,https://github.com/NVIDIA/DeepLearningExamples,2936,1,5.040858018386109,0.2303120356612184
vosk-api,alphacep/vosk-api,alphacep,14722,1721,14722,594,14411,Jupyter Notebook,Apache License 2.0,True,False,False,False,False,20,104,2019-09-03 17:48:42+00:00,2026-05-17 06:18:00+00:00,2026-02-22 08:51:10+00:00,https://github.com/alphacep/vosk-api,2447,0,6.013888888888889,0.11689193778441893
conv_arithmetic,vdumoulin/conv_arithmetic,vdumoulin,14644,2317,14644,7,5638,TeX,MIT License,True,True,True,False,True,0,76,2016-02-24 15:18:33+00:00,2026-05-15 03:36:28+00:00,2023-06-08 21:06:47+00:00,https://github.com/vdumoulin/conv_arithmetic,3734,2,3.9207496653279788,0.1582109935131444
RWKV-LM,BlinkDL/RWKV-LM,BlinkDL,14530,1009,14530,148,30859,Python,Apache License 2.0,True,True,True,False,False,14,340,2021-08-08 06:05:27+00:00,2026-05-17 03:57:49+00:00,2026-05-08 10:28:05+00:00,https://github.com/BlinkDL/RWKV-LM,1743,0,8.331422018348624,0.06943775376780675
facenet,davidsandberg/facenet,davidsandberg,14317,4784,14317,553,2991,Python,MIT License,True,False,True,False,False,7,33,2016-02-12 22:14:40+00:00,2026-05-16 05:57:49+00:00,2023-07-24 12:43:21+00:00,https://github.com/davidsandberg/facenet,3746,1,3.8209234053909795,0.33412487777622574
dgl,dmlc/dgl,dmlc,14273,3047,14273,605,30768,Python,Apache License 2.0,True,True,True,False,False,2,86,2018-04-20 14:49:09+00:00,2026-05-15 16:31:56+00:00,2025-07-31 23:53:10+00:00,https://github.com/dmlc/dgl,2948,1,4.839945744320109,0.2134650413338938
deeplearning4j,deeplearning4j/deeplearning4j,deeplearning4j,14228,3839,14228,617,783461,Java,Apache License 2.0,True,True,True,False,False,15,349,2013-11-27 02:03:28+00:00,2026-05-16 03:44:00+00:00,2026-04-02 01:36:40+00:00,https://github.com/deeplearning4j/deeplearning4j,4554,1,3.1236004390779364,0.26980111040832105
ai-guide,liyupi/ai-guide,liyupi,13976,1573,13976,6,3786,JavaScript,,True,True,False,False,False,20,325,2025-02-13 05:47:46+00:00,2026-05-17 06:10:43+00:00,2026-04-30 15:25:20+00:00,https://github.com/liyupi/ai-guide,458,0,30.44880174291939,0.11254203334048794
carla,carla-simulator/carla,carla-simulator,13963,4564,13963,1181,2203193,C++,MIT License,True,True,False,False,False,17,54,2017-10-24 09:06:23+00:00,2026-05-16 18:40:52+00:00,2026-05-16 22:55:05+00:00,https://github.com/carla-simulator/carla,3126,0,4.465302206587784,0.32684044686336294
open_clip,mlfoundations/open_clip,mlfoundations,13814,1282,13814,57,16046,Python,Other,True,True,True,False,False,8,38,2021-07-28 23:24:39+00:00,2026-05-16 20:18:27+00:00,2026-05-16 20:11:03+00:00,https://github.com/mlfoundations/open_clip,1753,0,7.875712656784493,0.0927976836771625
LoRA,microsoft/LoRA,microsoft,13529,899,13529,113,34907,Python,MIT License,True,False,False,False,False,10,91,2021-06-18 02:16:35+00:00,2026-05-16 16:37:02+00:00,2024-12-17 03:55:52+00:00,https://github.com/microsoft/LoRA,1794,0,7.537047353760446,0.0664449371766445
nano-vllm,GeeeekExplorer/nano-vllm,GeeeekExplorer,13462,2098,13462,70,478,Python,MIT License,True,True,False,False,False,6,9,2025-06-09 16:22:14+00:00,2026-05-17 03:49:58+00:00,2026-04-26 05:10:12+00:00,https://github.com/GeeeekExplorer/nano-vllm,341,0,39.36257309941521,0.1558345093961227
litgpt,Lightning-AI/litgpt,Lightning-AI,13365,1432,13365,258,5842,Python,Apache License 2.0,True,False,False,True,False,7,81,2023-05-04 17:46:11+00:00,2026-05-16 12:11:10+00:00,2026-05-01 12:01:13+00:00,https://github.com/Lightning-AI/litgpt,1108,0,12.051397655545536,0.10713751309292234
Deep-Learning-with-TensorFlow-book,dragen1860/Deep-Learning-with-TensorFlow-book,dragen1860,13246,4041,13246,81,128308,Jupyter Notebook,,True,True,True,False,False,8,97,2019-06-16 05:53:27+00:00,2026-05-12 08:36:23+00:00,2021-08-30 10:54:30+00:00,https://github.com/dragen1860/Deep-Learning-with-TensorFlow-book,2527,4,5.239715189873418,0.30505020004529326
TensorRT,NVIDIA/TensorRT,NVIDIA,12987,2362,12987,597,143362,C++,Apache License 2.0,True,False,False,False,False,5,153,2019-05-02 22:02:08+00:00,2026-05-17 04:19:21+00:00,2026-04-13 22:59:10+00:00,https://github.com/NVIDIA/TensorRT,2571,0,5.0493779160186625,0.1818601786264244
CycleGAN,junyanz/CycleGAN,junyanz,12855,1963,12855,59,12841,Lua,Other,True,True,True,False,False,11,110,2017-03-30 15:56:21+00:00,2026-05-16 13:11:25+00:00,2023-09-12 19:48:53+00:00,https://github.com/junyanz/CycleGAN,3334,0,3.8545727136431784,0.15269135034225265
pytorch-book,chenyuntc/pytorch-book,chenyuntc,12835,3744,12835,133,124970,Jupyter Notebook,MIT License,True,True,True,False,False,16,126,2017-05-24 07:49:38+00:00,2026-05-16 23:37:42+00:00,2023-12-24 05:46:11+00:00,https://github.com/chenyuntc/pytorch-book,3279,0,3.913109756097561,0.2916796509816142
clip-as-service,jina-ai/clip-as-service,jina-ai,12834,2069,12834,302,28701,Python,Other,True,False,False,True,False,15,75,2018-11-12 10:48:50+00:00,2026-05-16 12:51:41+00:00,2024-01-23 10:33:43+00:00,https://github.com/jina-ai/clip-as-service,2742,0,4.678818811520233,0.16119984417608102
the-incredible-pytorch,ritchieng/the-incredible-pytorch,ritchieng,12534,2214,12534,4,601,,MIT License,True,True,True,True,False,6,113,2017-02-11 08:33:11+00:00,2026-05-16 17:32:07+00:00,2026-04-19 10:36:27+00:00,https://github.com/ritchieng/the-incredible-pytorch,3381,0,3.7060910703725605,0.17662544874351815
HRM,sapientinc/HRM,sapientinc,12425,1818,12425,76,119,Python,Apache License 2.0,True,True,False,False,False,4,45,2025-07-09 02:09:32+00:00,2026-05-16 20:50:02+00:00,2026-03-31 23:08:31+00:00,https://github.com/sapientinc/HRM,312,0,39.6964856230032,0.14630613230323516
Time-Series-Library,thuml/Time-Series-Library,thuml,12271,1940,12271,42,80313,Python,MIT License,True,True,True,False,False,3,80,2023-02-13 08:47:46+00:00,2026-05-17 05:09:16+00:00,2026-04-18 21:01:40+00:00,https://github.com/thuml/Time-Series-Library,1188,0,10.320437342304457,0.15808344198174706
MOSS,OpenMOSS/MOSS,OpenMOSS,12121,1135,12121,241,39938,Python,Apache License 2.0,True,True,False,False,False,6,81,2023-04-15 14:07:44+00:00,2026-05-15 19:42:35+00:00,2024-07-13 14:52:59+00:00,https://github.com/OpenMOSS/MOSS,1127,1,10.745567375886525,0.09363141395809273
pix2code,tonybeltramelli/pix2code,tonybeltramelli,12035,1434,12035,9,1233636,Python,Apache License 2.0,False,True,True,False,False,5,68,2017-05-24 05:51:41+00:00,2026-05-16 13:38:20+00:00,2024-05-29 04:48:27+00:00,https://github.com/tonybeltramelli/pix2code,3280,0,3.668088997256934,0.11914257228315055
neural-enhance,alexjc/neural-enhance,alexjc,11870,1363,11870,153,3362,Python,GNU Affero General Public License v3.0,False,True,False,False,True,0,48,2016-10-01 13:01:50+00:00,2026-05-16 13:01:37+00:00,2020-12-29 08:43:04+00:00,https://github.com/alexjc/neural-enhance,3514,0,3.3769559032716927,0.11481762277819897
spinningup,openai/spinningup,openai,11768,2457,11768,253,31762,Python,MIT License,True,True,True,False,False,0,73,2018-11-07 20:52:15+00:00,2026-05-17 05:17:47+00:00,2024-08-05 03:30:30+00:00,https://github.com/openai/spinningup,2747,0,4.282387190684134,0.2087687993882233
speechbrain,speechbrain/speechbrain,speechbrain,11546,1685,11546,179,104657,Python,Apache License 2.0,True,True,False,False,False,20,30,2020-04-28 17:48:45+00:00,2026-05-17 04:29:21+00:00,2026-05-13 14:03:30+00:00,https://github.com/speechbrain/speechbrain,2209,0,5.224434389140272,0.14592534857538755
Pytorch-UNet,milesial/Pytorch-UNet,milesial,11440,2746,11440,126,48537,Python,GNU General Public License v3.0,True,False,False,False,False,11,92,2017-08-16 12:17:08+00:00,2026-05-17 01:50:20+00:00,2024-08-11 03:00:15+00:00,https://github.com/milesial/Pytorch-UNet,3195,0,3.579474342928661,0.2400139847915392
PythonPark,Jack-Cherish/PythonPark,Jack-Cherish,11438,1685,11438,3,2886,Python,,True,True,True,False,False,7,82,2020-04-29 06:24:33+00:00,2026-05-16 17:14:42+00:00,2024-11-26 06:12:16+00:00,https://github.com/Jack-Cherish/PythonPark,2209,0,5.175565610859729,0.14730308593408514
deep_learning_object_detection,hoya012/deep_learning_object_detection,hoya012,11401,2758,11401,5,785,Python,,True,True,True,False,False,5,53,2018-09-18 01:37:58+00:00,2026-05-15 02:17:49+00:00,2024-02-12 09:30:31+00:00,https://github.com/hoya012/deep_learning_object_detection,2798,2,4.073240443015362,0.2418873881775127
DALLE2-pytorch,lucidrains/DALLE2-pytorch,lucidrains,11317,1081,11317,73,3946,Python,MIT License,True,True,True,False,False,3,96,2022-04-07 04:14:08+00:00,2026-05-15 23:51:52+00:00,2024-05-11 19:18:10+00:00,https://github.com/lucidrains/DALLE2-pytorch,1501,1,7.53462050599201,0.09551157448312422
LAVIS,salesforce/LAVIS,salesforce,11222,1108,11222,499,83199,Jupyter Notebook,"BSD 3-Clause ""New"" or ""Revised"" License",True,True,False,True,False,11,59,2022-08-24 02:36:01+00:00,2026-05-15 03:18:30+00:00,2024-11-18 19:51:42+00:00,https://github.com/salesforce/LAVIS,1362,2,8.233308877476155,0.09872583088300811
FastPhotoStyle,NVIDIA/FastPhotoStyle,NVIDIA,11183,1190,11183,57,51946,Python,Other,True,True,True,False,False,0,48,2018-02-14 17:29:52+00:00,2026-05-15 08:48:08+00:00,2023-06-07 07:40:31+00:00,https://github.com/NVIDIA/FastPhotoStyle,3013,1,3.710351692103517,0.10640200286123033
convnetjs,karpathy/convnetjs,karpathy,11161,2075,11161,75,27806,JavaScript,MIT License,True,True,True,False,False,0,100,2014-01-05 00:12:15+00:00,2026-05-17 01:21:24+00:00,2023-01-07 21:33:23+00:00,https://github.com/karpathy/convnetjs,4515,0,2.4714348981399468,0.18589858448306756
awesome-deep-vision,kjw0612/awesome-deep-vision,kjw0612,11156,2775,11156,46,326,,,True,True,True,True,False,0,62,2015-05-18 11:02:08+00:00,2026-05-17 01:06:55+00:00,2023-08-15 10:52:15+00:00,https://github.com/kjw0612/awesome-deep-vision,4016,0,2.7771969131192433,0.24872277493949987
fast-style-transfer,lengstrom/fast-style-transfer,lengstrom,10967,2560,10967,112,11288,Python,,True,True,True,False,False,4,43,2016-07-21 02:59:11+00:00,2026-05-14 12:08:36+00:00,2023-07-16 02:36:30+00:00,https://github.com/lengstrom/fast-style-transfer,3587,2,3.056577480490524,0.23340627279358134
text-generation-inference,huggingface/text-generation-inference,huggingface,10855,1269,10855,324,14170,Python,Apache License 2.0,True,False,False,True,True,9,46,2022-10-08 10:26:28+00:00,2026-05-16 03:59:47+00:00,2026-03-21 11:34:22+00:00,https://github.com/huggingface/text-generation-inference,1316,1,8.242217160212604,0.11689388356669123
tianshou,thu-ml/tianshou,thu-ml,10704,1308,10704,134,50457,Python,MIT License,True,True,True,False,False,19,55,2018-04-16 22:47:38+00:00,2026-05-17 03:36:13+00:00,2026-04-03 21:34:47+00:00,https://github.com/thu-ml/tianshou,2952,0,3.6247883508296646,0.1221858944418496
pix2pix,phillipi/pix2pix,phillipi,10638,1735,10638,92,2497,Lua,Other,True,True,True,False,False,10,60,2016-11-16 22:48:50+00:00,2026-05-16 15:26:21+00:00,2021-06-06 12:09:47+00:00,https://github.com/phillipi/pix2pix,3468,0,3.0665897953300663,0.16307923677037314
denoising-diffusion-pytorch,lucidrains/denoising-diffusion-pytorch,lucidrains,10558,1272,10558,151,2636,Python,MIT License,True,True,True,False,False,4,68,2020-08-26 02:22:10+00:00,2026-05-15 13:06:27+00:00,2026-02-11 19:56:18+00:00,https://github.com/lucidrains/denoising-diffusion-pytorch,2090,1,5.049258727881396,0.1204659532152666
YOLOX,Megvii-BaseDetection/YOLOX,Megvii-BaseDetection,10462,2467,10462,773,7721,Python,Apache License 2.0,True,True,True,False,False,11,172,2021-07-17 02:01:45+00:00,2026-05-16 13:51:46+00:00,2025-06-08 03:52:54+00:00,https://github.com/Megvii-BaseDetection/YOLOX,1765,0,5.924122310305775,0.2357832361655357
openvino,openvinotoolkit/openvino,openvinotoolkit,10255,3215,10255,780,933249,C++,Apache License 2.0,True,True,True,True,False,19,77,2018-10-15 10:54:40+00:00,2026-05-17 04:30:59+00:00,2026-05-16 11:09:26+00:00,https://github.com/openvinotoolkit/openvino,2770,0,3.7008300252616384,0.31347503900156004
TTS,mozilla/TTS,mozilla,10137,1325,10137,38,125774,Jupyter Notebook,Mozilla Public License 2.0,True,True,True,False,False,16,114,2018-01-23 14:22:06+00:00,2026-05-16 21:10:39+00:00,2023-11-09 15:37:59+00:00,https://github.com/mozilla/TTS,3035,0,3.338932806324111,0.1306963898204774
lama,advimman/lama,advimman,9953,1055,9953,123,8938,Jupyter Notebook,Apache License 2.0,True,True,True,False,False,18,102,2021-08-30 18:27:52+00:00,2026-05-16 07:58:15+00:00,2025-02-05 08:41:52+00:00,https://github.com/advimman/lama,1720,0,5.783265543288786,0.10598754269640345
manga-image-translator,zyddnys/manga-image-translator,zyddnys,9904,992,9904,143,89343,Python,GNU General Public License v3.0,True,True,True,False,False,15,80,2021-02-18 03:03:23+00:00,2026-05-17 03:27:30+00:00,2026-04-23 10:46:02+00:00,https://github.com/zyddnys/manga-image-translator,1914,0,5.171801566579634,0.10015143866733972
pytorch3d,facebookresearch/pytorch3d,facebookresearch,9874,1456,9874,318,50400,Python,Other,True,True,False,True,False,0,81,2019-10-25 02:23:45+00:00,2026-05-16 14:43:19+00:00,2026-05-15 03:31:49+00:00,https://github.com/facebookresearch/pytorch3d,2396,0,4.119315811430956,0.14744303797468356
neural-doodle,alexjc/neural-doodle,alexjc,9863,895,9863,50,5380,Python,GNU Affero General Public License v3.0,False,True,False,False,True,5,260,2016-03-05 23:35:18+00:00,2026-05-16 13:01:54+00:00,2020-10-01 16:54:52+00:00,https://github.com/alexjc/neural-doodle,3724,0,2.6477852348993287,0.09073398215733983
espnet,espnet/espnet,espnet,9838,2402,9838,60,1486885,Python,Apache License 2.0,True,True,True,True,False,16,36,2017-12-13 00:45:11+00:00,2026-05-17 02:50:21+00:00,2026-05-14 15:54:03+00:00,https://github.com/espnet/espnet,3077,0,3.1962313190383367,0.24413050106718162
cutlass,NVIDIA/cutlass,NVIDIA,9730,1856,9730,640,67022,C++,Other,True,True,True,True,False,7,66,2017-11-30 00:11:24+00:00,2026-05-17 04:30:20+00:00,2026-05-13 03:39:02+00:00,https://github.com/NVIDIA/cutlass,3090,0,3.1478485926884505,0.19073065460898161
U-2-Net,xuebinqin/U-2-Net,xuebinqin,9730,1610,9730,248,68541,Python,Apache License 2.0,True,True,True,False,False,7,144,2020-05-04 17:10:28+00:00,2026-05-16 14:52:32+00:00,2024-06-26 04:16:45+00:00,https://github.com/xuebinqin/U-2-Net,2203,0,4.41470054446461,0.165450621724386
attention-is-all-you-need-pytorch,jadore801120/attention-is-all-you-need-pytorch,jadore801120,9719,2093,9719,82,166,Python,MIT License,True,True,True,False,False,6,81,2017-06-14 10:15:20+00:00,2026-05-17 01:21:05+00:00,2024-04-16 07:27:13+00:00,https://github.com/jadore801120/attention-is-all-you-need-pytorch,3258,0,2.9822031297944154,0.21532921810699587
models,onnx/models,onnx,9611,1574,9611,213,428957,Jupyter Notebook,Apache License 2.0,True,False,False,True,False,5,72,2017-10-06 00:03:03+00:00,2026-05-16 18:20:25+00:00,2026-05-01 03:43:09+00:00,https://github.com/onnx/models,3145,0,3.054990464081373,0.16375364128173117
facechain,modelscope/facechain,modelscope,9491,886,9491,23,101027,Jupyter Notebook,Apache License 2.0,True,True,True,False,False,0,72,2023-08-10 10:46:54+00:00,2026-05-16 21:12:24+00:00,2025-06-06 09:32:00+00:00,https://github.com/modelscope/facechain,1010,0,9.387734915924828,0.09334176148335441
einops,arogozhnikov/einops,arogozhnikov,9485,398,9485,40,2991,Python,MIT License,True,True,True,True,False,9,104,2018-09-22 00:45:08+00:00,2026-05-16 10:24:59+00:00,2026-04-19 19:10:50+00:00,https://github.com/arogozhnikov/einops,2794,0,3.3935599284436493,0.041956567573265866
udlbook,udlbook/udlbook,udlbook,9484,2242,9484,5,442212,Jupyter Notebook,Other,True,True,True,True,False,0,47,2022-08-01 13:48:44+00:00,2026-05-17 06:13:47+00:00,2026-02-24 21:50:54+00:00,https://github.com/udlbook/udlbook,1384,0,6.847653429602888,0.2363732208750659
so-vits-svc-fork,voicepaw/so-vits-svc-fork,voicepaw,9292,1223,9292,156,23862,Python,Other,True,False,True,False,False,15,77,2023-03-15 14:15:50+00:00,2026-05-16 05:59:28+00:00,2026-05-15 08:54:03+00:00,https://github.com/voicepaw/so-vits-svc-fork,1158,1,8.01725625539258,0.13160443344452813
Keras-GAN,eriklindernoren/Keras-GAN,eriklindernoren,9210,3087,9210,147,90527,Python,MIT License,True,True,True,False,False,5,57,2017-07-11 16:24:53+00:00,2026-05-08 23:10:41+00:00,2022-12-12 05:55:51+00:00,https://github.com/eriklindernoren/Keras-GAN,3231,8,2.849628712871287,0.3351427640864184
deeplake,activeloopai/deeplake,activeloopai,9127,710,9127,67,131108,C++,Apache License 2.0,True,True,True,False,False,19,141,2019-08-09 06:17:59+00:00,2026-05-17 03:26:05+00:00,2026-05-12 14:04:33+00:00,https://github.com/activeloopai/deeplake,2473,0,3.689167340339531,0.07778264680105171
pwnagotchi,evilsocket/pwnagotchi,evilsocket,9068,1225,9068,296,8591,Python,Other,True,False,False,False,False,7,77,2019-09-19 13:07:15+00:00,2026-05-17 00:49:14+00:00,2025-08-23 12:24:16+00:00,https://github.com/evilsocket/pwnagotchi,2431,0,3.7286184210526314,0.1350755320321976
video-subtitle-extractor,YaoFANGUK/video-subtitle-extractor,YaoFANGUK,8825,900,8825,233,1657109,Python,Apache License 2.0,True,True,True,False,False,8,162,2020-10-04 18:01:25+00:00,2026-05-17 03:16:11+00:00,2026-04-09 15:27:37+00:00,https://github.com/YaoFANGUK/video-subtitle-extractor,2050,0,4.302779132130668,0.10197144799456152
introtodeeplearning,MITDeepLearning/introtodeeplearning,MITDeepLearning,8643,4514,8643,95,184940,Jupyter Notebook,MIT License,True,True,True,False,False,12,59,2018-01-28 18:26:44+00:00,2026-05-17 05:20:07+00:00,2026-01-04 21:17:16+00:00,https://github.com/MITDeepLearning/introtodeeplearning,3030,0,2.8515341471461566,0.522211938917168
MVision,Ewenwan/MVision,Ewenwan,8633,2790,8633,19,925912,C++,,True,True,True,False,False,7,72,2017-09-24 06:25:27+00:00,2026-05-15 19:48:10+00:00,2024-07-09 10:25:36+00:00,https://github.com/Ewenwan/MVision,3157,1,2.733692210259658,0.3231410701876303
LMFlow,OptimalScale/LMFlow,OptimalScale,8485,832,8485,87,57886,Python,Apache License 2.0,True,True,False,True,False,7,100,2023-03-27 13:56:29+00:00,2026-05-16 05:59:32+00:00,2026-05-07 04:45:18+00:00,https://github.com/OptimalScale/LMFlow,1146,1,7.3975588491717525,0.09804383690784822
EmotiVoice,netease-youdao/EmotiVoice,netease-youdao,8480,752,8480,136,3852,Python,Apache License 2.0,True,True,True,False,False,13,60,2023-11-08 10:15:27+00:00,2026-05-16 09:21:37+00:00,2024-08-13 10:23:52+00:00,https://github.com/netease-youdao/EmotiVoice,920,0,9.207383279044517,0.08866878905789412
imagen-pytorch,lucidrains/imagen-pytorch,lucidrains,8407,798,8407,104,1123,Python,MIT License,True,True,True,False,False,5,75,2022-05-23 22:06:13+00:00,2026-05-13 13:18:57+00:00,2024-10-07 13:00:53+00:00,https://github.com/lucidrains/imagen-pytorch,1454,3,5.778006872852234,0.09490960989533777
ASRT_SpeechRecognition,nl8590687/ASRT_SpeechRecognition,nl8590687,8373,1898,8373,113,8106,Python,GNU General Public License v3.0,True,True,True,False,False,10,71,2017-03-06 15:28:21+00:00,2026-05-11 07:06:51+00:00,2026-04-10 15:33:28+00:00,https://github.com/nl8590687/ASRT_SpeechRecognition,3358,5,2.4927061625483775,0.22665392882732266
MONAI,Project-MONAI/MONAI,Project-MONAI,8171,1494,8171,470,72107,Python,Apache License 2.0,True,True,True,True,False,7,33,2019-10-11 16:41:38+00:00,2026-05-17 02:26:47+00:00,2026-05-15 15:17:09+00:00,https://github.com/Project-MONAI/MONAI,2409,0,3.3904564315352697,0.1828193832599119
DeepCTR,shenweichen/DeepCTR,shenweichen,8031,2229,8031,61,7760,Python,Apache License 2.0,True,True,True,False,False,20,78,2017-10-07 07:40:37+00:00,2026-05-17 01:02:46+00:00,2026-04-26 09:50:35+00:00,https://github.com/shenweichen/DeepCTR,3143,0,2.5543893129770994,0.27751494023904383
text_classification,brightmart/text_classification,brightmart,7939,2539,7939,46,14810,Python,MIT License,True,True,True,False,False,13,67,2017-05-30 14:25:42+00:00,2026-05-13 06:38:39+00:00,2023-09-28 05:55:11+00:00,https://github.com/brightmart/text_classification,3273,4,2.4248625534514354,0.3197732997481108
PaLM-rlhf-pytorch,lucidrains/PaLM-rlhf-pytorch,lucidrains,7866,679,7866,20,36002,Python,MIT License,True,True,True,False,False,6,132,2022-12-09 17:53:46+00:00,2026-05-13 13:19:54+00:00,2025-10-11 18:50:56+00:00,https://github.com/lucidrains/PaLM-rlhf-pytorch,1254,3,6.267729083665339,0.08630990212279141
vits,jaywalnut310/vits,jaywalnut310,7851,1389,7851,166,3423,Python,MIT License,True,True,True,False,False,5,97,2021-05-26 23:38:12+00:00,2026-05-16 20:50:12+00:00,2023-12-06 01:29:50+00:00,https://github.com/jaywalnut310/vits,1816,0,4.320858558062741,0.1768976057055527
tensorrtx,wang-xinyu/tensorrtx,wang-xinyu,7769,1865,7769,5,2594,C++,MIT License,True,True,True,False,False,19,85,2019-11-25 09:01:36+00:00,2026-05-16 07:21:40+00:00,2026-03-07 10:45:14+00:00,https://github.com/wang-xinyu/tensorrtx,2364,0,3.2849894291754755,0.24002574002574004
deep-learning-coursera,Kulbear/deep-learning-coursera,Kulbear,7726,5479,7726,24,49757,Jupyter Notebook,MIT License,False,True,True,False,True,2,54,2017-08-09 12:28:46+00:00,2026-05-16 14:00:50+00:00,2019-05-22 09:25:59+00:00,https://github.com/Kulbear/deep-learning-coursera,3202,0,2.412113643459257,0.709072084897114
Grokking-Deep-Learning,iamtrask/Grokking-Deep-Learning,iamtrask,7702,1625,7702,54,22018,Jupyter Notebook,,True,True,True,False,False,0,61,2016-08-12 01:37:50+00:00,2026-05-16 13:14:51+00:00,2024-06-01 15:33:42+00:00,https://github.com/iamtrask/Grokking-Deep-Learning,3565,0,2.1598429613011776,0.2109567700895755
PyTorch-VAE,AntixK/PyTorch-VAE,AntixK,7640,1184,7640,67,47582,Python,Apache License 2.0,True,True,True,False,False,17,58,2020-01-10 12:41:23+00:00,2026-05-16 12:25:09+00:00,2025-03-21 22:00:34+00:00,https://github.com/AntixK/PyTorch-VAE,2318,0,3.2945235015092713,0.15495354011255072
From-0-to-Research-Scientist-resources-guide,ahmedbahaaeldin/From-0-to-Research-Scientist-resources-guide,ahmedbahaaeldin,7619,1072,7619,11,221,,,True,True,True,False,False,7,126,2021-03-16 07:52:23+00:00,2026-05-15 21:13:21+00:00,2024-03-14 10:57:31+00:00,https://github.com/ahmedbahaaeldin/From-0-to-Research-Scientist-resources-guide,1887,1,4.035487288135593,0.14068241469816273
face-alignment,1adrianb/face-alignment,1adrianb,7514,1383,7514,89,6778,Python,"BSD 3-Clause ""New"" or ""Revised"" License",True,False,True,False,False,6,60,2017-09-15 20:32:44+00:00,2026-05-17 02:13:27+00:00,2026-04-06 22:19:17+00:00,https://github.com/1adrianb/face-alignment,3165,0,2.3733417561591916,0.18403193612774452
awesome-object-detection,amusi/awesome-object-detection,amusi,7501,1922,7501,7,79,,,True,True,True,False,False,5,130,2018-04-06 15:58:50+00:00,2026-05-15 02:22:23+00:00,2022-12-17 04:28:58+00:00,https://github.com/amusi/awesome-object-detection,2962,2,2.5315558555518054,0.256198347107438
transformer-explainer,poloclub/transformer-explainer,poloclub,7476,810,7476,17,2115457,JavaScript,MIT License,True,True,True,True,False,6,100,2024-05-16 21:42:10+00:00,2026-05-17 03:53:52+00:00,2026-05-14 23:54:09+00:00,https://github.com/poloclub/transformer-explainer,730,0,10.227086183310533,0.10833221880433329
mmagic,open-mmlab/mmagic,open-mmlab,7426,1102,7426,68,32792,Jupyter Notebook,Apache License 2.0,True,True,True,False,False,19,244,2019-08-23 13:04:29+00:00,2026-05-15 09:10:52+00:00,2024-08-06 07:19:40+00:00,https://github.com/open-mmlab/mmagic,2458,1,3.019926799511997,0.1483775414029891
Machine-Learning-Specialization-Coursera,greyhatguy007/Machine-Learning-Specialization-Coursera,greyhatguy007,7398,3662,7398,23,39317,Jupyter Notebook,MIT License,True,True,True,False,False,19,149,2022-06-16 15:31:02+00:00,2026-05-17 06:32:40+00:00,2025-12-28 12:57:37+00:00,https://github.com/greyhatguy007/Machine-Learning-Specialization-Coursera,1430,0,5.169811320754717,0.4949317475334505
TensorLayer,tensorlayer/TensorLayer,tensorlayer,7388,1589,7388,36,104782,Python,Other,True,True,True,False,False,16,78,2016-06-07 15:55:16+00:00,2026-05-15 08:42:56+00:00,2023-02-18 07:58:21+00:00,https://github.com/tensorlayer/TensorLayer,3630,1,2.034701184246764,0.21504939775341725
lab,google-deepmind/lab,google-deepmind,7356,1398,7356,66,460126,C,Other,True,False,False,False,False,4,54,2016-11-30 13:41:26+00:00,2026-05-14 08:19:59+00:00,2023-01-04 15:38:37+00:00,https://github.com/google-deepmind/lab,3454,2,2.1290882778581763,0.19002310724480087
deep-learning-models,fchollet/deep-learning-models,fchollet,7351,2437,7351,89,45,Python,MIT License,True,True,True,False,False,0,62,2016-08-03 20:59:28+00:00,2026-05-15 03:05:55+00:00,2020-10-01 05:28:40+00:00,https://github.com/fchollet/deep-learning-models,3573,2,2.056799104644656,0.33147442872687705
Paddle-Lite,PaddlePaddle/Paddle-Lite,PaddlePaddle,7256,1626,7256,66,329500,C++,Apache License 2.0,True,True,True,True,False,10,98,2017-09-20 11:41:42+00:00,2026-05-15 10:39:44+00:00,2026-04-27 09:16:13+00:00,https://github.com/PaddlePaddle/Paddle-Lite,3160,1,2.2954761151534324,0.22405952873088053
fun-rec,datawhalechina/fun-rec,datawhalechina,7103,1010,7103,3,192815,Python,,True,True,True,True,False,8,57,2020-08-09 04:37:34+00:00,2026-05-17 05:23:08+00:00,2026-04-16 07:35:20+00:00,https://github.com/datawhalechina/fun-rec,2107,0,3.3695445920303606,0.14217342342342343
OpenNMT-py,OpenNMT/OpenNMT-py,OpenNMT,7003,2250,7003,23,321651,Python,MIT License,True,False,False,True,False,6,77,2017-02-22 19:01:50+00:00,2026-05-15 22:04:59+00:00,2025-10-14 17:32:07+00:00,https://github.com/OpenNMT/OpenNMT-py,3370,1,2.0774250964105607,0.32124500285551116
SerpentAI,SerpentAI/SerpentAI,SerpentAI,6985,802,6985,2,3859,Python,MIT License,False,True,True,False,True,7,88,2017-04-16 21:48:39+00:00,2026-05-17 02:00:51+00:00,2022-11-07 01:59:31+00:00,https://github.com/SerpentAI/SerpentAI,3317,0,2.1051838456901746,0.11480103063269397
DeepPavlov,deeppavlov/DeepPavlov,deeppavlov,6981,1172,6981,53,32912,Python,Apache License 2.0,True,True,True,False,False,20,80,2017-11-17 14:35:29+00:00,2026-05-17 03:38:49+00:00,2025-08-06 07:11:40+00:00,https://github.com/deeppavlov/DeepPavlov,3102,0,2.249758298420883,0.1678602119736465
models,PaddlePaddle/models,PaddlePaddle,6942,2865,6942,870,471601,Python,Apache License 2.0,True,True,True,False,False,10,107,2017-04-20 13:30:15+00:00,2026-05-11 14:01:11+00:00,2025-01-15 17:54:36+00:00,https://github.com/PaddlePaddle/models,3313,5,2.0947495473747737,0.4126458303327092
pix2pixHD,NVIDIA/pix2pixHD,NVIDIA,6918,1415,6918,247,57017,Python,Other,True,False,False,False,False,9,68,2017-12-01 19:19:14+00:00,2026-05-15 04:51:01+00:00,2024-11-04 18:13:20+00:00,https://github.com/NVIDIA/pix2pixHD,3088,2,2.2395597280673356,0.20450932215638098
flower,flwrlabs/flower,flwrlabs,6903,1187,6903,314,274965,Python,Apache License 2.0,True,True,False,False,False,20,41,2020-02-17 11:51:29+00:00,2026-05-16 23:12:08+00:00,2026-05-17 00:36:59+00:00,https://github.com/flwrlabs/flower,2280,0,3.0263042525208244,0.17192931633835457
learning,amitness/learning,amitness,6872,883,6872,0,1024,,MIT License,False,False,False,False,False,7,28,2017-11-26 17:37:44+00:00,2026-05-17 03:10:44+00:00,2026-05-03 08:40:24+00:00,https://github.com/amitness/learning,3093,0,2.2210730446024565,0.12847373781463697
awesome-multimodal-ml,pliang279/awesome-multimodal-ml,pliang279,6872,901,6872,11,470,,MIT License,True,True,True,False,False,11,63,2019-05-27 23:03:48+00:00,2026-05-15 16:21:14+00:00,2024-08-20 19:46:33+00:00,https://github.com/pliang279/awesome-multimodal-ml,2546,1,2.6980761680408323,0.1310926815073476
practicalAI-cn,MLEveryday/practicalAI-cn,MLEveryday,6867,1421,6867,7,11321,Jupyter Notebook,MIT License,True,True,True,False,False,5,20,2018-12-11 09:40:16+00:00,2026-05-16 14:29:28+00:00,2026-04-02 08:05:42+00:00,https://github.com/MLEveryday/practicalAI-cn,2713,0,2.530213706705969,0.2069015725101922
AutoGPT,Significant-Gravitas/AutoGPT,Significant-Gravitas,184364,46232,184364,415,575432,Python,Other,True,False,True,False,False,11,152,2023-03-16 09:21:07+00:00,2026-05-17 05:19:17+00:00,2026-05-17 04:26:13+00:00,https://github.com/Significant-Gravitas/AutoGPT,1157,0,159.20898100172712,0.25076343123694844
Deep-Live-Cam,hacksider/Deep-Live-Cam,hacksider,93061,13544,93061,112,156131,Python,GNU Affero General Public License v3.0,True,True,True,False,False,18,73,2023-09-24 13:19:31+00:00,2026-05-17 04:54:07+00:00,2026-05-16 16:04:07+00:00,https://github.com/hacksider/Deep-Live-Cam,965,0,96.33643892339545,0.1455373836796974
claude-mem,thedotmack/claude-mem,thedotmack,76219,6545,76219,106,177066,TypeScript,Apache License 2.0,True,False,True,False,False,20,267,2025-08-31 20:50:03+00:00,2026-05-17 06:39:19+00:00,2026-05-17 05:37:32+00:00,https://github.com/thedotmack/claude-mem,258,0,294.2818532818533,0.08586985043295722
OpenHands,OpenHands/OpenHands,OpenHands,73787,9340,73787,413,331885,Python,Other,True,True,True,True,False,9,34,2024-03-13 03:33:31+00:00,2026-05-17 06:40:13+00:00,2026-05-17 00:44:37+00:00,https://github.com/OpenHands/OpenHands,795,0,92.69723618090453,0.12657884750908008
Flowise,FlowiseAI/Flowise,FlowiseAI,52869,24350,52869,860,81045,TypeScript,Other,True,True,False,False,False,17,25,2023-03-31 12:23:09+00:00,2026-05-17 05:51:14+00:00,2026-05-14 09:45:35+00:00,https://github.com/FlowiseAI/Flowise,1142,0,46.25459317585302,0.4605636466805372
minimind,jingyaogong/minimind,jingyaogong,49999,6359,49999,35,38340,Python,Apache License 2.0,True,True,True,True,False,2,76,2024-07-27 04:34:12+00:00,2026-05-17 06:29:02+00:00,2026-05-16 10:08:44+00:00,https://github.com/jingyaogong/minimind,659,0,75.7560606060606,0.12718
kong,Kong/kong,Kong,43400,5136,43400,139,97299,Lua,Apache License 2.0,True,False,False,False,False,20,24,2014-11-17 23:56:08+00:00,2026-05-17 03:14:05+00:00,2026-03-27 17:42:51+00:00,https://github.com/Kong/kong,4198,0,10.335794236723029,0.1183382871362411
minds-platform,mindsdb/minds-platform,mindsdb,39180,6209,39180,83,281290,Python,Other,True,True,True,True,False,14,194,2018-08-02 17:56:45+00:00,2026-05-17 06:27:53+00:00,2026-05-17 05:50:18+00:00,https://github.com/mindsdb/minds-platform,2844,0,13.77152899824253,0.15846966641994845
DragGAN,XingangPan/DragGAN,XingangPan,35862,3428,35862,153,34847,Python,Other,True,True,True,False,False,4,41,2023-05-18 10:08:02+00:00,2026-05-16 14:06:18+00:00,2024-05-18 17:51:40+00:00,https://github.com/XingangPan/DragGAN,1094,0,32.75068493150685,0.09558597997936592
fairseq,facebookresearch/fairseq,facebookresearch,32220,6683,32220,1353,26071,Python,MIT License,True,True,False,False,True,3,68,2017-08-29 16:26:12+00:00,2026-05-16 07:16:01+00:00,2025-09-30 11:16:06+00:00,https://github.com/facebookresearch/fairseq,3182,0,10.122525918944392,0.20741131560162626
Jobs_Applier_AI_Agent_AIHawk,feder-cr/Jobs_Applier_AI_Agent_AIHawk,feder-cr,29767,4550,29767,26,192,Python,GNU Affero General Public License v3.0,True,False,False,True,True,20,177,2024-08-04 12:15:06+00:00,2026-05-17 05:03:56+00:00,2026-05-17 00:16:40+00:00,https://github.com/feder-cr/Jobs_Applier_AI_Agent_AIHawk,650,0,45.725038402457756,0.152848696586939
sim,simstudioai/sim,simstudioai,28503,3602,28503,199,445377,TypeScript,Apache License 2.0,True,True,False,False,False,18,102,2025-01-05 22:47:49+00:00,2026-05-17 06:24:34+00:00,2026-05-17 06:34:52+00:00,https://github.com/simstudioai/sim,496,0,57.35010060362173,0.12636822902048836
semantic-kernel,microsoft/semantic-kernel,microsoft,27916,4604,27916,297,102826,C#,MIT License,True,True,False,False,False,5,71,2023-02-27 17:39:42+00:00,2026-05-17 05:12:44+00:00,2026-05-14 02:10:27+00:00,https://github.com/microsoft/semantic-kernel,1174,0,23.758297872340425,0.16491743382168572
awesome-ai-agents,e2b-dev/awesome-ai-agents,e2b-dev,27863,2883,27863,646,117748,,Other,True,False,False,False,False,13,30,2023-06-19 00:20:06+00:00,2026-05-17 06:26:09+00:00,2025-02-26 10:04:45+00:00,https://github.com/e2b-dev/awesome-ai-agents,1063,0,26.18703007518797,0.10346683893195521
InvokeAI,invoke-ai/InvokeAI,invoke-ai,27208,2842,27208,435,358262,TypeScript,Apache License 2.0,True,True,True,True,False,13,302,2022-08-17 01:04:27+00:00,2026-05-17 03:11:20+00:00,2026-05-16 16:14:05+00:00,https://github.com/invoke-ai/InvokeAI,1369,0,19.85985401459854,0.10445073321327501
h4cker,The-Art-of-Hacking/h4cker,The-Art-of-Hacking,26376,5026,26376,0,156294,Jupyter Notebook,MIT License,True,True,True,False,False,20,314,2017-06-19 17:11:19+00:00,2026-05-17 05:39:55+00:00,2026-05-10 00:39:57+00:00,https://github.com/The-Art-of-Hacking/h4cker,3253,0,8.105716041794714,0.19054479281191947
Hands-On-Large-Language-Models,HandsOnLLM/Hands-On-Large-Language-Models,HandsOnLLM,26358,6130,26358,35,13180,Jupyter Notebook,Apache License 2.0,True,True,True,False,False,7,75,2024-06-28 11:49:46+00:00,2026-05-17 05:52:36+00:00,2026-04-24 10:20:08+00:00,https://github.com/HandsOnLLM/Hands-On-Large-Language-Models,687,0,38.31104651162791,0.23255813953488372
strix,usestrix/strix,usestrix,25337,2823,25337,91,5244,Python,Apache License 2.0,True,True,True,False,False,6,66,2025-08-05 21:28:30+00:00,2026-05-17 05:39:58+00:00,2026-05-11 17:58:06+00:00,https://github.com/usestrix/strix,284,0,88.9017543859649,0.1114136869524035
vit-pytorch,lucidrains/vit-pytorch,lucidrains,25176,3492,25176,142,10965,Python,MIT License,True,True,True,False,False,5,142,2020-10-03 22:47:24+00:00,2026-05-17 05:17:50+00:00,2026-05-01 20:49:48+00:00,https://github.com/lucidrains/vit-pytorch,2051,0,12.269005847953217,0.1386980180323311
repomix,yamadashy/repomix,yamadashy,24953,1252,24953,160,22887,TypeScript,MIT License,True,False,False,True,False,20,275,2024-07-13 07:11:32+00:00,2026-05-17 06:35:08+00:00,2026-05-16 15:36:11+00:00,https://github.com/yamadashy/repomix,672,0,37.077265973254086,0.05017231706339665
ai,vercel/ai,vercel,24272,4414,24272,1625,232463,TypeScript,Other,True,True,False,False,False,15,150,2023-05-23 15:04:08+00:00,2026-05-17 06:18:34+00:00,2026-05-16 07:08:42+00:00,https://github.com/vercel/ai,1089,0,22.26788990825688,0.18184814402834426
Ciphey,bee-san/Ciphey,bee-san,21393,1437,21393,3,22793,Rust,MIT License,True,False,True,False,False,17,107,2019-07-16 20:20:39+00:00,2026-05-17 03:00:57+00:00,2026-05-06 19:05:27+00:00,https://github.com/bee-san/Ciphey,2496,0,8.567480977172607,0.06716836496213892
dyad,dyad-sh/dyad,dyad-sh,20361,2396,20361,253,34365,TypeScript,Other,True,True,True,False,False,19,115,2025-04-11 06:33:48+00:00,2026-05-17 04:05:12+00:00,2026-05-17 03:46:47+00:00,https://github.com/dyad-sh/dyad,401,0,50.649253731343286,0.11767016992436892
owl,camel-ai/owl,camel-ai,19778,2276,19778,110,38179,Python,,True,True,False,False,False,5,100,2025-03-03 15:42:51+00:00,2026-05-17 01:16:25+00:00,2026-05-15 13:07:59+00:00,https://github.com/camel-ai/owl,439,0,44.95,0.11507154052277668
DeepResearch,Alibaba-NLP/DeepResearch,Alibaba-NLP,18880,1455,18880,88,309493,Python,Apache License 2.0,True,True,False,True,False,9,65,2025-01-09 11:07:35+00:00,2026-05-17 06:39:44+00:00,2026-02-27 13:12:11+00:00,https://github.com/Alibaba-NLP/DeepResearch,492,0,38.29614604462475,0.07706159631375457
L1B3RT4S,elder-plinius/L1B3RT4S,elder-plinius,18851,2279,18851,68,1047,,GNU Affero General Public License v3.0,True,True,True,False,False,17,203,2024-04-08 16:49:12+00:00,2026-05-17 05:09:55+00:00,2026-02-17 15:30:36+00:00,https://github.com/elder-plinius/L1B3RT4S,768,0,24.51365409622887,0.12088903034160832
AirSim,microsoft/AirSim,microsoft,18165,4891,18165,725,376796,C++,Other,True,True,True,True,False,17,106,2017-02-14 00:52:29+00:00,2026-05-17 05:06:34+00:00,2026-03-15 23:17:10+00:00,https://github.com/microsoft/AirSim,3379,0,5.374260355029586,0.26923923813717937
SuperAGI,TransformerOptimus/SuperAGI,TransformerOptimus,17524,2211,17524,256,63451,Python,MIT License,True,True,True,False,False,15,160,2023-05-13 08:55:24+00:00,2026-05-17 03:00:38+00:00,2025-01-22 22:14:07+00:00,https://github.com/TransformerOptimus/SuperAGI,1099,0,15.930909090909092,0.1261626248216833
leon,leon-ai/leon,leon-ai,17233,1447,17233,104,26726,TypeScript,MIT License,True,False,False,False,False,20,46,2019-02-10 12:25:12+00:00,2026-05-17 02:45:32+00:00,2026-05-17 02:48:44+00:00,https://github.com/leon-ai/leon,2652,0,6.495665284583491,0.08396193570848323
Book-Mathematical-Foundation-of-Reinforcement-Learning,MathFoundationRL/Book-Mathematical-Foundation-of-Reinforcement-Learning,MathFoundationRL,16192,1524,16192,0,49966,MATLAB,,False,False,True,False,False,5,97,2022-08-07 06:22:20+00:00,2026-05-17 03:33:53+00:00,2026-05-09 12:52:38+00:00,https://github.com/MathFoundationRL/Book-Mathematical-Foundation-of-Reinforcement-Learning,1379,0,11.733333333333333,0.0941147409374421
reinforcement-learning-an-introduction,ShangtongZhang/reinforcement-learning-an-introduction,ShangtongZhang,14652,4963,14652,22,6085,Python,MIT License,True,True,True,False,False,2,64,2016-09-13 16:24:05+00:00,2026-05-17 02:57:58+00:00,2024-08-09 01:09:15+00:00,https://github.com/ShangtongZhang/reinforcement-learning-an-introduction,3532,0,4.147183696575149,0.3387019722923633
MidJourney-Styles-and-Keywords-Reference,willwulfken/MidJourney-Styles-and-Keywords-Reference,willwulfken,12291,1636,12291,1,24044518,,,True,True,True,True,False,17,161,2022-07-03 07:08:06+00:00,2026-05-17 03:42:47+00:00,2025-04-11 06:05:47+00:00,https://github.com/willwulfken/MidJourney-Styles-and-Keywords-Reference,1413,0,8.692362093352193,0.13309469573706476
awesome-generative-ai,steven2358/awesome-generative-ai,steven2358,12001,1614,12001,262,418,,Creative Commons Zero v1.0 Universal,True,True,True,False,False,8,81,2022-10-20 11:18:17+00:00,2026-05-17 01:29:25+00:00,2026-05-14 23:15:12+00:00,https://github.com/steven2358/awesome-generative-ai,1304,0,9.19616858237548,0.13447758706882187
TabNine,codota/TabNine,codota,10793,539,10793,1,16448,Shell,MIT License,True,False,False,False,False,20,19,2018-11-06 05:49:28+00:00,2026-05-13 23:54:56+00:00,2025-09-04 10:40:43+00:00,https://github.com/codota/TabNine,2749,3,3.9247272727272726,0.04993514915693904
paper2gui,Baiyuetribe/paper2gui,Baiyuetribe,10723,882,10723,16,138744,Jupyter Notebook,MIT License,True,True,True,False,False,16,128,2021-10-10 04:54:02+00:00,2026-05-16 05:59:02+00:00,2024-09-20 05:57:52+00:00,https://github.com/Baiyuetribe/paper2gui,1680,1,6.378941106484236,0.08224543080939947
PocketFlow,The-Pocket/PocketFlow,The-Pocket,10626,1159,10626,68,51812,Python,MIT License,True,True,True,True,False,20,61,2024-12-24 02:43:30+00:00,2026-05-17 06:35:29+00:00,2026-03-27 18:48:41+00:00,https://github.com/The-Pocket/PocketFlow,509,0,20.83529411764706,0.10906182365672344
WasmEdge,WasmEdge/WasmEdge,WasmEdge,10592,1056,10592,201,28193,C++,Apache License 2.0,True,True,False,True,False,15,231,2019-11-29 19:00:17+00:00,2026-05-16 07:45:01+00:00,2026-05-15 09:59:18+00:00,https://github.com/WasmEdge/WasmEdge,2360,0,4.486234646336298,0.09968847352024922
spring-ai-alibaba,alibaba/spring-ai-alibaba,alibaba,9633,2147,9633,310,231014,Java,Apache License 2.0,True,True,False,False,False,9,40,2024-09-09 01:35:50+00:00,2026-05-17 05:47:53+00:00,2026-05-16 09:05:08+00:00,https://github.com/alibaba/spring-ai-alibaba,615,0,15.637987012987013,0.22285654971974259
warriorjs,olistic/warriorjs,olistic,9512,500,9512,19,7130,TypeScript,MIT License,True,False,False,True,False,14,61,2015-04-29 14:25:02+00:00,2026-05-17 05:33:05+00:00,2026-03-27 14:14:07+00:00,https://github.com/olistic/warriorjs,4035,0,2.356788899900892,0.052559655208661835
ccf-deadlines,ccfddl/ccf-deadlines,ccfddl,8997,596,8997,16,13858,Rust,MIT License,True,False,False,False,False,11,85,2021-02-01 06:08:25+00:00,2026-05-16 17:07:02+00:00,2026-05-14 10:37:55+00:00,https://github.com/ccfddl/ccf-deadlines,1931,0,4.656832298136646,0.06623694154256501
ai-collection,ai-collection/ai-collection,ai-collection,8933,976,8933,54,39296,,MIT License,True,True,True,False,False,13,80,2023-01-03 06:02:03+00:00,2026-05-17 06:30:31+00:00,2026-05-17 06:30:27+00:00,https://github.com/ai-collection/ai-collection,1230,0,7.256701868399675,0.1092455786881576
hexstrike-ai,0x4m4/hexstrike-ai,0x4m4,8774,1894,8774,81,2416,Python,MIT License,True,True,True,False,False,20,309,2025-07-10 17:53:18+00:00,2026-05-17 06:04:16+00:00,2026-04-27 08:56:07+00:00,https://github.com/0x4m4/hexstrike-ai,310,0,28.212218649517684,0.21584045584045583
aima-python,aimacode/aima-python,aimacode,8734,4031,8734,222,17911,Jupyter Notebook,MIT License,True,True,True,False,False,0,107,2016-02-02 00:11:19+00:00,2026-05-15 22:22:52+00:00,2024-08-04 17:14:52+00:00,https://github.com/aimacode/aima-python,3757,1,2.32410856838744,0.4614768174012593
spring-ai,spring-projects/spring-ai,spring-projects,8718,2571,8718,1408,99935,Java,Apache License 2.0,True,True,True,False,False,4,43,2023-06-27 18:57:29+00:00,2026-05-17 00:49:39+00:00,2026-05-15 16:42:40+00:00,https://github.com/spring-projects/spring-ai,1054,0,8.26350710900474,0.2948732652827159
cai,aliasrobotics/cai,aliasrobotics,8525,1244,8525,39,205587,Python,Other,True,True,True,True,False,6,53,2025-03-31 08:56:05+00:00,2026-05-17 05:06:14+00:00,2026-04-20 09:01:35+00:00,https://github.com/aliasrobotics/cai,411,0,20.691747572815533,0.14590663851747596
optimate,nebuly-ai/optimate,nebuly-ai,8346,620,8346,110,4528,Python,Apache License 2.0,True,True,True,False,False,6,59,2022-02-12 17:17:14+00:00,2026-05-16 05:59:06+00:00,2024-07-22 02:07:03+00:00,https://github.com/nebuly-ai/optimate,1554,1,5.367202572347267,0.0742781837786031
minimind-v,jingyaogong/minimind-v,jingyaogong,7913,864,7913,19,33818,Python,Apache License 2.0,True,True,True,True,False,3,79,2024-09-11 05:53:54+00:00,2026-05-17 06:13:10+00:00,2026-05-12 01:54:52+00:00,https://github.com/jingyaogong/minimind-v,613,0,12.887622149837133,0.10917361637604246
R2R,SciPhi-AI/R2R,SciPhi-AI,7829,628,7829,112,65362,Python,MIT License,True,True,False,False,False,8,107,2024-02-12 03:24:27+00:00,2026-05-17 06:06:53+00:00,2025-11-07 01:02:44+00:00,https://github.com/SciPhi-AI/R2R,825,0,9.478208232445521,0.08020434227330779
paip-lisp,norvig/paip-lisp,norvig,7456,722,7456,35,76497,Common Lisp,MIT License,True,True,True,True,False,0,77,2018-02-05 22:02:34+00:00,2026-05-16 17:29:21+00:00,2024-10-15 03:26:54+00:00,https://github.com/norvig/paip-lisp,3022,0,2.466424082037711,0.09682177819498458
ShortGPT,RayVentura/ShortGPT,RayVentura,7332,1030,7332,84,3907,Python,MIT License,True,True,False,False,False,10,86,2023-06-27 19:25:33+00:00,2026-05-16 21:47:29+00:00,2025-02-10 19:33:18+00:00,https://github.com/RayVentura/ShortGPT,1054,0,6.949763033175356,0.14046093004227464
rig,0xPlaygrounds/rig,0xPlaygrounds,7303,810,7303,101,22138,Rust,MIT License,True,True,True,False,False,10,55,2024-06-05 13:42:28+00:00,2026-05-17 04:26:23+00:00,2026-05-16 07:59:04+00:00,https://github.com/0xPlaygrounds/rig,710,0,10.271448663853727,0.11089813800657174
opencommit,di-sukharev/opencommit,di-sukharev,7302,424,7302,192,16936,JavaScript,MIT License,True,True,True,False,False,8,180,2023-03-06 10:30:51+00:00,2026-05-15 21:18:14+00:00,2026-04-13 09:20:11+00:00,https://github.com/di-sukharev/opencommit,1167,1,6.251712328767123,0.05805833219224976
autoscraper,alirezamika/autoscraper,alirezamika,7173,721,7173,0,135,Python,MIT License,True,True,True,False,False,12,63,2020-08-31 12:02:19+00:00,2026-05-16 15:28:00+00:00,2025-06-09 12:00:29+00:00,https://github.com/alirezamika/autoscraper,2084,0,3.4402877697841725,0.10050181209924729
machine-learning-course,instillai/machine-learning-course,instillai,7046,1238,7046,1,14140,Python,,True,True,True,False,False,5,54,2019-02-15 00:23:19+00:00,2026-05-13 07:14:42+00:00,2024-11-27 03:47:57+00:00,https://github.com/instillai/machine-learning-course,2648,3,2.659871649679124,0.17567759330211438
interpret,interpretml/interpret,interpretml,6851,784,6851,46,16465,C++,MIT License,True,False,False,False,False,19,61,2019-05-03 05:47:52+00:00,2026-05-17 06:18:05+00:00,2026-05-16 08:07:42+00:00,https://github.com/interpretml/interpret,2571,0,2.6636858475894245,0.11441914769410391
postgresml,postgresml/postgresml,postgresml,6787,363,6787,155,445885,Rust,MIT License,True,True,True,True,False,17,34,2022-04-11 05:33:26+00:00,2026-05-16 08:05:21+00:00,2025-07-01 12:26:02+00:00,https://github.com/postgresml/postgresml,1497,0,4.530707610146862,0.05347672362993518
swarms,kyegomez/swarms,kyegomez,6692,923,6692,86,186430,Python,Apache License 2.0,True,True,True,False,False,18,101,2023-05-11 01:09:00+00:00,2026-05-16 23:53:21+00:00,2026-05-14 10:49:24+00:00,https://github.com/kyegomez/swarms,1102,0,6.067089755213055,0.13790527416704018
mycroft-core,MycroftAI/mycroft-core,MycroftAI,6620,1299,6620,1,120141,Python,Apache License 2.0,True,True,False,False,True,17,60,2016-05-20 14:11:07+00:00,2026-05-16 05:57:53+00:00,2024-09-08 08:02:02+00:00,https://github.com/MycroftAI/mycroft-core,3648,1,1.8141956700465882,0.1961939284096058
scikit-opt,guofei9987/scikit-opt,guofei9987,6561,1111,6561,71,389,Python,MIT License,True,True,True,True,False,13,205,2017-12-05 10:20:41+00:00,2026-05-17 05:40:35+00:00,2026-03-25 09:12:13+00:00,https://github.com/guofei9987/scikit-opt,3084,0,2.126742301458671,0.16930813776287718
courses,SkalskiP/courses,SkalskiP,6440,594,6440,10,73,Python,,True,True,True,False,False,12,116,2023-04-02 10:34:53+00:00,2026-05-17 00:20:01+00:00,2024-04-22 09:19:00+00:00,https://github.com/SkalskiP/courses,1140,0,5.644171779141105,0.09222170470423847
EasyPR,liuruoze/EasyPR,liuruoze,6423,2478,6423,87,195032,C++,Apache License 2.0,True,True,True,False,False,12,201,2014-09-19 11:46:04+00:00,2026-05-16 06:02:15+00:00,2024-06-04 13:10:44+00:00,https://github.com/liuruoze/EasyPR,4257,1,1.5084546735556599,0.3857409713574097
llm-scraper,mishushakov/llm-scraper,mishushakov,6379,398,6379,7,227,TypeScript,MIT License,True,False,False,False,False,13,48,2024-04-20 17:06:57+00:00,2026-05-17 05:49:04+00:00,2026-04-13 17:42:00+00:00,https://github.com/mishushakov/llm-scraper,756,0,8.42668428005284,0.06238244514106583
TensorFlow-2.x-Tutorials,dragen1860/TensorFlow-2.x-Tutorials,dragen1860,6354,2199,6354,21,166873,Jupyter Notebook,,True,True,True,False,False,10,146,2019-01-30 03:00:09+00:00,2026-05-14 11:32:10+00:00,2020-09-23 15:50:30+00:00,https://github.com/dragen1860/TensorFlow-2.x-Tutorials,2664,2,2.3842401500938086,0.34602675059008653
nupic-legacy,numenta/nupic-legacy,numenta,6353,1536,6353,465,153348,Python,MIT License,True,False,False,True,False,4,180,2013-04-05 23:14:27+00:00,2026-05-16 20:59:36+00:00,2024-12-03 17:50:20+00:00,https://github.com/numenta/nupic-legacy,4789,0,1.3263048016701462,0.24173748819641172
awesome-chatgpt,sindresorhus/awesome-chatgpt,sindresorhus,6259,437,6259,6,166,,Creative Commons Zero v1.0 Universal,False,False,False,False,False,9,83,2023-05-02 10:07:14+00:00,2026-05-17 01:46:30+00:00,2026-02-15 18:05:30+00:00,https://github.com/sindresorhus/awesome-chatgpt,1110,0,5.633663366336633,0.06980830670926517
AI-Job-Notes,amusi/AI-Job-Notes,amusi,6075,668,6075,7,4176,,,True,True,True,False,False,11,35,2019-02-11 11:37:17+00:00,2026-05-16 13:22:20+00:00,2025-06-05 05:50:01+00:00,https://github.com/amusi/AI-Job-Notes,2651,0,2.2907239819004523,0.10994075049374588
Swift-AI,Swift-AI/Swift-AI,Swift-AI,6043,553,6043,13,30117,Swift,MIT License,True,True,True,False,False,7,35,2015-11-19 23:43:18+00:00,2026-05-16 08:01:52+00:00,2017-05-03 22:01:09+00:00,https://github.com/Swift-AI/Swift-AI,3831,0,1.576983298538622,0.09149569821310391
chinese-llm-benchmark,jeinlee1991/chinese-llm-benchmark,jeinlee1991,6023,243,6023,13,47984413,,,True,True,True,False,False,4,323,2023-06-04 07:23:20+00:00,2026-05-17 05:05:24+00:00,2026-05-13 09:57:11+00:00,https://github.com/jeinlee1991/chinese-llm-benchmark,1077,0,5.587198515769944,0.04033864541832669
ai-deadlines,paperswithcode/ai-deadlines,paperswithcode,5993,1058,5993,70,1550,JavaScript,MIT License,True,True,False,True,False,7,48,2016-11-18 23:11:12+00:00,2026-05-17 01:07:34+00:00,2024-09-15 11:41:58+00:00,https://github.com/paperswithcode/ai-deadlines,3466,0,1.7285837900201904,0.17650984317650983
adversarial-robustness-toolbox,Trusted-AI/adversarial-robustness-toolbox,Trusted-AI,5987,1320,5987,16,693942,Python,MIT License,True,True,True,False,False,17,148,2018-03-15 14:40:43+00:00,2026-05-17 02:22:27+00:00,2025-12-12 07:01:28+00:00,https://github.com/Trusted-AI/adversarial-robustness-toolbox,2984,0,2.0056951423785594,0.22044088176352705
Awesome-AITools,ikaijua/Awesome-AITools,ikaijua,5935,573,5935,63,891,Python,,True,True,True,False,False,19,98,2023-04-02 04:06:56+00:00,2026-05-17 01:47:49+00:00,2026-05-16 14:00:01+00:00,https://github.com/ikaijua/Awesome-AITools,1141,0,5.197022767075307,0.09652964959568733
atomic-agents,BrainBlend-AI/atomic-agents,BrainBlend-AI,5924,509,5924,13,15162,Python,MIT License,True,True,True,True,False,7,30,2024-06-03 08:24:07+00:00,2026-05-17 04:18:14+00:00,2026-04-29 10:56:57+00:00,https://github.com/BrainBlend-AI/atomic-agents,712,0,8.308555399719495,0.08590717299578059
gorgonia,gorgonia/gorgonia,gorgonia,5914,450,5914,124,93056,Go,Apache License 2.0,True,True,True,False,False,16,67,2016-09-14 23:19:43+00:00,2026-05-10 17:40:16+00:00,2024-08-12 04:53:17+00:00,https://github.com/gorgonia/gorgonia,3531,6,1.67440543601359,0.0760777683854607
projectlearn-project-based-learning,Xtremilicious/projectlearn-project-based-learning,Xtremilicious,5864,521,5864,5,14231,TypeScript,MIT License,True,True,True,False,False,16,63,2019-12-01 13:20:52+00:00,2026-05-17 01:04:42+00:00,2026-05-13 12:14:21+00:00,https://github.com/Xtremilicious/projectlearn-project-based-learning,2358,0,2.4857990674014414,0.08883205456095482
x-transformers,lucidrains/x-transformers,lucidrains,5861,507,5861,74,40040,Python,MIT License,True,True,True,False,False,4,115,2020-10-24 22:13:25+00:00,2026-05-16 14:42:56+00:00,2026-05-16 14:42:51+00:00,https://github.com/lucidrains/x-transformers,2030,0,2.8857705563761695,0.086489252814739
Baichuan-7B,baichuan-inc/Baichuan-7B,baichuan-inc,5659,503,5659,88,4012,Python,Apache License 2.0,True,True,False,False,False,10,70,2023-06-14 10:57:51+00:00,2026-05-17 01:19:45+00:00,2024-07-18 14:23:01+00:00,https://github.com/baichuan-inc/Baichuan-7B,1067,0,5.298689138576779,0.08886925795053004
holaOS,holaboss-ai/holaOS,holaboss-ai,5632,384,5632,9,53963,TypeScript,Other,True,True,False,False,False,20,46,2026-03-22 07:36:16+00:00,2026-05-17 06:20:40+00:00,2026-05-15 17:47:18+00:00,https://github.com/holaboss-ai/holaOS,55,0,100.57142857142857,0.06816971418427126
DALLE-pytorch,lucidrains/DALLE-pytorch,lucidrains,5629,643,5629,125,14143,Python,MIT License,True,True,True,False,False,6,86,2021-01-05 20:35:16+00:00,2026-05-12 12:14:50+00:00,2024-02-17 21:42:10+00:00,https://github.com/lucidrains/DALLE-pytorch,1957,4,2.8748723186925433,0.11420959147424511
AI-Project-Gallery,KalyanM45/AI-Project-Gallery,KalyanM45,5523,1105,5523,0,59,,,True,True,True,False,False,14,191,2023-12-31 14:26:51+00:00,2026-05-17 05:33:51+00:00,2026-04-07 18:30:26+00:00,https://github.com/KalyanM45/AI-Project-Gallery,867,0,6.362903225806452,0.2000362056480811
kserve,kserve/kserve,kserve,5482,1485,5482,717,477261,Go,Apache License 2.0,True,True,True,True,False,20,127,2019-03-27 21:14:14+00:00,2026-05-17 06:37:11+00:00,2026-05-15 17:55:49+00:00,https://github.com/kserve/kserve,2607,0,2.101993865030675,0.2708371329564107
Daft,Eventual-Inc/Daft,Eventual-Inc,5478,471,5478,329,67527,Rust,Apache License 2.0,True,True,True,True,False,19,124,2022-04-25 22:02:29+00:00,2026-05-17 05:28:40+00:00,2026-05-17 05:28:35+00:00,https://github.com/Eventual-Inc/Daft,1482,0,3.693863789615644,0.0859645920788465
graph_nets,google-deepmind/graph_nets,google-deepmind,5399,776,5399,9,1504,Python,Apache License 2.0,True,True,True,False,False,7,30,2018-08-31 08:19:28+00:00,2026-05-17 04:08:17+00:00,2022-12-12 11:28:07+00:00,https://github.com/google-deepmind/graph_nets,2815,0,1.9172585227272727,0.1437037037037037
potpie,potpie-ai/potpie,potpie-ai,5382,622,5382,156,46324,Python,Apache License 2.0,True,True,True,False,False,9,43,2024-08-12 09:18:25+00:00,2026-05-17 06:39:07+00:00,2026-05-15 18:49:55+00:00,https://github.com/potpie-ai/potpie,642,0,8.370139968895801,0.11554895039940553
chronos-forecasting,amazon-science/chronos-forecasting,amazon-science,5317,636,5317,35,1992,Python,Apache License 2.0,True,False,False,False,False,13,54,2024-02-23 10:35:42+00:00,2026-05-17 00:54:10+00:00,2026-04-21 13:05:51+00:00,https://github.com/amazon-science/chronos-forecasting,813,0,6.531941031941032,0.11959383226776985
awesome-ai-tools,mahseema/awesome-ai-tools,mahseema,5227,1544,5227,736,607,,MIT License,True,True,True,False,False,20,51,2023-08-25 21:51:55+00:00,2026-05-16 22:30:18+00:00,2025-12-31 14:46:19+00:00,https://github.com/mahseema/awesome-ai-tools,995,0,5.247991967871486,0.2953328232593726
API-mega-list,cporter202/API-mega-list,cporter202,5125,1004,5125,12,16047,JavaScript,,True,True,True,False,False,20,210,2025-12-09 15:36:20+00:00,2026-05-17 01:39:24+00:00,2026-01-27 18:40:57+00:00,https://github.com/cporter202/API-mega-list,158,0,32.23270440251572,0.19586422161529457
kaolin,NVIDIAGameWorks/kaolin,NVIDIAGameWorks,5087,621,5087,39,140138,Python,Apache License 2.0,True,True,True,False,False,13,60,2019-11-14 21:09:40+00:00,2026-05-15 16:04:50+00:00,2026-05-13 16:04:34+00:00,https://github.com/NVIDIAGameWorks/kaolin,2375,1,2.140993265993266,0.12205188679245282
Chronos,Kodezi/Chronos,Kodezi,4951,215,4951,0,19840,Java,Other,True,True,False,False,False,18,294,2025-07-21 07:34:10+00:00,2026-05-16 10:26:32+00:00,2025-11-12 09:53:44+00:00,https://github.com/Kodezi/Chronos,299,0,16.503333333333334,0.04341680129240711
muzic,microsoft/muzic,microsoft,4916,499,4916,115,155393,Python,MIT License,True,True,True,True,False,4,70,2021-06-03 10:06:54+00:00,2026-05-17 02:59:37+00:00,2024-10-12 07:58:40+00:00,https://github.com/microsoft/muzic,1808,0,2.7175234936428967,0.10148464510880618
FAANG-Coding-Interview-Questions,ombharatiya/FAANG-Coding-Interview-Questions,ombharatiya,4906,1261,4906,15,187,,GNU General Public License v3.0,True,True,True,False,False,19,60,2020-10-27 17:48:27+00:00,2026-05-17 02:27:05+00:00,2026-05-16 19:08:42+00:00,https://github.com/ombharatiya/FAANG-Coding-Interview-Questions,2027,0,2.4191321499013805,0.2569798247401671
ARC-AGI,fchollet/ARC-AGI,fchollet,4768,706,4768,35,452,JavaScript,Apache License 2.0,True,True,True,False,False,4,36,2019-11-05 00:34:29+00:00,2026-05-13 15:01:29+00:00,2025-04-04 21:28:40+00:00,https://github.com/fchollet/ARC-AGI,2385,3,1.9983235540653814,0.14803942126231914
Reinforcement-Learning,andri27-ts/Reinforcement-Learning,andri27-ts,4715,668,4715,4,10493,Jupyter Notebook,MIT License,True,True,True,True,False,12,111,2018-08-28 11:04:16+00:00,2026-05-15 17:05:16+00:00,2020-06-30 11:38:42+00:00,https://github.com/andri27-ts/Reinforcement-Learning,2818,1,1.6725789286981199,0.14164546225614927
Production-Level-Deep-Learning,alirezadir/Production-Level-Deep-Learning,alirezadir,4635,685,4635,7,15503,,,True,True,True,False,False,12,117,2019-11-19 20:11:21+00:00,2026-05-14 22:51:42+00:00,2025-06-13 01:52:26+00:00,https://github.com/alirezadir/Production-Level-Deep-Learning,2370,2,1.9548713622943905,0.14775668679896461
EconML,py-why/EconML,py-why,4633,811,4633,411,55207,Jupyter Notebook,Other,True,True,True,True,False,6,669,2018-04-30 21:02:52+00:00,2026-05-17 04:24:04+00:00,2026-04-27 18:45:46+00:00,https://github.com/py-why/EconML,2938,0,1.5763865260292615,0.1750107898144152
fastrtc,gradio-app/fastrtc,gradio-app,4583,430,4583,73,4896,JavaScript,MIT License,True,True,True,True,False,8,46,2024-09-25 16:19:19+00:00,2026-05-16 02:13:23+00:00,2026-01-12 15:53:57+00:00,https://github.com/gradio-app/fastrtc,598,1,7.651085141903172,0.09380453752181502
dm_control,google-deepmind/dm_control,google-deepmind,4581,752,4581,119,99684,Python,Apache License 2.0,True,False,False,False,False,7,116,2017-12-29 18:13:15+00:00,2026-05-16 17:57:01+00:00,2026-05-12 16:44:08+00:00,https://github.com/google-deepmind/dm_control,3060,0,1.4965697484482194,0.1641204714098647
tree-of-thoughts,kyegomez/tree-of-thoughts,kyegomez,4576,375,4576,21,6612,Python,Apache License 2.0,True,True,True,False,False,9,152,2023-05-21 03:50:19+00:00,2026-05-16 07:55:36+00:00,2025-07-29 05:16:50+00:00,https://github.com/kyegomez/tree-of-thoughts,1092,0,4.186642268984446,0.08193139611098973
Tengine,OAID/Tengine,OAID,4522,975,4522,249,18730,C++,Apache License 2.0,True,True,True,False,False,17,82,2017-12-30 01:21:41+00:00,2026-05-11 15:09:47+00:00,2025-03-06 07:12:55+00:00,https://github.com/OAID/Tengine,3060,5,1.4772950016334532,0.21556489055936326
LLMBook-zh.github.io,LLMBook-zh/LLMBook-zh.github.io,LLMBook-zh,4468,334,4468,13,102622,Python,,True,True,True,True,False,10,27,2024-04-15 02:50:32+00:00,2026-05-16 00:19:35+00:00,2025-09-02 05:29:52+00:00,https://github.com/LLMBook-zh/LLMBook-zh.github.io,762,1,5.855832241153342,0.07473707764600582
reasoning-from-scratch,rasbt/reasoning-from-scratch,rasbt,4356,632,4356,2,3890,Jupyter Notebook,Apache License 2.0,True,False,False,False,False,11,63,2025-03-04 14:24:26+00:00,2026-05-16 23:34:07+00:00,2026-04-21 20:50:56+00:00,https://github.com/rasbt/reasoning-from-scratch,438,0,9.92255125284738,0.14505393619462933
deep-daze,lucidrains/deep-daze,lucidrains,4321,310,4321,91,7001,Python,MIT License,True,True,True,False,False,7,191,2021-01-17 06:00:50+00:00,2026-05-12 17:14:21+00:00,2022-03-13 19:09:13+00:00,https://github.com/lucidrains/deep-daze,1946,4,2.219311761684643,0.07172605275335493
sql-translator,whoiskatrin/sql-translator,whoiskatrin,4309,375,4309,7,4284,TypeScript,MIT License,True,True,False,False,False,9,152,2023-03-11 21:32:56+00:00,2026-05-15 19:42:32+00:00,2025-07-06 00:46:23+00:00,https://github.com/whoiskatrin/sql-translator,1162,1,3.705073086844368,0.08700696055684455
neural_prophet,ourownstory/neural_prophet,ourownstory,4276,511,4276,89,224620,Python,MIT License,True,True,True,True,False,20,43,2020-05-04 05:12:43+00:00,2026-05-15 12:49:23+00:00,2025-01-08 20:48:50+00:00,https://github.com/ourownstory/neural_prophet,2204,1,1.9392290249433106,0.11947626841243862
malmo,microsoft/malmo,microsoft,4255,609,4255,171,28834,Java,MIT License,True,True,True,True,False,0,349,2016-05-17 14:58:40+00:00,2026-05-16 06:09:52+00:00,2025-09-03 13:10:21+00:00,https://github.com/microsoft/malmo,3651,1,1.1651150054764512,0.14309210526315788
GenAI-Showcase,mongodb-developer/GenAI-Showcase,mongodb-developer,4228,730,4228,15,52195,Jupyter Notebook,MIT License,True,True,True,False,False,5,14,2024-01-30 14:20:36+00:00,2026-05-16 10:24:35+00:00,2026-04-29 16:55:46+00:00,https://github.com/mongodb-developer/GenAI-Showcase,837,0,5.045346062052506,0.1726176401040435
AlgoWiki,vicky002/AlgoWiki,vicky002,4228,1153,4228,111,182511,CSS,MIT License,True,True,True,True,False,8,86,2014-11-27 11:17:13+00:00,2026-05-14 08:38:11+00:00,2025-08-15 06:55:10+00:00,https://github.com/vicky002/AlgoWiki,4188,2,1.009310097875388,0.27264128635611257
OpenMemory,CaviraOSS/OpenMemory,CaviraOSS,4115,470,4115,10,2342,TypeScript,Apache License 2.0,True,True,False,False,False,20,117,2025-10-19 16:12:49+00:00,2026-05-17 03:54:29+00:00,2026-05-15 16:29:46+00:00,https://github.com/CaviraOSS/OpenMemory,209,0,19.595238095238095,0.11418853255587949
Baichuan2,baichuan-inc/Baichuan2,baichuan-inc,4104,294,4104,272,4893,Python,Apache License 2.0,True,True,False,False,False,12,78,2023-08-31 08:42:37+00:00,2026-05-13 08:16:39+00:00,2024-11-08 08:31:29+00:00,https://github.com/baichuan-inc/Baichuan2,989,3,4.1454545454545455,0.07161997563946407
learning-to-learn,google-deepmind/learning-to-learn,google-deepmind,4070,602,4070,15,90,Python,Apache License 2.0,True,True,True,False,False,4,31,2016-12-06 08:25:37+00:00,2026-05-13 14:53:12+00:00,2021-06-29 09:55:15+00:00,https://github.com/google-deepmind/learning-to-learn,3448,3,1.1800521890403015,0.14787521493490544
Artificial-Intelligence-Deep-Learning-Machine-Learning-Tutorials,TarrySingh/Artificial-Intelligence-Deep-Learning-Machine-Learning-Tutorials,TarrySingh,3991,1640,3991,157,1899200,Python,Other,True,True,True,False,False,20,298,2017-07-13 19:46:01+00:00,2026-05-15 04:40:44+00:00,2025-03-19 09:40:41+00:00,https://github.com/TarrySingh/Artificial-Intelligence-Deep-Learning-Machine-Learning-Tutorials,3229,2,1.2356037151702786,0.41082164328657317
segment-geospatial,opengeos/segment-geospatial,opengeos,3990,423,3990,5,2962,Python,MIT License,True,True,True,True,False,7,85,2023-04-19 03:03:52+00:00,2026-05-16 05:37:40+00:00,2026-05-12 13:39:39+00:00,https://github.com/opengeos/segment-geospatial,1124,1,3.546666666666667,0.10598847406664996
vector-quantize-pytorch,lucidrains/vector-quantize-pytorch,lucidrains,3935,326,3935,52,1135,Python,MIT License,True,True,True,False,False,5,44,2020-06-09 19:23:00+00:00,2026-05-16 20:45:54+00:00,2026-05-16 20:45:50+00:00,https://github.com/lucidrains/vector-quantize-pytorch,2167,0,1.8150369003690037,0.08282520325203252
nixtla,Nixtla/nixtla,Nixtla,3884,323,3884,65,301687,Jupyter Notebook,Other,True,True,True,True,False,15,325,2021-09-23 15:48:41+00:00,2026-05-15 19:01:02+00:00,2026-05-14 13:40:21+00:00,https://github.com/Nixtla/nixtla,1696,1,2.2887448438420743,0.08314028314028314
LitServe,Lightning-AI/LitServe,Lightning-AI,3882,285,3882,35,1414,Python,Apache License 2.0,True,False,False,False,False,9,120,2023-12-12 14:45:03+00:00,2026-05-16 02:27:42+00:00,2026-05-04 20:45:33+00:00,https://github.com/Lightning-AI/LitServe,886,1,4.376550169109358,0.07339685809940767
awesome-robotic-tooling,Ly0n/awesome-robotic-tooling,Ly0n,3814,539,3814,10,1911,,Creative Commons Zero v1.0 Universal,True,True,True,True,False,20,117,2019-10-24 15:32:17+00:00,2026-05-16 13:10:09+00:00,2023-11-20 07:13:29+00:00,https://github.com/Ly0n/awesome-robotic-tooling,2396,0,1.5911556111806424,0.14128440366972478
MachineLearning,allmachinelearning/MachineLearning,allmachinelearning,3798,975,3798,4,308,,,True,True,True,True,False,4,26,2017-05-09 10:29:21+00:00,2026-05-14 13:35:18+00:00,2024-04-01 10:34:07+00:00,https://github.com/allmachinelearning/MachineLearning,3294,2,1.1526555386949924,0.2566464859173467
aiac,gofireflyio/aiac,gofireflyio,3794,295,3794,2,3132,Go,Apache License 2.0,True,True,True,False,False,9,57,2022-12-07 07:29:50+00:00,2026-05-15 21:17:30+00:00,2026-03-24 10:56:24+00:00,https://github.com/gofireflyio/aiac,1256,1,3.01829753381066,0.077733860342556
stylegan2-pytorch,lucidrains/stylegan2-pytorch,lucidrains,3788,583,3788,128,5147,Python,MIT License,True,True,True,False,False,5,154,2020-01-09 18:23:31+00:00,2026-05-07 20:04:33+00:00,2025-01-12 14:04:19+00:00,https://github.com/lucidrains/stylegan2-pytorch,2319,9,1.6327586206896552,0.15386645552916337
Machine-Learning-Notes,Sophia-11/Machine-Learning-Notes,Sophia-11,3773,749,3773,3,67207,,,True,True,True,False,False,6,13,2019-09-20 05:06:57+00:00,2026-05-16 10:30:58+00:00,2021-03-13 03:19:59+00:00,https://github.com/Sophia-11/Machine-Learning-Notes,2431,0,1.5513980263157894,0.19846316905140435
maths-cs-ai-compendium,HenryNdubuaku/maths-cs-ai-compendium,HenryNdubuaku,3758,510,3758,7,8049,TypeScript,Apache License 2.0,True,True,True,True,False,19,40,2026-02-03 16:28:18+00:00,2026-05-17 06:25:05+00:00,2026-05-13 09:43:21+00:00,https://github.com/HenryNdubuaku/maths-cs-ai-compendium,102,0,36.48543689320388,0.13567438148443736
whatsapp-chatgpt,askrella/whatsapp-chatgpt,askrella,3753,915,3753,52,424,TypeScript,,True,True,True,True,False,8,59,2022-12-08 19:44:20+00:00,2026-05-16 17:03:39+00:00,2025-12-04 10:20:31+00:00,https://github.com/askrella/whatsapp-chatgpt,1255,0,2.9880573248407645,0.24374001065530101
olivia,olivia-ai/olivia,olivia-ai,3720,342,3720,22,31229,Go,MIT License,True,False,False,False,True,14,64,2018-06-05 18:19:31+00:00,2026-05-14 03:53:14+00:00,2025-02-06 10:19:30+00:00,https://github.com/olivia-ai/olivia,2902,3,1.2814330003444712,0.09191077667293739
AI_Tutorial,cbamls/AI_Tutorial,cbamls,3670,513,3670,3,26778,,,True,True,True,True,False,7,33,2018-12-04 13:30:16+00:00,2026-05-17 06:20:48+00:00,2024-04-15 15:00:10+00:00,https://github.com/cbamls/AI_Tutorial,2720,0,1.3487688349871372,0.13974393898120402
twinny,twinnydotdev/twinny,twinnydotdev,3629,222,3629,48,63352,TypeScript,MIT License,True,True,False,False,True,15,129,2023-08-21 14:10:35+00:00,2026-05-15 21:19:45+00:00,2025-08-07 10:12:07+00:00,https://github.com/twinnydotdev/twinny,999,1,3.629,0.06115702479338843
awesome-opensource-ai,alvinreal/awesome-opensource-ai,alvinreal,3605,398,3605,17,2111,Python,Creative Commons Zero v1.0 Universal,True,True,True,False,False,12,90,2026-03-24 15:58:22+00:00,2026-05-16 22:39:37+00:00,2026-05-10 04:15:50+00:00,https://github.com/alvinreal/awesome-opensource-ai,53,0,66.75925925925925,0.11037160288408208
morphik-core,morphik-org/morphik-core,morphik-org,3597,304,3597,42,130178,Python,Other,True,True,False,False,False,8,64,2024-11-11 23:47:06+00:00,2026-05-16 07:40:51+00:00,2026-05-11 02:18:12+00:00,https://github.com/morphik-org/morphik-core,551,0,6.516304347826087,0.08449138410227905
face.evoLVe,ZhaoJ9014/face.evoLVe,ZhaoJ9014,3588,761,3588,96,8499,Python,MIT License,True,True,True,False,False,20,71,2019-01-04 02:22:17+00:00,2026-05-15 19:59:20+00:00,2025-03-20 02:45:06+00:00,https://github.com/ZhaoJ9014/face.evoLVe,2690,1,1.3333333333333333,0.21203677904708831
Amazing-Python-Scripts,avinashkranjan/Amazing-Python-Scripts,avinashkranjan,3553,1314,3553,223,992036,Jupyter Notebook,MIT License,True,True,True,True,False,9,99,2020-07-14 16:57:07+00:00,2026-05-16 23:36:30+00:00,2026-02-20 22:29:10+00:00,https://github.com/avinashkranjan/Amazing-Python-Scripts,2132,0,1.6657290201594,0.3697242543612831
awesome-quantum-machine-learning,krishnakumarsekar/awesome-quantum-machine-learning,krishnakumarsekar,3516,789,3516,8,10011,HTML,Creative Commons Zero v1.0 Universal,True,True,True,True,False,19,147,2017-04-26 11:03:50+00:00,2026-05-16 13:13:01+00:00,2024-05-07 21:09:28+00:00,https://github.com/krishnakumarsekar/awesome-quantum-machine-learning,3307,0,1.0628778718258767,0.22433892522035825
semantic-router,aurelio-labs/semantic-router,aurelio-labs,3514,330,3514,84,134604,Python,MIT License,True,True,True,False,False,7,76,2023-10-30 12:12:45+00:00,2026-05-16 15:55:45+00:00,2026-05-14 15:33:01+00:00,https://github.com/aurelio-labs/semantic-router,929,0,3.778494623655914,0.09388335704125178
min-dalle,kuprel/min-dalle,kuprel,3495,251,3495,25,48722,Python,MIT License,True,True,True,False,False,4,61,2022-06-27 15:53:59+00:00,2026-05-07 08:50:37+00:00,2025-04-28 01:38:43+00:00,https://github.com/kuprel/min-dalle,1419,9,2.461267605633803,0.07179633867276888
incubator-kie-optaplanner,apache/incubator-kie-optaplanner,apache,3492,970,3492,22,244758,Java,Apache License 2.0,False,False,False,True,False,17,181,2011-02-15 19:38:23+00:00,2026-05-16 07:58:13+00:00,2026-05-15 22:03:55+00:00,https://github.com/apache/incubator-kie-optaplanner,5569,0,0.6269299820466786,0.27769825365015743
emba,e-m-b-a/emba,e-m-b-a,3463,302,3463,23,27807,Shell,GNU General Public License v3.0,True,True,True,False,False,20,37,2020-08-25 07:59:12+00:00,2026-05-16 11:00:13+00:00,2026-05-13 11:29:26+00:00,https://github.com/e-m-b-a/emba,2090,0,1.6561453849832617,0.08718244803695151
SparkyFitness,CodeWithCJ/SparkyFitness,CodeWithCJ,3462,175,3462,55,86657,TypeScript,Other,True,True,True,True,False,10,100,2025-06-21 14:00:39+00:00,2026-05-17 02:44:25+00:00,2026-05-17 02:44:19+00:00,https://github.com/CodeWithCJ/SparkyFitness,329,0,10.49090909090909,0.050534218885359514
vault-ai,pashpashpash/vault-ai,pashpashpash,3395,300,3395,50,1576,JavaScript,MIT License,True,True,True,False,False,18,200,2023-04-18 04:10:09+00:00,2026-05-16 05:59:35+00:00,2025-07-08 16:02:56+00:00,https://github.com/pashpashpash/vault-ai,1125,1,3.0150976909413854,0.08833922261484099
wppconnect,wppconnect-team/wppconnect,wppconnect-team,3311,542,3311,31,83166,TypeScript,Other,True,True,True,True,False,20,341,2021-01-25 00:10:32+00:00,2026-05-17 05:50:35+00:00,2026-05-17 05:51:27+00:00,https://github.com/wppconnect-team/wppconnect,1938,0,1.7075812274368232,0.1636473429951691
awesome-ai-residency,dangkhoasdc/awesome-ai-residency,dangkhoasdc,3294,270,3294,0,98,,,True,True,True,False,False,5,29,2018-04-17 04:47:40+00:00,2026-05-15 11:39:36+00:00,2025-04-04 03:05:53+00:00,https://github.com/dangkhoasdc/awesome-ai-residency,2952,1,1.1154757873349137,0.0819423368740516
musiclm-pytorch,lucidrains/musiclm-pytorch,lucidrains,3290,265,3290,26,201,Python,MIT License,True,True,True,False,False,5,108,2023-01-27 15:39:13+00:00,2026-05-15 02:45:31+00:00,2023-09-06 16:36:58+00:00,https://github.com/lucidrains/musiclm-pytorch,1205,2,2.728026533996683,0.08052263749620177
dreamerv3,danijar/dreamerv3,danijar,3230,540,3230,50,26830,Python,MIT License,True,True,True,False,False,6,46,2023-01-14 12:08:18+00:00,2026-05-16 02:12:23+00:00,2025-09-23 18:25:06+00:00,https://github.com/danijar/dreamerv3,1218,1,2.649712879409352,0.1671309192200557
Dreambooth-Stable-Diffusion,JoePenna/Dreambooth-Stable-Diffusion,JoePenna,3220,533,3220,11,17602,Jupyter Notebook,MIT License,True,True,True,False,False,9,238,2022-09-17 22:05:03+00:00,2026-05-11 19:52:59+00:00,2024-01-08 12:23:45+00:00,https://github.com/JoePenna/Dreambooth-Stable-Diffusion,1337,5,2.406576980568012,0.16547656007451103
best_AI_papers_2022,louisfb01/best_AI_papers_2022,louisfb01,3185,200,3185,0,253,,MIT License,True,True,True,False,False,17,149,2022-01-14 19:32:18+00:00,2026-05-11 08:23:27+00:00,2023-10-18 11:46:39+00:00,https://github.com/louisfb01/best_AI_papers_2022,1583,5,2.010732323232323,0.06277463904582549
reflexion,noahshinn/reflexion,noahshinn,3150,306,3150,21,9105,Python,MIT License,True,True,True,False,False,3,76,2023-03-22 06:38:53+00:00,2026-05-16 14:07:52+00:00,2025-01-14 07:54:02+00:00,https://github.com/noahshinn/reflexion,1152,0,2.7320034692107544,0.09711202792764202
Deep-Learning-with-PyTorch-Tutorials,dragen1860/Deep-Learning-with-PyTorch-Tutorials,dragen1860,3109,1318,3109,5,91436,Python,,True,True,True,False,False,8,30,2018-11-26 04:21:46+00:00,2026-05-16 23:57:30+00:00,2019-11-17 03:10:43+00:00,https://github.com/dragen1860/Deep-Learning-with-PyTorch-Tutorials,2729,0,1.1388278388278388,0.4237942122186495
awesome-ml-courses,luspr/awesome-ml-courses,luspr,3078,319,3078,3,34,,,True,True,True,False,False,5,65,2020-05-08 20:41:59+00:00,2026-05-14 08:21:11+00:00,2024-12-12 15:16:49+00:00,https://github.com/luspr/awesome-ml-courses,2199,2,1.3990909090909092,0.10360506658005846
awesome-mlss,awesome-mlss/awesome-mlss,awesome-mlss,3007,325,3007,8,1339,HTML,MIT License,True,True,True,False,False,6,38,2018-12-01 06:34:35+00:00,2026-05-16 07:54:39+00:00,2026-05-16 07:54:35+00:00,https://github.com/awesome-mlss/awesome-mlss,2724,0,1.10348623853211,0.10804521276595745
reloadium,reloadware/reloadium,reloadware,2998,63,2998,35,5432,Python,Apache License 2.0,True,True,True,True,False,11,38,2022-01-15 03:01:41+00:00,2026-05-17 04:59:21+00:00,2024-05-24 16:13:26+00:00,https://github.com/reloadware/reloadium,1583,0,1.8926767676767677,0.02100700233411137
elevenlabs-python,elevenlabs/elevenlabs-python,elevenlabs,2965,416,2965,19,9037,Python,MIT License,True,True,True,False,False,3,47,2023-03-26 11:59:52+00:00,2026-05-16 16:11:54+00:00,2026-05-12 20:15:32+00:00,https://github.com/elevenlabs/elevenlabs-python,1147,0,2.582752613240418,0.14025623735670936
Baichuan-13B,baichuan-inc/Baichuan-13B,baichuan-inc,2932,233,2932,96,16896,Python,Apache License 2.0,True,True,False,False,False,10,71,2023-07-10 17:03:50+00:00,2026-05-14 02:17:36+00:00,2023-09-06 17:16:53+00:00,https://github.com/baichuan-inc/Baichuan-13B,1041,3,2.8138195777351247,0.07944084555063076
handtrack.js,victordibia/handtrack.js,victordibia,2926,257,2926,41,423963,JavaScript,MIT License,True,True,True,True,False,5,91,2019-02-04 22:17:16+00:00,2026-05-15 14:25:19+00:00,2022-07-20 05:33:23+00:00,https://github.com/victordibia/handtrack.js,2658,1,1.100413689356901,0.08780321147933037
langgraphjs,langchain-ai/langgraphjs,langchain-ai,2926,487,2926,150,37677,TypeScript,MIT License,True,False,False,True,False,7,55,2024-01-09 17:40:12+00:00,2026-05-17 02:20:01+00:00,2026-05-16 10:34:05+00:00,https://github.com/langchain-ai/langgraphjs,858,0,3.406286379511059,0.16638196105227196
spiceai,spiceai/spiceai,spiceai,2926,191,2926,377,118773,Rust,Apache License 2.0,True,True,False,False,False,9,122,2021-08-08 23:26:13+00:00,2026-05-17 06:37:55+00:00,2026-05-17 05:51:37+00:00,https://github.com/spiceai/spiceai,1742,0,1.678714859437751,0.06525452681926888
tract,sonos/tract,sonos,2912,257,2912,89,60345,Rust,Other,True,True,True,True,False,6,64,2017-08-07 09:31:26+00:00,2026-05-16 08:36:56+00:00,2026-05-15 07:48:32+00:00,https://github.com/sonos/tract,3204,0,0.9085803432137286,0.08822519739100583
mini-agi,muellerberndt/mini-agi,muellerberndt,2905,312,2905,10,5013,Python,MIT License,True,True,True,False,False,5,69,2023-04-14 05:33:58+00:00,2026-05-15 22:35:17+00:00,2023-06-14 05:47:59+00:00,https://github.com/muellerberndt/mini-agi,1129,1,2.5707964601769913,0.10736407432897453
best_AI_papers_2021,louisfb01/best_AI_papers_2021,louisfb01,2902,239,2902,0,77,,MIT License,True,True,True,False,False,20,150,2021-11-06 16:55:30+00:00,2026-05-15 18:42:25+00:00,2023-10-18 11:46:35+00:00,https://github.com/louisfb01/best_AI_papers_2021,1652,1,1.7555958862673926,0.08232862555976576
thinc,explosion/thinc,explosion,2890,292,2890,15,11139,Python,MIT License,True,False,False,False,False,15,88,2014-10-16 16:34:59+00:00,2026-05-10 17:58:22+00:00,2026-03-27 08:50:19+00:00,https://github.com/explosion/thinc,4230,6,0.6830536516190026,0.10100311310965064
ICCV2025-Papers-with-Code,amusi/ICCV2025-Papers-with-Code,amusi,2877,256,2877,21,147,,,True,True,True,False,False,9,19,2021-07-23 00:47:16+00:00,2026-05-15 11:01:41+00:00,2025-07-06 12:19:14+00:00,https://github.com/amusi/ICCV2025-Papers-with-Code,1759,1,1.634659090909091,0.08895066018068103
OSWorld,xlang-ai/OSWorld,xlang-ai,2852,457,2852,159,123260,Python,Apache License 2.0,True,True,True,False,False,14,105,2023-10-16 01:49:13+00:00,2026-05-16 18:49:30+00:00,2026-05-11 03:25:48+00:00,https://github.com/xlang-ai/OSWorld,944,0,3.0179894179894178,0.16018226428321067
EasyEdit,zjunlp/EasyEdit,zjunlp,2815,362,2815,6,97968,Jupyter Notebook,MIT License,True,True,False,False,False,20,63,2023-05-09 07:48:02+00:00,2026-05-17 05:43:02+00:00,2026-05-15 15:45:25+00:00,https://github.com/zjunlp/EasyEdit,1103,0,2.54981884057971,0.12855113636363635
IAMDinosaur,ivanseidel/IAMDinosaur,ivanseidel,2809,533,2809,41,356,JavaScript,MIT License,True,True,False,False,False,6,69,2015-12-27 21:19:53+00:00,2026-05-14 12:51:48+00:00,2018-02-07 09:02:56+00:00,https://github.com/ivanseidel/IAMDinosaur,3793,2,0.7403795466526094,0.18967971530249111
AIF360,Trusted-AI/AIF360,Trusted-AI,2808,912,2808,218,6877,Python,Apache License 2.0,True,True,True,False,False,20,169,2018-08-22 20:47:15+00:00,2026-05-16 07:09:05+00:00,2025-11-13 16:48:24+00:00,https://github.com/Trusted-AI/AIF360,2824,0,0.9939823008849558,0.3246707013171947
leptonai,leptonai/leptonai,leptonai,2805,193,2805,21,7530,Python,Apache License 2.0,True,True,False,False,False,6,52,2023-09-06 20:38:00+00:00,2026-05-07 01:13:20+00:00,2026-05-07 01:13:50+00:00,https://github.com/leptonai/leptonai,983,10,2.850609756097561,0.06878118317890235
YAYI2,wenge-research/YAYI2,wenge-research,2801,18,2801,0,1363,Python,Apache License 2.0,True,False,False,False,True,7,90,2023-12-15 04:56:21+00:00,2026-04-30 08:27:53+00:00,2024-04-07 08:27:39+00:00,https://github.com/wenge-research/YAYI2,884,16,3.1649717514124296,0.006423982869379015
Papers-in-100-Lines-of-Code,MaximeVandegar/Papers-in-100-Lines-of-Code,MaximeVandegar,2782,249,2782,0,47782,Python,MIT License,True,True,True,False,False,20,46,2020-10-26 00:36:09+00:00,2026-05-16 06:39:23+00:00,2026-04-08 19:27:17+00:00,https://github.com/MaximeVandegar/Papers-in-100-Lines-of-Code,2029,1,1.3704433497536945,0.08947179302910528
Computer-Science-Resources,the-akira/Computer-Science-Resources,the-akira,2764,317,2764,1,3209,,,True,True,True,False,False,20,62,2019-02-05 01:17:26+00:00,2026-05-10 19:47:22+00:00,2025-09-19 20:07:49+00:00,https://github.com/the-akira/Computer-Science-Resources,2658,6,1.0394885295223768,0.11464737793851718
YC-Killer,sahibzada-allahyar/YC-Killer,sahibzada-allahyar,2756,122,2756,159,39037,TypeScript,,True,True,True,False,False,20,341,2025-02-22 19:00:23+00:00,2026-05-17 06:00:54+00:00,2026-05-11 01:31:10+00:00,https://github.com/sahibzada-allahyar/YC-Killer,448,0,6.138084632516704,0.04425099746100834
dalle-playground,saharmor/dalle-playground,saharmor,2747,581,2747,51,3161,JavaScript,MIT License,True,True,True,True,False,11,101,2021-09-13 10:35:50+00:00,2026-05-16 07:59:37+00:00,2024-06-03 22:19:37+00:00,https://github.com/saharmor/dalle-playground,1706,0,1.6092560046865847,0.2114264919941776
limboai,limbonaut/limboai,limbonaut,2731,124,2731,58,10714,C++,MIT License,True,True,True,False,False,6,55,2023-07-26 13:39:03+00:00,2026-05-16 23:36:11+00:00,2026-03-13 16:29:16+00:00,https://github.com/limbonaut/limboai,1025,0,2.6617933723196883,0.04538799414348463
pai,microsoft/pai,microsoft,2686,549,2686,282,73875,JavaScript,MIT License,True,True,True,False,True,19,49,2017-09-25 11:24:51+00:00,2026-05-14 18:27:10+00:00,2024-06-06 07:56:07+00:00,https://github.com/microsoft/pai,3155,2,0.8510773130544994,0.20431708224786008
hora,hora-search/hora,hora-search,2660,77,2660,26,14882,Rust,Apache License 2.0,True,True,True,False,False,18,99,2021-05-15 07:46:32+00:00,2026-05-16 04:28:21+00:00,2026-02-17 13:34:53+00:00,https://github.com/hora-search/hora,1827,1,1.4551422319474836,0.02893649004133784
trieve,devflowinc/trieve,devflowinc,2654,242,2654,0,185124,Rust,MIT License,True,True,True,True,False,19,83,2023-03-26 19:45:53+00:00,2026-05-15 21:18:27+00:00,2026-01-25 23:25:46+00:00,https://github.com/devflowinc/trieve,1147,1,2.3118466898954706,0.09114877589453861
audiolm-pytorch,lucidrains/audiolm-pytorch,lucidrains,2621,279,2621,55,585,Python,MIT License,True,True,True,False,False,5,115,2022-09-09 21:55:02+00:00,2026-05-04 01:09:26+00:00,2025-01-12 15:40:45+00:00,https://github.com/lucidrains/audiolm-pytorch,1345,13,1.9472511144130757,0.10640732265446225
sail,lakehq/sail,lakehq,2582,146,2582,235,14280,Rust,Apache License 2.0,True,True,True,False,False,20,131,2023-12-21 03:43:49+00:00,2026-05-17 02:13:31+00:00,2026-05-17 06:00:31+00:00,https://github.com/lakehq/sail,878,0,2.937428896473265,0.05652342237708091
big-sleep,lucidrains/big-sleep,lucidrains,2568,301,2568,64,7221,Python,MIT License,True,True,True,False,False,5,156,2021-01-18 19:35:36+00:00,2026-05-14 04:39:12+00:00,2022-02-06 18:04:34+00:00,https://github.com/lucidrains/big-sleep,1944,3,1.3203084832904883,0.11716621253405994
susi_server,fossasia/susi_server,fossasia,2527,1071,2527,63,253041,Java,GNU Lesser General Public License v2.1,True,False,False,True,False,0,100,2016-09-14 20:21:09+00:00,2026-05-12 05:43:32+00:00,2021-08-17 06:17:50+00:00,https://github.com/fossasia/susi_server,3531,5,0.7154586636466591,0.4236550632911392
deeplearning4j-examples,deeplearning4j/deeplearning4j-examples,deeplearning4j,2512,1821,2512,87,355469,Java,Other,True,True,True,False,False,8,51,2015-08-24 15:17:43+00:00,2026-05-14 07:27:45+00:00,2025-11-18 03:45:21+00:00,https://github.com/deeplearning4j/deeplearning4j-examples,3918,2,0.6409798417963767,0.7246319140469558
opencog,opencog/opencog,opencog,2462,739,2462,48,186126,Scheme,Other,True,True,False,False,False,11,90,2012-10-24 06:10:15+00:00,2026-05-12 06:10:09+00:00,2025-08-26 11:35:50+00:00,https://github.com/opencog/opencog,4953,5,0.49697214372224463,0.30004060089321966
simulator,lgsvl/simulator,lgsvl,2446,791,2446,628,42420,C#,Other,True,False,False,False,False,20,56,2018-07-02 22:07:26+00:00,2026-05-12 12:19:29+00:00,2023-04-04 21:17:55+00:00,https://github.com/lgsvl/simulator,2875,4,0.8504867872044506,0.32325296281160604
Leaked-GPTs,friuns2/Leaked-GPTs,friuns2,2436,388,2436,13,1613,Python,,True,True,True,False,False,19,96,2023-11-27 09:42:12+00:00,2026-05-17 04:27:54+00:00,2024-01-17 22:16:48+00:00,https://github.com/friuns2/Leaked-GPTs,901,0,2.7006651884700665,0.15921214608124742
MLE-Flashcards,b7leung/MLE-Flashcards,b7leung,2407,219,2407,3,174419,,GNU General Public License v3.0,True,True,True,False,False,9,112,2022-07-23 05:05:08+00:00,2026-05-13 04:21:20+00:00,2026-04-30 05:33:31+00:00,https://github.com/b7leung/MLE-Flashcards,1394,4,1.7254480286738352,0.0909468438538206
Poker,dickreuter/Poker,dickreuter,2394,578,2394,34,155507,Python,GNU General Public License v3.0,True,True,True,False,False,3,291,2016-03-29 23:58:12+00:00,2026-05-16 17:05:32+00:00,2025-06-26 21:29:10+00:00,https://github.com/dickreuter/Poker,3700,0,0.6468522021075385,0.24133611691022966
chat-with-gpt,cogentapps/chat-with-gpt,cogentapps,2361,480,2361,97,2704,TypeScript,MIT License,True,True,False,False,False,10,39,2023-03-06 12:35:57+00:00,2026-05-11 02:48:58+00:00,2024-05-24 17:16:12+00:00,https://github.com/cogentapps/chat-with-gpt,1167,6,2.021404109589041,0.20321761219305673
TengineKit,OAID/TengineKit,OAID,2323,307,2323,32,373911,C++,Other,True,True,True,False,False,16,200,2020-06-29 07:28:46+00:00,2026-05-16 15:19:39+00:00,2021-10-18 07:27:43+00:00,https://github.com/OAID/TengineKit,2147,0,1.0814711359404097,0.1320998278829604
ai-tech-interview,boost-devs/ai-tech-interview,boost-devs,2316,510,2316,3,31737,,MIT License,False,True,False,False,False,5,33,2021-04-11 13:55:27+00:00,2026-05-16 03:12:12+00:00,2026-03-17 15:34:11+00:00,https://github.com/boost-devs/ai-tech-interview,1861,1,1.2438238453276047,0.220112214069918
awesome-whisper,sindresorhus/awesome-whisper,sindresorhus,2304,128,2304,7,1196,,Creative Commons Zero v1.0 Universal,True,False,False,False,False,8,100,2023-05-10 10:46:57+00:00,2026-05-17 02:16:11+00:00,2026-03-17 12:02:10+00:00,https://github.com/sindresorhus/awesome-whisper,1102,0,2.0888485947416138,0.05553145336225596
DeepInterests,Honlan/DeepInterests,Honlan,2290,407,2290,0,36510,,,True,True,True,False,False,8,4,2018-03-19 13:31:41+00:00,2026-05-09 12:02:11+00:00,2020-08-20 08:34:51+00:00,https://github.com/Honlan/DeepInterests,2980,7,0.7681985910768199,0.17765168048886948
ai-knowledge-graph,robert-mcdermott/ai-knowledge-graph,robert-mcdermott,2279,338,2279,13,612,Python,Apache License 2.0,True,True,True,True,False,7,36,2025-03-23 04:38:15+00:00,2026-05-16 20:15:02+00:00,2025-12-28 00:22:06+00:00,https://github.com/robert-mcdermott/ai-knowledge-graph,420,0,5.4133016627078385,0.1482456140350877
WritingTools,theJayTea/WritingTools,theJayTea,2276,141,2276,71,38612,Swift,GNU General Public License v3.0,True,True,True,True,False,7,189,2024-10-13 15:28:17+00:00,2026-05-16 14:36:14+00:00,2026-05-10 14:47:37+00:00,https://github.com/theJayTea/WritingTools,580,0,3.9173838209982788,0.061923583662714096
nano-neuron,trekhleb/nano-neuron,trekhleb,2268,122,2268,4,235,JavaScript,MIT License,True,False,False,False,False,5,111,2019-12-05 07:54:21+00:00,2026-05-10 17:51:52+00:00,2025-11-23 04:27:56+00:00,https://github.com/trekhleb/nano-neuron,2354,6,0.9630573248407643,0.05376817981489643
Best_AI_paper_2020,louisfb01/Best_AI_paper_2020,louisfb01,2241,240,2241,0,189,,MIT License,True,True,True,False,False,20,138,2020-12-20 17:27:00+00:00,2026-05-16 07:48:11+00:00,2022-01-28 15:27:50+00:00,https://github.com/louisfb01/Best_AI_paper_2020,1973,0,1.135258358662614,0.10704727921498662
fairlearn,fairlearn/fairlearn,fairlearn,2239,502,2239,132,80175,Python,MIT License,True,True,False,False,False,12,75,2018-05-15 01:51:35+00:00,2026-05-17 05:39:44+00:00,2026-05-11 12:16:25+00:00,https://github.com/fairlearn/fairlearn,2924,0,0.7654700854700854,0.22410714285714287
Turing.jl,TuringLang/Turing.jl,TuringLang,2239,237,2239,44,46497,Julia,MIT License,True,False,False,True,False,14,50,2016-04-29 10:51:43+00:00,2026-05-16 03:50:41+00:00,2026-05-17 04:43:09+00:00,https://github.com/TuringLang/Turing.jl,3669,1,0.6100817438692098,0.10580357142857143
APIAuto,TommyLemon/APIAuto,TommyLemon,2197,272,2197,66,6538,JavaScript,Apache License 2.0,True,False,False,False,False,19,298,2017-10-21 16:24:27+00:00,2026-05-16 06:32:25+00:00,2026-05-10 21:59:45+00:00,https://github.com/TommyLemon/APIAuto,3129,1,0.7019169329073482,0.12374886260236578
reformer-pytorch,lucidrains/reformer-pytorch,lucidrains,2191,252,2191,17,36190,Python,MIT License,True,True,True,False,False,5,47,2020-01-09 20:42:37+00:00,2026-05-11 18:23:57+00:00,2023-06-21 14:17:49+00:00,https://github.com/lucidrains/reformer-pytorch,2319,5,0.944396551724138,0.11496350364963503
lion-pytorch,lucidrains/lion-pytorch,lucidrains,2186,55,2186,9,221,Python,MIT License,True,True,True,False,False,4,125,2023-02-15 04:24:19+00:00,2026-05-13 18:56:12+00:00,2024-11-27 15:28:24+00:00,https://github.com/lucidrains/lion-pytorch,1187,3,1.84006734006734,0.025148605395518976
ai-chatbot-framework,alfredfrancis/ai-chatbot-framework,alfredfrancis,2154,747,2154,11,15649,TypeScript,MIT License,True,True,True,True,False,13,91,2016-12-16 19:10:56+00:00,2026-05-12 05:48:53+00:00,2025-05-21 12:43:21+00:00,https://github.com/alfredfrancis/ai-chatbot-framework,3438,5,0.6263448676940971,0.34663573085846866
MEDIUM_NoteBook,cerlymarco/MEDIUM_NoteBook,cerlymarco,2136,974,2136,3,100498,Jupyter Notebook,MIT License,True,True,False,False,False,5,53,2019-04-22 20:45:20+00:00,2026-05-11 10:10:22+00:00,2024-09-22 08:08:30+00:00,https://github.com/cerlymarco/MEDIUM_NoteBook,2581,5,0.8272656855151046,0.45577912962096395
pytorch-cpp,prabhuomkar/pytorch-cpp,prabhuomkar,2130,274,2130,3,518,C++,MIT License,True,True,False,False,False,18,52,2019-11-05 16:52:01+00:00,2026-05-16 10:31:34+00:00,2025-08-25 05:12:15+00:00,https://github.com/prabhuomkar/pytorch-cpp,2384,0,0.8930817610062893,0.1285781323322384
oracle-ai-developer-hub,oracle-devrel/oracle-ai-developer-hub,oracle-devrel,2116,422,2116,16,220207,Jupyter Notebook,,True,True,True,True,False,12,122,2024-01-16 18:43:15+00:00,2026-05-17 05:03:34+00:00,2026-05-14 22:44:11+00:00,https://github.com/oracle-devrel/oracle-ai-developer-hub,851,0,2.483568075117371,0.19933868682097308
audio-diffusion-pytorch,archinetai/audio-diffusion-pytorch,archinetai,2103,178,2103,16,251,Python,MIT License,True,True,True,False,False,4,52,2022-07-07 11:03:31+00:00,2026-05-05 00:31:52+00:00,2023-06-12 22:40:16+00:00,https://github.com/archinetai/audio-diffusion-pytorch,1409,12,1.4914893617021276,0.08460076045627377
ELF,facebookresearch/ELF,facebookresearch,2091,284,2091,47,4663,C++,Other,True,True,True,False,True,8,66,2017-06-06 00:07:35+00:00,2026-05-16 06:05:56+00:00,2021-08-30 20:13:52+00:00,https://github.com/facebookresearch/ELF,3267,1,0.6398408812729498,0.13575525812619502
awesome-programming-books,zero-equals-false/awesome-programming-books,zero-equals-false,2086,172,2086,6,40,,,True,True,True,False,False,5,339,2019-04-10 12:23:12+00:00,2026-05-11 12:32:57+00:00,2023-10-24 12:03:37+00:00,https://github.com/zero-equals-false/awesome-programming-books,2593,5,0.8041634541249036,0.08241494968854815
Beginner-Data-Science-Projects,tkarim45/Beginner-Data-Science-Projects,tkarim45,2077,414,2077,2,616887,Jupyter Notebook,MIT License,True,True,True,False,False,5,273,2024-03-10 16:46:46+00:00,2026-05-17 06:40:37+00:00,2026-05-07 09:20:39+00:00,https://github.com/tkarim45/Beginner-Data-Science-Projects,797,0,2.6027568922305764,0.19923002887391722
Introduction_to_Machine_Learning,SharifiZarchi/Introduction_to_Machine_Learning,SharifiZarchi,2071,398,2071,21,1322730,Jupyter Notebook,,True,True,True,False,False,4,56,2022-09-01 19:10:26+00:00,2026-05-15 08:45:15+00:00,2026-02-26 15:01:26+00:00,https://github.com/SharifiZarchi/Introduction_to_Machine_Learning,1353,1,1.5295420974889218,0.1920849420849421
toolformer-pytorch,lucidrains/toolformer-pytorch,lucidrains,2056,129,2056,11,165,Python,MIT License,True,True,True,False,False,5,75,2023-02-10 21:59:25+00:00,2026-04-29 07:33:27+00:00,2024-07-22 06:42:35+00:00,https://github.com/lucidrains/toolformer-pytorch,1191,17,1.7248322147651007,0.06271268838113758
Agentless,OpenAutoCoder/Agentless,OpenAutoCoder,2049,231,2049,53,658,Python,MIT License,True,True,False,False,False,4,87,2024-06-30 23:37:17+00:00,2026-05-15 09:40:37+00:00,2024-12-22 19:29:31+00:00,https://github.com/OpenAutoCoder/Agentless,685,1,2.986880466472303,0.1126829268292683
Awesome-World-Model,LMD0311/Awesome-World-Model,LMD0311,2045,80,2045,0,641,,,True,True,True,False,False,10,77,2024-01-02 09:38:21+00:00,2026-05-17 05:18:24+00:00,2026-05-12 03:10:22+00:00,https://github.com/LMD0311/Awesome-World-Model,865,0,2.361431870669746,0.039100684261974585
diamond,eloialonso/diamond,eloialonso,2044,153,2044,6,48,Python,MIT License,True,True,False,False,False,8,146,2024-05-19 22:31:40+00:00,2026-05-17 05:12:14+00:00,2024-12-06 16:45:28+00:00,https://github.com/eloialonso/diamond,727,0,2.8076923076923075,0.07481662591687041
chatgpt.js,KudoAI/chatgpt.js,KudoAI,2031,166,2031,3,719193,JavaScript,,True,False,False,True,False,19,56,2023-03-15 07:53:55+00:00,2026-05-16 11:25:49+00:00,2026-05-13 13:47:32+00:00,https://github.com/KudoAI/chatgpt.js,1158,0,1.7523727351164797,0.08169291338582677
EvalAI,Cloud-CV/EvalAI,Cloud-CV,2020,983,2020,459,67294,Python,Other,True,True,True,True,False,17,89,2016-10-21 00:51:45+00:00,2026-05-17 04:14:27+00:00,2026-05-16 16:01:37+00:00,https://github.com/Cloud-CV/EvalAI,3495,0,0.5778032036613272,0.4863928748144483
Artificial-Intelligence-Terminology-Database,jiqizhixin/Artificial-Intelligence-Terminology-Database,jiqizhixin,2017,341,2017,15,2341,,Other,True,True,True,False,False,4,113,2017-06-27 15:36:56+00:00,2026-05-12 05:48:32+00:00,2022-12-30 08:36:01+00:00,https://github.com/jiqizhixin/Artificial-Intelligence-Terminology-Database,3245,5,0.6213801601971657,0.16897918731417244
blazingsql,BlazingDB/blazingsql,BlazingDB,2010,181,2010,146,43360,C++,Apache License 2.0,True,True,True,True,False,16,90,2018-09-24 18:25:45+00:00,2026-05-16 07:50:42+00:00,2022-09-16 23:58:37+00:00,https://github.com/BlazingDB/blazingsql,2791,0,0.7199140401146131,0.09000497265042268
make-a-video-pytorch,lucidrains/make-a-video-pytorch,lucidrains,1990,184,1990,7,232,Python,MIT License,True,True,True,False,False,5,89,2022-09-29 15:17:15+00:00,2026-05-05 00:30:14+00:00,2024-05-03 17:34:14+00:00,https://github.com/lucidrains/make-a-video-pytorch,1325,12,1.5007541478129713,0.09241587142139629
Awesome-FL,youngfish42/Awesome-FL,youngfish42,1985,223,1985,0,2593,Python,Creative Commons Attribution Share Alike 4.0 International,True,True,True,True,False,20,120,2022-05-21 02:20:25+00:00,2026-05-16 15:07:27+00:00,2026-05-12 07:25:10+00:00,https://github.com/youngfish42/Awesome-FL,1457,0,1.3614540466392318,0.11228600201409869
langchainrb,patterns-ai-core/langchainrb,patterns-ai-core,1983,260,1983,79,3013,Ruby,MIT License,True,True,False,False,False,7,38,2023-04-18 18:43:09+00:00,2026-05-14 20:02:17+00:00,2026-05-01 13:06:13+00:00,https://github.com/patterns-ai-core/langchainrb,1124,2,1.7626666666666666,0.1310483870967742
humanoid-gym,roboterax/humanoid-gym,roboterax,1977,248,1977,24,36001,Python,,True,True,False,False,False,7,121,2024-03-04 06:02:40+00:00,2026-05-15 10:34:03+00:00,2025-01-26 08:11:29+00:00,https://github.com/roboterax/humanoid-gym,804,1,2.4559006211180123,0.12537917087967643
weekly.manong.io,toutiaoio/weekly.manong.io,toutiaoio,1976,231,1976,14,1473,,,True,True,True,False,False,7,32,2019-06-23 10:07:04+00:00,2026-05-08 23:34:06+00:00,2022-05-11 06:55:31+00:00,https://github.com/toutiaoio/weekly.manong.io,2519,8,0.7841269841269841,0.11684370257966616
titans-pytorch,lucidrains/titans-pytorch,lucidrains,1958,205,1958,36,36713,Python,MIT License,True,True,True,False,False,4,77,2025-01-08 15:26:27+00:00,2026-05-14 02:59:05+00:00,2026-02-09 15:31:45+00:00,https://github.com/lucidrains/titans-pytorch,493,3,3.9635627530364372,0.10464522715671261
gigagan-pytorch,lucidrains/gigagan-pytorch,lucidrains,1941,107,1941,20,1088,Python,MIT License,True,True,True,False,False,3,106,2023-03-10 15:21:25+00:00,2026-04-28 02:21:19+00:00,2025-01-12 14:26:17+00:00,https://github.com/lucidrains/gigagan-pytorch,1163,19,1.6675257731958764,0.05509783728115345
BitNet,kyegomez/BitNet,kyegomez,1932,172,1932,6,38268,Python,MIT License,True,True,True,False,False,7,91,2023-10-18 16:19:06+00:00,2026-05-16 15:15:05+00:00,2026-04-27 00:32:20+00:00,https://github.com/kyegomez/BitNet,941,0,2.050955414012739,0.08898085876875324
feathr,feathr-ai/feathr,feathr-ai,1929,244,1929,165,30841,Scala,Apache License 2.0,True,True,True,True,False,15,76,2022-02-18 08:00:06+00:00,2026-05-06 05:13:21+00:00,2024-04-04 19:17:41+00:00,https://github.com/feathr-ai/feathr,1548,11,1.2453195610071013,0.12642487046632125
AIAlpha,VivekPa/AIAlpha,VivekPa,1921,448,1921,14,13852,Python,MIT License,True,True,True,False,False,12,58,2018-10-07 03:58:26+00:00,2026-05-13 00:06:54+00:00,2020-06-18 05:37:24+00:00,https://github.com/VivekPa/AIAlpha,2779,4,0.6910071942446043,0.23309053069719043
audio-ai-timeline,archinetai/audio-ai-timeline,archinetai,1911,72,1911,1,71,,,True,True,True,False,False,3,74,2023-01-29 09:58:56+00:00,2026-05-16 05:59:22+00:00,2024-01-04 01:15:07+00:00,https://github.com/archinetai/audio-ai-timeline,1203,1,1.5872093023255813,0.03765690376569038
machine-learning-refined,neonwatty/machine-learning-refined,neonwatty,1901,640,1901,1,73343,Python,Other,True,True,True,False,False,7,152,2016-08-12 14:13:30+00:00,2026-05-11 10:02:39+00:00,2025-12-22 01:15:07+00:00,https://github.com/neonwatty/machine-learning-refined,3564,5,0.5332398316970547,0.33648790746582546
DemoGPT,melih-unsal/DemoGPT,melih-unsal,1899,225,1899,9,26340,Python,MIT License,True,True,True,True,False,20,154,2023-06-07 09:56:20+00:00,2026-05-16 22:10:19+00:00,2026-04-01 12:30:12+00:00,https://github.com/melih-unsal/DemoGPT,1074,0,1.7665116279069768,0.11842105263157894
NCRFpp,jiesutd/NCRFpp,jiesutd,1897,439,1897,12,7125,Python,Apache License 2.0,True,True,True,False,False,16,189,2017-12-06 09:04:43+00:00,2026-04-02 08:36:23+00:00,2022-06-30 09:54:21+00:00,https://github.com/jiesutd/NCRFpp,3083,44,0.6151102464332037,0.23129610115911486
awesome-computer-vision,jbhuang0604/awesome-computer-vision,jbhuang0604,23268,4439,23268,89,547,,,True,True,True,False,False,0,51,2015-01-16 16:48:47+00:00,2026-05-17 03:25:38+00:00,2024-05-17 14:24:27+00:00,https://github.com/jbhuang0604/awesome-computer-vision,4138,0,5.621647741000242,0.1907688340710817
gaussian-splatting,graphdeco-inria/gaussian-splatting,graphdeco-inria,21975,3205,21975,709,80569,Python,Other,True,True,False,False,False,3,99,2023-07-04 07:51:38+00:00,2026-05-17 04:40:29+00:00,2025-10-17 14:28:15+00:00,https://github.com/graphdeco-inria/gaussian-splatting,1047,0,20.96851145038168,0.14584091736439753
MaaAssistantArknights,MaaAssistantArknights/MaaAssistantArknights,MaaAssistantArknights,20962,2614,20962,675,1060344,C++,GNU Affero General Public License v3.0,True,False,False,True,False,3,94,2021-07-09 18:26:38+00:00,2026-05-17 06:17:50+00:00,2026-05-17 06:08:15+00:00,https://github.com/MaaAssistantArknights/MaaAssistantArknights,1772,0,11.822899041173153,0.12469589276344034
Meshroom,alicevision/Meshroom,alicevision,12730,1205,12730,506,12635,QML,Other,True,True,True,False,False,14,37,2015-04-22 17:33:16+00:00,2026-05-17 04:20:09+00:00,2026-05-15 16:14:29+00:00,https://github.com/alicevision/Meshroom,4042,0,3.148651991095721,0.09465085225041238
colmap,colmap/colmap,colmap,11691,2000,11691,679,79267,C++,Other,True,True,False,False,False,5,52,2014-08-16 00:55:31+00:00,2026-05-17 02:58:54+00:00,2026-05-16 18:52:07+00:00,https://github.com/colmap/colmap,4292,0,2.7232704402515724,0.17105713308244955
segmentation_models.pytorch,qubvel-org/segmentation_models.pytorch,qubvel-org,11553,1837,11553,78,17700,Python,MIT License,True,True,False,False,False,20,96,2019-03-01 16:21:21+00:00,2026-05-17 04:17:50+00:00,2026-05-15 07:36:14+00:00,https://github.com/qubvel-org/segmentation_models.pytorch,2633,0,4.386104783599089,0.1589925566903237
pcl,PointCloudLibrary/pcl,PointCloudLibrary,10984,4689,10984,589,240019,C++,Other,True,True,True,False,False,6,25,2013-02-12 16:40:25+00:00,2026-05-14 14:48:05+00:00,2026-05-05 14:22:28+00:00,https://github.com/PointCloudLibrary/pcl,4841,2,2.26848409748038,0.426854802002731
rerun,rerun-io/rerun,rerun-io,10706,734,10706,1359,269857,Rust,Apache License 2.0,True,False,False,False,False,7,66,2022-04-08 07:30:05+00:00,2026-05-17 06:18:34+00:00,2026-05-15 22:02:10+00:00,https://github.com/rerun-io/rerun,1499,0,7.137333333333333,0.06855328289903802
openFrameworks,openframeworks/openFrameworks,openframeworks,10372,2573,10372,1053,2214211,C++,Other,True,True,True,False,False,15,90,2009-10-21 21:55:54+00:00,2026-05-15 18:08:23+00:00,2026-04-28 19:42:52+00:00,https://github.com/openframeworks/openFrameworks,6051,1,1.713813615333774,0.24804781644654392
tracking.js,eduardolundgren/tracking.js,eduardolundgren,9477,1428,9477,226,32885,JavaScript,Other,True,True,True,True,False,0,48,2012-06-18 04:39:34+00:00,2026-05-14 13:14:38+00:00,2023-06-03 20:24:23+00:00,https://github.com/eduardolundgren/tracking.js,5081,2,1.8648170011806375,0.15066469719350073
librealsense,realsenseai/librealsense,realsenseai,8770,5006,8770,521,281721,C++,Apache License 2.0,True,False,True,True,False,7,13,2015-11-17 20:42:18+00:00,2026-05-17 06:00:17+00:00,2026-05-15 18:43:25+00:00,https://github.com/realsenseai/librealsense,3833,0,2.287428273343766,0.5707444989168852
javacv,bytedeco/javacv,bytedeco,8307,1617,8307,464,8174,Java,Other,True,True,True,True,False,8,42,2014-04-21 13:50:26+00:00,2026-05-16 21:04:35+00:00,2026-02-26 05:30:11+00:00,https://github.com/bytedeco/javacv,4408,0,1.8841007031072805,0.19463168030813674
CompreFace,exadel-inc/CompreFace,exadel-inc,7928,1108,7928,233,566295,Java,Apache License 2.0,True,False,False,False,False,14,52,2020-07-06 08:29:43+00:00,2026-05-16 07:00:56+00:00,2024-10-05 10:45:30+00:00,https://github.com/exadel-inc/CompreFace,2140,0,3.702942550210182,0.13974019422373565
ailab,microsoft/ailab,microsoft,7841,1389,7841,84,103614,C#,MIT License,True,True,True,False,False,18,80,2018-07-23 22:40:54+00:00,2026-05-16 15:06:42+00:00,2024-06-26 19:42:37+00:00,https://github.com/microsoft/ailab,2854,0,2.7464098073555165,0.17712318286151493
gocv,hybridgroup/gocv,hybridgroup,7440,898,7440,349,10809,Go,Other,True,True,False,False,False,19,119,2017-09-18 21:54:17+00:00,2026-05-14 19:32:04+00:00,2026-04-24 18:14:41+00:00,https://github.com/hybridgroup/gocv,3162,2,2.3521972810622827,0.12068270393764279
ccv,liuliu/ccv,liuliu,7217,1703,7217,78,423917,C++,Other,True,True,True,True,False,0,77,2010-09-15 15:59:47+00:00,2026-05-17 04:32:00+00:00,2026-05-17 04:31:56+00:00,https://github.com/liuliu/ccv,5722,0,1.2610518958588153,0.23593793294541424
Final2x,EutropicAI/Final2x,EutropicAI,7191,520,7191,4,2133,TypeScript,"BSD 3-Clause ""New"" or ""Revised"" License",True,False,False,False,False,10,44,2023-06-19 02:31:56+00:00,2026-05-15 17:10:44+00:00,2026-05-13 22:54:46+00:00,https://github.com/EutropicAI/Final2x,1063,1,6.758458646616542,0.07230255839822025
BackgroundMattingV2,PeterL1n/BackgroundMattingV2,PeterL1n,7167,962,7167,46,2873,Python,MIT License,True,False,False,False,False,4,44,2020-12-01 00:26:17+00:00,2026-05-16 06:59:01+00:00,2024-06-19 12:28:16+00:00,https://github.com/PeterL1n/BackgroundMattingV2,1993,0,3.594282848545637,0.13420758928571427
rf-detr,roboflow/rf-detr,roboflow,7100,902,7100,92,22561,Python,Apache License 2.0,True,False,False,True,False,7,151,2025-03-19 20:43:00+00:00,2026-05-17 05:35:37+00:00,2026-05-15 20:20:49+00:00,https://github.com/roboflow/rf-detr,423,0,16.745283018867923,0.12702436276580764
donut,clovaai/donut,clovaai,6867,560,6867,212,64267,Python,MIT License,True,True,True,False,False,6,133,2022-07-20 01:21:19+00:00,2026-05-16 01:54:18+00:00,2024-07-11 15:33:26+00:00,https://github.com/clovaai/donut,1397,1,4.912017167381975,0.081537565521258
daily-paper-computer-vision,amusi/daily-paper-computer-vision,amusi,6758,1277,6758,0,1001,,,True,True,True,False,False,6,29,2018-05-15 16:27:19+00:00,2026-05-15 12:19:30+00:00,2023-07-08 08:14:09+00:00,https://github.com/amusi/daily-paper-computer-vision,2923,1,2.311217510259918,0.18893327415298122
scikit-image,scikit-image/scikit-image,scikit-image,6511,2375,6511,900,83076,Python,Other,True,True,True,False,False,3,26,2011-07-07 22:07:20+00:00,2026-05-17 01:34:25+00:00,2026-05-15 21:19:57+00:00,https://github.com/scikit-image/scikit-image,5427,0,1.199521002210759,0.3647113022113022
mmcv,open-mmlab/mmcv,open-mmlab,6440,1762,6440,456,14664,Python,Apache License 2.0,True,True,True,False,False,0,36,2018-08-22 07:05:26+00:00,2026-05-15 02:45:26+00:00,2026-01-29 17:08:43+00:00,https://github.com/open-mmlab/mmcv,2824,2,2.279646017699115,0.2735600062102158
openMVG,openMVG/openMVG,openMVG,6403,1713,6403,312,30301,C++,Mozilla Public License 2.0,True,True,True,False,False,9,92,2013-02-08 16:01:08+00:00,2026-05-16 16:00:47+00:00,2025-12-17 00:44:42+00:00,https://github.com/openMVG/openMVG,4845,0,1.321295914156005,0.2674890693316677
awesome-self-supervised-learning,jason718/awesome-self-supervised-learning,jason718,6387,836,6387,1,433,,,True,True,True,False,False,7,49,2018-02-10 01:57:50+00:00,2026-05-16 17:01:58+00:00,2026-02-24 08:30:02+00:00,https://github.com/jason718/awesome-self-supervised-learning,3018,0,2.1156011924478304,0.1308703819661866
pytorch-metric-learning,KevinMusgrave/pytorch-metric-learning,KevinMusgrave,6322,660,6322,76,37937,Python,MIT License,True,True,True,True,False,10,119,2019-10-23 17:20:35+00:00,2026-05-13 10:21:57+00:00,2025-08-17 17:08:48+00:00,https://github.com/KevinMusgrave/pytorch-metric-learning,2397,3,2.6363636363636362,0.10438083188359956
BossSensor,Hironsan/BossSensor,Hironsan,6281,1075,6281,28,29659,Python,MIT License,True,True,True,False,False,5,37,2016-07-04 06:09:59+00:00,2026-05-12 16:29:11+00:00,2018-10-31 11:42:42+00:00,https://github.com/Hironsan/BossSensor,3604,4,1.7423023578363384,0.1711238459089462
opencvsharp,shimat/opencvsharp,shimat,5982,1231,5982,14,73452,C#,Apache License 2.0,True,True,True,True,False,11,23,2013-12-21 00:27:48+00:00,2026-05-17 05:41:51+00:00,2026-05-08 23:30:42+00:00,https://github.com/shimat/opencvsharp,4530,0,1.3202383579783712,0.20574962393448104
gluon-cv,dmlc/gluon-cv,dmlc,5922,1206,5922,61,39688,Python,Apache License 2.0,True,True,True,False,False,13,16,2018-02-26 01:33:21+00:00,2026-05-15 03:34:07+00:00,2024-11-25 15:30:52+00:00,https://github.com/dmlc/gluon-cv,3002,2,1.972027972027972,0.20361303393550564
Chinese-CLIP,OFA-Sys/Chinese-CLIP,OFA-Sys,5902,550,5902,198,3018,Jupyter Notebook,MIT License,True,True,True,False,False,15,99,2022-07-08 03:12:21+00:00,2026-05-14 13:08:08+00:00,2026-03-31 13:27:44+00:00,https://github.com/OFA-Sys/Chinese-CLIP,1409,2,4.18581560283688,0.09317296290022023
layout-parser,Layout-Parser/layout-parser,Layout-Parser,5733,534,5733,118,61152,Python,Apache License 2.0,True,True,True,False,False,10,65,2020-06-10 20:22:54+00:00,2026-05-16 19:46:46+00:00,2024-08-15 06:26:34+00:00,https://github.com/Layout-Parser/layout-parser,2166,0,2.6455929856945084,0.09312870596442274
imagededup,idealo/imagededup,idealo,5629,478,5629,38,23040,Python,Apache License 2.0,True,True,True,True,False,9,37,2019-04-05 12:10:54+00:00,2026-05-16 20:50:06+00:00,2025-08-15 15:19:22+00:00,https://github.com/idealo/imagededup,2598,0,2.1658330126971914,0.08490230905861457
ECCV2022-RIFE,hzwer/ECCV2022-RIFE,hzwer,5438,541,5438,70,10991,Python,MIT License,True,True,True,False,False,5,79,2020-11-12 05:46:23+00:00,2026-05-16 17:07:49+00:00,2025-09-10 06:32:03+00:00,https://github.com/hzwer/ECCV2022-RIFE,2012,0,2.7014406358668652,0.09946681375252804
sahi,obss/sahi,obss,5288,746,5288,1,105183,Python,MIT License,False,False,False,True,False,20,81,2021-01-30 12:54:53+00:00,2026-05-16 18:13:22+00:00,2026-05-16 22:16:02+00:00,https://github.com/obss/sahi,1932,0,2.735644076564925,0.14104745698619778
ssd.pytorch,amdegroot/ssd.pytorch,amdegroot,5233,1732,5233,381,108865,Python,MIT License,True,True,True,False,False,8,57,2017-02-08 01:50:36+00:00,2026-05-06 02:18:33+00:00,2021-12-29 03:19:26+00:00,https://github.com/amdegroot/ssd.pytorch,3385,11,1.545481393975192,0.33091325945739397
sparrow,katanaml/sparrow,katanaml,5159,516,5159,0,30356,Python,GNU General Public License v3.0,True,True,True,False,False,8,78,2022-01-08 08:45:44+00:00,2026-05-15 21:15:59+00:00,2026-05-15 10:49:40+00:00,https://github.com/katanaml/sparrow,1589,1,3.2446540880503143,0.1
Realtime_Multi-Person_Pose_Estimation,ZheC/Realtime_Multi-Person_Pose_Estimation,ZheC,5125,1356,5125,107,46830,Jupyter Notebook,Other,True,True,True,False,False,10,69,2016-12-12 17:40:12+00:00,2026-05-14 08:20:16+00:00,2020-03-21 13:01:08+00:00,https://github.com/ZheC/Realtime_Multi-Person_Pose_Estimation,3442,2,1.4885274469939007,0.2645337495122903
Awesome-Transformer-Attention,cmhungsteve/Awesome-Transformer-Attention,cmhungsteve,5034,497,5034,23,5928,,,True,True,True,False,False,18,117,2021-09-15 07:16:24+00:00,2026-05-16 10:19:10+00:00,2024-07-30 06:57:18+00:00,https://github.com/cmhungsteve/Awesome-Transformer-Attention,1704,0,2.952492668621701,0.09870903674280039
super-gradients,Deci-AI/super-gradients,Deci-AI,5029,590,5029,131,420273,Jupyter Notebook,Apache License 2.0,True,True,True,False,False,1,114,2021-11-28 07:58:02+00:00,2026-05-13 13:52:06+00:00,2026-02-24 12:31:01+00:00,https://github.com/Deci-AI/super-gradients,1630,3,3.0833844267320663,0.1172962226640159
sports,roboflow/sports,roboflow,4979,600,4979,38,2388,Python,MIT License,True,True,True,False,False,16,26,2024-05-13 14:51:16+00:00,2026-05-17 00:32:30+00:00,2025-11-07 16:02:11+00:00,https://github.com/roboflow/sports,733,0,6.783378746594005,0.12048192771084337
deep-person-reid,KaiyangZhou/deep-person-reid,KaiyangZhou,4825,1207,4825,163,9720,Python,MIT License,True,True,True,True,False,11,61,2018-03-11 21:14:39+00:00,2026-05-15 02:47:14+00:00,2026-01-09 05:23:24+00:00,https://github.com/KaiyangZhou/deep-person-reid,2988,2,1.6142522582803613,0.25010360547036886
image-super-resolution,idealo/image-super-resolution,idealo,4819,774,4819,107,15347,Python,Apache License 2.0,True,True,True,True,True,15,91,2018-11-26 13:41:13+00:00,2026-05-15 19:41:44+00:00,2024-12-18 16:08:09+00:00,https://github.com/idealo/image-super-resolution,2728,1,1.76584829607915,0.16058091286307055
BallonsTranslator,dmMaze/BallonsTranslator,dmMaze,4788,320,4788,288,59775,Python,GNU General Public License v3.0,True,True,True,False,False,15,113,2022-04-09 13:31:52+00:00,2026-05-17 06:16:29+00:00,2026-05-06 13:46:18+00:00,https://github.com/dmMaze/BallonsTranslator,1498,0,3.194129419613075,0.0668197953643767
ml-road,yanshengjia/ml-road,yanshengjia,4780,1701,4780,2,311683,Python,MIT License,True,True,True,False,False,8,64,2017-10-31 04:36:37+00:00,2026-05-16 17:05:30+00:00,2026-04-20 19:50:38+00:00,https://github.com/yanshengjia/ml-road,3120,0,1.531560397308555,0.3557833089311859
pigo,esimov/pigo,esimov,4704,324,4704,5,15026,Go,MIT License,True,True,True,False,False,11,101,2018-05-14 07:19:03+00:00,2026-05-15 07:54:28+00:00,2025-05-03 15:07:42+00:00,https://github.com/esimov/pigo,2924,1,1.6082051282051282,0.06886291179596174
MLQuestions,andrewekhalel/MLQuestions,andrewekhalel,4635,756,4635,5,26,,,True,True,True,False,False,0,77,2018-12-12 14:10:31+00:00,2026-05-16 18:02:09+00:00,2026-01-24 08:57:20+00:00,https://github.com/andrewekhalel/MLQuestions,2712,0,1.7084408403980833,0.1630716134598792
pysot,STVIR/pysot,STVIR,4600,1112,4600,59,6507,Python,Apache License 2.0,True,True,True,False,False,3,106,2019-05-07 12:37:56+00:00,2026-05-11 08:04:23+00:00,2025-06-22 03:59:22+00:00,https://github.com/STVIR/pysot,2566,5,1.7919750681729645,0.241686589871767
neuralangelo,NVlabs/neuralangelo,NVlabs,4593,403,4593,106,15127,Python,Other,True,True,True,False,False,5,98,2023-06-23 20:52:42+00:00,2026-05-16 12:23:32+00:00,2024-04-14 21:29:12+00:00,https://github.com/NVlabs/neuralangelo,1058,0,4.337110481586402,0.08772311710927297
framework,accord-net/framework,accord-net,4544,1978,4544,760,427584,C#,GNU Lesser General Public License v2.1,True,True,True,False,True,12,87,2012-04-08 13:35:01+00:00,2026-05-12 06:38:32+00:00,2020-11-18 19:53:02+00:00,https://github.com/accord-net/framework,5151,5,0.8819875776397516,0.4352035203520352
vrn,AaronJackson/vrn,AaronJackson,4520,744,4520,7,538,MATLAB,MIT License,True,False,False,False,False,7,108,2017-06-20 12:35:33+00:00,2026-05-16 05:58:07+00:00,2022-07-26 00:06:01+00:00,https://github.com/AaronJackson/vrn,3252,1,1.389486627728251,0.1645653616456536
PyTorch-Tutorial-2nd,TingsongYu/PyTorch-Tutorial-2nd,TingsongYu,4515,485,4515,1,88535,Jupyter Notebook,,True,True,True,True,False,10,109,2021-12-16 15:11:59+00:00,2026-05-17 02:57:25+00:00,2025-01-27 04:35:29+00:00,https://github.com/TingsongYu/PyTorch-Tutorial-2nd,1612,0,2.7991320520768754,0.10739592559787423
TensorFlow-World,astorfi/TensorFlow-World,astorfi,4498,406,4498,3,26388,Python,MIT License,True,True,True,False,False,6,65,2017-03-24 22:19:05+00:00,2026-05-05 13:05:57+00:00,2020-12-23 00:18:21+00:00,https://github.com/astorfi/TensorFlow-World,3340,11,1.3463035019455254,0.09024227606134697
simclr,google-research/simclr,google-research,4492,665,4492,71,3957,Jupyter Notebook,Apache License 2.0,True,False,True,False,True,7,73,2020-03-10 16:53:22+00:00,2026-05-13 15:56:04+00:00,2023-05-22 04:42:53+00:00,https://github.com/google-research/simclr,2258,3,1.988490482514387,0.14800801246383263
monodepth2,nianticlabs/monodepth2,nianticlabs,4487,989,4487,32,10520,Jupyter Notebook,Other,True,True,True,False,False,7,58,2019-05-02 14:17:17+00:00,2026-05-15 17:57:26+00:00,2024-08-10 22:20:36+00:00,https://github.com/nianticlabs/monodepth2,2571,1,1.744556765163297,0.22036541889483066
ceres-solver,ceres-solver/ceres-solver,ceres-solver,4476,1116,4476,85,33592,C++,Other,True,True,False,False,False,14,45,2014-01-06 06:44:59+00:00,2026-05-17 00:32:51+00:00,2026-05-01 22:16:05+00:00,https://github.com/ceres-solver/ceres-solver,4513,0,0.9915817456801064,0.24927406745588565
BEVFormer,fundamentalvision/BEVFormer,fundamentalvision,4460,726,4460,183,710,Python,Apache License 2.0,True,True,True,False,False,4,177,2022-03-30 12:32:32+00:00,2026-05-16 05:15:10+00:00,2024-08-15 05:08:16+00:00,https://github.com/fundamentalvision/BEVFormer,1508,1,2.9555997349237906,0.16274377942165433
koharu,mayocream/koharu,mayocream,4402,239,4402,94,59225,Rust,GNU General Public License v3.0,True,True,False,True,False,10,45,2025-04-09 10:52:34+00:00,2026-05-17 06:25:59+00:00,2026-05-15 18:56:32+00:00,https://github.com/mayocream/koharu,402,0,10.923076923076923,0.05428117192823075
awesome_3DReconstruction_list,openMVG/awesome_3DReconstruction_list,openMVG,4401,832,4401,6,113,,,True,True,True,False,False,7,77,2016-08-18 12:22:32+00:00,2026-05-15 09:29:49+00:00,2021-10-12 04:37:11+00:00,https://github.com/openMVG/awesome_3DReconstruction_list,3558,1,1.2365833099185164,0.1890049977283053
webots,cyberbotics/webots,cyberbotics,4355,2025,4355,236,4305635,C++,Apache License 2.0,True,False,True,False,False,20,22,2018-11-05 14:09:10+00:00,2026-05-15 19:36:26+00:00,2026-05-15 23:30:02+00:00,https://github.com/cyberbotics/webots,2749,1,1.5836363636363637,0.46487603305785125
obs-backgroundremoval,royshil/obs-backgroundremoval,royshil,4300,276,4300,27,144202,C++,GNU General Public License v3.0,True,False,False,True,False,16,135,2021-04-15 00:44:35+00:00,2026-05-15 12:34:41+00:00,2026-04-07 03:21:07+00:00,https://github.com/royshil/obs-backgroundremoval,1858,1,2.3130715438407745,0.06417112299465241
cs230-code-examples,cs230-stanford/cs230-code-examples,cs230-stanford,4224,1018,4224,18,177,Python,Other,True,True,True,False,False,4,49,2018-01-13 19:40:37+00:00,2026-05-15 15:21:08+00:00,2023-03-24 23:40:51+00:00,https://github.com/cs230-stanford/cs230-code-examples,3045,1,1.386736703873933,0.24094674556213017
PINTO_model_zoo,PINTO0309/PINTO_model_zoo,PINTO0309,4154,638,4154,3,188620,Python,MIT License,True,False,True,True,False,20,216,2019-12-11 13:02:40+00:00,2026-05-17 00:49:42+00:00,2026-04-30 08:20:34+00:00,https://github.com/PINTO0309/PINTO_model_zoo,2348,0,1.7684120902511706,0.1535499398315283
VLMEvalKit,open-compass/VLMEvalKit,open-compass,4140,694,4140,238,12824,Python,Apache License 2.0,True,True,False,False,False,19,103,2023-12-01 08:18:11+00:00,2026-05-17 06:11:45+00:00,2026-05-15 07:04:59+00:00,https://github.com/open-compass/VLMEvalKit,897,0,4.610244988864142,0.16759236899299687
open_flamingo,mlfoundations/open_flamingo,mlfoundations,4100,319,4100,51,7719,Python,MIT License,True,True,True,False,False,7,62,2022-10-20 00:32:35+00:00,2026-05-17 05:31:56+00:00,2024-08-31 23:11:03+00:00,https://github.com/mlfoundations/open_flamingo,1305,0,3.139356814701378,0.07778590587661546
3D-ResNets-PyTorch,kenshohara/3D-ResNets-PyTorch,kenshohara,4042,931,4042,154,336,Python,MIT License,True,True,True,False,False,6,45,2017-09-14 12:14:44+00:00,2026-05-14 22:01:19+00:00,2021-01-20 20:31:36+00:00,https://github.com/kenshohara/3D-ResNets-PyTorch,3166,2,1.2762867066624566,0.2302745486025229
torchgeo,torchgeo/torchgeo,torchgeo,4033,551,4033,223,206183,Python,MIT License,True,True,True,False,False,11,84,2021-05-21 05:58:56+00:00,2026-05-17 03:22:00+00:00,2026-05-15 21:36:05+00:00,https://github.com/torchgeo/torchgeo,1822,0,2.2122874382885356,0.13658899355478432
MaaFramework,MaaXYZ/MaaFramework,MaaXYZ,4018,442,4018,90,20941,C++,GNU Lesser General Public License v3.0,True,False,False,True,False,2,87,2023-04-24 14:50:25+00:00,2026-05-17 05:59:37+00:00,2026-05-13 07:43:14+00:00,https://github.com/MaaXYZ/MaaFramework,1118,0,3.590705987488829,0.10997760636974371
photo2cartoon,minivision-ai/photo2cartoon,minivision-ai,4017,767,4017,12,2070,Python,MIT License,True,True,True,False,False,5,48,2020-04-17 08:24:26+00:00,2026-05-14 00:47:57+00:00,2022-06-12 08:57:21+00:00,https://github.com/minivision-ai/photo2cartoon,2220,3,1.8086447546150384,0.19089099054255848
iGAN,junyanz/iGAN,junyanz,4008,587,4008,14,9806,Python,MIT License,True,True,True,False,False,8,64,2016-09-21 06:44:49+00:00,2026-05-13 12:49:31+00:00,2020-08-05 01:05:44+00:00,https://github.com/junyanz/iGAN,3524,3,1.1370212765957446,0.14642055375405338
fast-reid,JDAI-CV/fast-reid,JDAI-CV,3920,878,3920,18,14083,Python,Apache License 2.0,True,True,True,False,False,15,42,2018-06-06 09:08:20+00:00,2026-05-17 01:58:32+00:00,2024-07-30 14:37:38+00:00,https://github.com/JDAI-CV/fast-reid,2901,0,1.3507925568573398,0.2239224687579699
arXivTimes,arXivTimes/arXivTimes,arXivTimes,3903,200,3903,2050,978,,MIT License,True,True,True,False,False,5,60,2016-10-26 05:27:39+00:00,2026-05-11 00:56:58+00:00,2022-07-01 13:15:58+00:00,https://github.com/arXivTimes/arXivTimes,3490,6,1.1180177599541679,0.05122950819672131
awesome-satellite-imagery-datasets,chrieke/awesome-satellite-imagery-datasets,chrieke,3884,664,3884,0,1824,,MIT License,True,False,False,False,True,8,99,2018-05-01 22:13:17+00:00,2026-05-16 02:00:05+00:00,2022-07-14 18:02:46+00:00,https://github.com/chrieke/awesome-satellite-imagery-datasets,2937,1,1.3219877467665078,0.1709137709137709
scenic,google-research/scenic,google-research,3800,480,3800,299,71074,Python,Apache License 2.0,True,False,False,False,False,7,61,2021-07-12 14:27:08+00:00,2026-05-16 07:04:28+00:00,2026-05-08 23:44:30+00:00,https://github.com/google-research/scenic,1769,0,2.146892655367232,0.12628255722178375
lightly,lightly-ai/lightly,lightly-ai,3739,326,3739,85,11850,Python,MIT License,True,True,True,False,False,9,56,2020-10-13 13:02:56+00:00,2026-05-16 04:39:56+00:00,2026-05-15 07:23:56+00:00,https://github.com/lightly-ai/lightly,2041,1,1.8310479921645446,0.08716577540106951
AIGC-Interview-Book,WeThinkIn/AIGC-Interview-Book,WeThinkIn,3725,401,3725,0,471532,,GNU General Public License v3.0,True,True,True,True,False,14,132,2023-10-14 16:15:40+00:00,2026-05-17 04:16:37+00:00,2026-05-13 15:34:16+00:00,https://github.com/WeThinkIn/AIGC-Interview-Book,945,0,3.9376321353065538,0.10762211486849169
3DDFA,cleardusk/3DDFA,cleardusk,3680,644,3680,65,83387,Python,MIT License,True,False,False,False,False,8,105,2018-06-29 14:19:21+00:00,2026-05-01 15:45:27+00:00,2022-05-14 12:12:21+00:00,https://github.com/cleardusk/3DDFA,2878,15,1.2782216047238624,0.17495245857104047
habitat-sim,facebookresearch/habitat-sim,facebookresearch,3666,532,3666,261,108206,C++,MIT License,True,True,False,False,False,6,67,2019-02-04 23:14:28+00:00,2026-05-16 01:06:05+00:00,2026-05-07 22:21:06+00:00,https://github.com/facebookresearch/habitat-sim,2658,1,1.3787138021812713,0.14507772020725387
4DGaussians,hustvl/4DGaussians,hustvl,3584,354,3584,134,67801,Jupyter Notebook,Apache License 2.0,True,True,False,False,False,10,71,2023-10-03 03:26:33+00:00,2026-05-16 14:35:26+00:00,2024-10-27 04:07:37+00:00,https://github.com/hustvl/4DGaussians,957,0,3.741127348643006,0.09874476987447699
Awesome-Visual-Transformer,dk-liang/Awesome-Visual-Transformer,dk-liang,3583,406,3583,3,111,,,True,True,True,False,False,6,96,2020-12-03 05:40:09+00:00,2026-05-15 01:16:05+00:00,2025-01-07 01:59:49+00:00,https://github.com/dk-liang/Awesome-Visual-Transformer,1991,2,1.7986947791164658,0.11328125
awesome-industrial-anomaly-detection,M-3LAB/awesome-industrial-anomaly-detection,M-3LAB,3550,318,3550,1,6221,,,True,True,True,False,False,8,107,2022-12-02 06:57:56+00:00,2026-05-17 05:50:44+00:00,2026-05-15 16:58:52+00:00,https://github.com/M-3LAB/awesome-industrial-anomaly-detection,1261,0,2.8129952456418383,0.08955223880597014
SiamMask,foolwood/SiamMask,foolwood,3547,809,3547,156,7075,Python,MIT License,True,True,True,False,False,8,87,2019-03-04 11:34:17+00:00,2026-05-15 08:50:45+00:00,2025-02-14 03:39:33+00:00,https://github.com/foolwood/SiamMask,2630,1,1.3481565944507792,0.22801578354002255
make-sense,SkalskiP/make-sense,SkalskiP,3532,587,3532,132,188052,TypeScript,GNU General Public License v3.0,True,True,True,True,False,12,66,2019-06-14 17:22:39+00:00,2026-05-16 22:14:11+00:00,2024-08-15 14:50:41+00:00,https://github.com/SkalskiP/make-sense,2528,0,1.3965994464215106,0.16614774978771582
zhihu,NELSONZHAO/zhihu,NELSONZHAO,3522,2105,3522,32,165091,Jupyter Notebook,,True,True,True,False,False,9,290,2017-05-25 13:38:51+00:00,2026-05-14 07:33:28+00:00,2021-06-14 08:33:33+00:00,https://github.com/NELSONZHAO/zhihu,3278,2,1.0741079597438243,0.5975021288674425
ALAE,podgorskiy/ALAE,podgorskiy,3518,551,3518,37,213041,Python,,True,True,True,False,False,20,43,2019-03-12 18:31:50+00:00,2026-05-05 22:24:51+00:00,2021-01-23 04:24:54+00:00,https://github.com/podgorskiy/ALAE,2622,11,1.341212352268395,0.15657857345836884
pytracking,visionml/pytracking,visionml,3498,613,3498,81,5083,Python,GNU General Public License v3.0,True,True,True,False,False,4,41,2019-04-03 10:17:53+00:00,2026-05-12 02:07:58+00:00,2024-08-08 20:25:00+00:00,https://github.com/visionml/pytracking,2600,5,1.3448673587081892,0.1751929122606459
ml-course,girafe-ai/ml-course,girafe-ai,3472,1309,3472,42,1202215,Jupyter Notebook,MIT License,True,False,False,False,False,10,28,2019-02-01 16:20:39+00:00,2026-05-15 13:17:58+00:00,2026-05-04 20:44:21+00:00,https://github.com/girafe-ai/ml-course,2661,1,1.304282494365139,0.3769075727037144
colorization,richzhang/colorization,richzhang,3462,926,3462,57,182632,Python,"BSD 2-Clause ""Simplified"" License",True,True,True,True,False,6,96,2016-03-26 02:33:33+00:00,2026-05-11 12:32:46+00:00,2023-11-27 04:46:28+00:00,https://github.com/richzhang/colorization,3704,5,0.934412955465587,0.26739820964481664
towhee,towhee-io/towhee,towhee-io,3447,261,3447,0,39014,Python,Apache License 2.0,True,True,True,False,False,18,99,2021-07-13 08:28:50+00:00,2026-05-13 10:40:42+00:00,2024-10-18 00:01:12+00:00,https://github.com/towhee-io/towhee,1768,3,1.9485585076314302,0.07569605568445475
AliceVision,alicevision/AliceVision,alicevision,3422,874,3422,49,58183,C++,Other,True,True,True,False,False,13,28,2014-12-30 15:39:27+00:00,2026-05-16 16:00:54+00:00,2026-05-15 15:25:51+00:00,https://github.com/alicevision/AliceVision,4155,0,0.8233878729547642,0.25533158048495475
catalyst,catalyst-team/catalyst,catalyst-team,3378,400,3378,4,55120,Python,Apache License 2.0,True,True,True,True,False,20,29,2018-08-20 07:56:13+00:00,2026-05-14 00:21:10+00:00,2025-06-27 02:59:05+00:00,https://github.com/catalyst-team/catalyst,2826,3,1.194906261054121,0.11837821840781296
awesome-hand-pose-estimation,xinghaochen/awesome-hand-pose-estimation,xinghaochen,3368,531,3368,6,409617,Python,,True,True,True,True,False,13,45,2017-03-22 15:52:31+00:00,2026-05-15 13:54:54+00:00,2025-12-01 06:44:44+00:00,https://github.com/xinghaochen/awesome-hand-pose-estimation,3342,1,1.0074783128926115,0.15761353517364202
anylabeling,vietanhdev/anylabeling,vietanhdev,3350,339,3350,89,17634,Python,GNU General Public License v3.0,True,True,False,False,False,11,113,2023-04-08 18:48:43+00:00,2026-05-15 16:27:24+00:00,2026-04-25 04:46:10+00:00,https://github.com/vietanhdev/anylabeling,1134,1,2.951541850220264,0.10116383169203223
FCOS,tianzhi0549/FCOS,tianzhi0549,3344,626,3344,217,8901,Python,Other,True,True,True,False,False,7,62,2019-04-10 05:59:14+00:00,2026-05-04 18:12:49+00:00,2023-12-09 17:32:02+00:00,https://github.com/tianzhi0549/FCOS,2594,12,1.288631984585742,0.18714499252615843
deepsparse,neuralmagic/deepsparse,neuralmagic,3162,192,3162,1,14217,Python,Other,True,False,False,False,True,14,55,2020-12-14 17:40:38+00:00,2026-05-15 03:34:55+00:00,2025-06-02 21:11:06+00:00,https://github.com/neuralmagic/deepsparse,1979,2,1.596969696969697,0.060701865317736324
handong1587.github.io,handong1587/handong1587.github.io,handong1587,3152,983,3152,3,178425,CSS,MIT License,True,True,True,True,False,4,0,2015-08-15 08:49:23+00:00,2026-05-08 10:17:33+00:00,2023-11-22 02:04:15+00:00,https://github.com/handong1587/handong1587.github.io,3927,8,0.8024439918533605,0.3117665715191881
ComputeLibrary,ARM-software/ComputeLibrary,ARM-software,3148,818,3148,6,882699,C++,,True,True,True,True,False,14,140,2017-03-10 14:51:43+00:00,2026-05-15 03:58:02+00:00,2026-05-14 15:59:32+00:00,https://github.com/ARM-software/ComputeLibrary,3354,2,0.938301043219076,0.25976500476341696
openvino_notebooks,openvinotoolkit/openvino_notebooks,openvinotoolkit,3141,1021,3141,42,2967354,Jupyter Notebook,Apache License 2.0,True,True,True,True,False,5,42,2021-03-11 09:01:13+00:00,2026-05-15 15:26:35+00:00,2026-05-13 21:52:39+00:00,https://github.com/openvinotoolkit/openvino_notebooks,1892,1,1.6592709984152139,0.3249522597071929
viseron,roflcoopter/viseron,roflcoopter,3134,382,3134,52,81946,Python,MIT License,True,True,True,False,False,20,245,2020-08-30 15:34:00+00:00,2026-05-17 04:13:34+00:00,2026-05-16 19:20:42+00:00,https://github.com/roflcoopter/viseron,2085,0,1.5023969319271333,0.12185007974481658
3DDFA_V2,cleardusk/3DDFA_V2,cleardusk,3133,551,3133,102,76579,Python,MIT License,True,False,True,False,False,13,108,2020-08-25 09:25:30+00:00,2026-05-13 11:10:39+00:00,2024-02-02 06:54:17+00:00,https://github.com/cleardusk/3DDFA_V2,2090,3,1.4983261597321855,0.17581365666879387
torchscale,microsoft/torchscale,microsoft,3131,225,3131,38,370,Python,MIT License,True,True,True,False,False,8,35,2022-11-17 08:55:59+00:00,2026-05-15 19:42:28+00:00,2024-04-11 13:58:57+00:00,https://github.com/microsoft/torchscale,1276,1,2.451840250587314,0.07183908045977011
mmdeploy,open-mmlab/mmdeploy,open-mmlab,3126,711,3126,453,13797,Python,Apache License 2.0,True,True,True,False,False,14,36,2021-12-24 13:04:44+00:00,2026-05-17 02:03:40+00:00,2024-09-30 02:34:18+00:00,https://github.com/open-mmlab/mmdeploy,1604,0,1.9476635514018692,0.22737448033258714
VLM_survey,jingyi0000/VLM_survey,jingyi0000,3118,233,3118,3,478,,,True,True,False,False,False,8,61,2023-03-30 06:06:59+00:00,2026-05-16 10:48:34+00:00,2025-10-14 09:40:40+00:00,https://github.com/jingyi0000/VLM_survey,1144,0,2.7231441048034934,0.07470343058672652
tencent-ml-images,Tencent/tencent-ml-images,Tencent,3074,507,3074,47,3683,Python,Other,True,True,True,False,False,3,82,2018-10-15 02:29:22+00:00,2026-05-12 05:34:52+00:00,2022-04-20 07:00:12+00:00,https://github.com/Tencent/tencent-ml-images,2771,5,1.108946608946609,0.1648780487804878
WebPlotDigitizer,automeris-io/WebPlotDigitizer,automeris-io,3071,430,3071,101,50298,JavaScript,GNU Affero General Public License v3.0,True,False,False,False,False,8,73,2010-09-25 16:20:49+00:00,2026-05-16 01:54:11+00:00,2026-02-14 03:48:44+00:00,https://github.com/automeris-io/WebPlotDigitizer,5712,1,0.5375459478382636,0.13997395833333334
covid-chestxray-dataset,ieee8023/covid-chestxray-dataset,ieee8023,3060,1279,3060,42,648151,Jupyter Notebook,,True,True,True,False,False,6,81,2020-02-14 23:22:23+00:00,2026-05-15 13:57:36+00:00,2022-08-18 04:01:08+00:00,https://github.com/ieee8023/covid-chestxray-dataset,2283,1,1.339754816112084,0.4178373080692584
awesome-image-classification,weiaicunzai/awesome-image-classification,weiaicunzai,3060,611,3060,1,48,,,True,True,True,False,False,6,69,2012-05-23 14:07:04+00:00,2026-05-16 13:17:43+00:00,2022-04-20 15:52:51+00:00,https://github.com/weiaicunzai/awesome-image-classification,5106,0,0.5991775993734091,0.1996079712512251
LichtFeld-Studio,MrNeRF/LichtFeld-Studio,MrNeRF,3047,330,3047,109,104535,C++,GNU General Public License v3.0,True,True,True,False,False,5,105,2023-07-30 19:55:48+00:00,2026-05-17 05:46:44+00:00,2026-05-16 20:42:58+00:00,https://github.com/MrNeRF/LichtFeld-Studio,1021,0,2.9814090019569472,0.10826771653543307
MASt3R-SLAM,rmurai0610/MASt3R-SLAM,rmurai0610,3015,354,3015,66,48453,Python,Other,True,True,True,False,False,4,75,2025-02-24 16:18:37+00:00,2026-05-16 23:04:05+00:00,2025-11-09 07:36:29+00:00,https://github.com/rmurai0610/MASt3R-SLAM,446,0,6.74496644295302,0.11737400530503979
openvslam,xdspacelab/openvslam,xdspacelab,2985,869,2985,207,0,,,True,False,True,False,True,9,44,2019-04-25 15:32:08+00:00,2026-05-17 01:02:57+00:00,2021-02-25 06:32:26+00:00,https://github.com/xdspacelab/openvslam,2578,0,1.1574253586661496,0.2910247823174816
pythoncode-tutorials,x4nth055/pythoncode-tutorials,x4nth055,2974,1980,2974,31,336885,Jupyter Notebook,MIT License,True,True,True,False,False,18,25,2019-07-29 12:35:40+00:00,2026-05-14 21:19:37+00:00,2026-05-14 21:19:32+00:00,https://github.com/x4nth055/pythoncode-tutorials,2483,2,1.1972624798711755,0.6655462184873949
habitat-lab,facebookresearch/habitat-lab,facebookresearch,2970,663,2970,383,284318,Python,MIT License,True,True,False,False,False,10,100,2019-02-04 23:12:51+00:00,2026-05-15 12:21:34+00:00,2026-05-07 22:03:51+00:00,https://github.com/facebookresearch/habitat-lab,2658,1,1.1169612636329447,0.2231571861326153
mAP,Cartucho/mAP,Cartucho,2969,919,2969,99,15081,Python,Apache License 2.0,True,True,True,False,False,12,103,2018-03-08 11:24:23+00:00,2026-05-15 03:35:55+00:00,2024-08-15 13:09:32+00:00,https://github.com/Cartucho/mAP,2991,2,0.9923128342245989,0.30942760942760944
MinkowskiEngine,NVIDIA/MinkowskiEngine,NVIDIA,2923,473,2923,233,15315,Python,Other,True,True,True,True,False,20,91,2019-04-04 01:52:33+00:00,2026-05-15 21:47:31+00:00,2024-03-05 16:00:19+00:00,https://github.com/NVIDIA/MinkowskiEngine,2600,1,1.1237985390234526,0.16176470588235295
self-driving-car,ndrplz/self-driving-car,ndrplz,2912,1397,2912,12,156320,C++,,True,True,True,False,False,16,54,2016-12-25 18:09:36+00:00,2026-05-15 11:21:51+00:00,2023-03-28 00:13:06+00:00,https://github.com/ndrplz/self-driving-car,3429,1,0.8489795918367347,0.47957432200480604
PocketFlow,Tencent/PocketFlow,Tencent,2911,492,2911,75,1190,Python,Other,True,True,True,False,False,5,100,2018-10-31 07:45:21+00:00,2026-05-17 01:59:07+00:00,2023-03-31 22:23:33+00:00,https://github.com/Tencent/PocketFlow,2754,0,1.0566243194192377,0.16895604395604397
a-PyTorch-Tutorial-to-Image-Captioning,sgrvinod/a-PyTorch-Tutorial-to-Image-Captioning,sgrvinod,2892,727,2892,116,13197,Python,MIT License,True,True,True,False,False,8,63,2018-05-30 03:00:58+00:00,2026-05-16 15:26:43+00:00,2022-07-28 08:54:13+00:00,https://github.com/sgrvinod/a-PyTorch-Tutorial-to-Image-Captioning,2909,0,0.9938144329896907,0.25129623228482545
ml-surveys,eugeneyan/ml-surveys,eugeneyan,2885,289,2885,2,20,,MIT License,True,True,True,False,False,8,125,2020-08-08 01:35:06+00:00,2026-05-14 03:34:00+00:00,2023-03-17 05:00:49+00:00,https://github.com/eugeneyan/ml-surveys,2108,3,1.3679468942626838,0.10013860013860014
ManiSkill,haosulab/ManiSkill,haosulab,2874,484,2874,121,771477,Python,Apache License 2.0,True,True,False,True,False,9,101,2022-08-02 04:56:58+00:00,2026-05-16 13:21:35+00:00,2026-04-21 05:51:06+00:00,https://github.com/haosulab/ManiSkill,1384,0,2.0750902527075814,0.16834782608695653
computer-vision-in-action,Charmve/computer-vision-in-action,Charmve,2849,405,2849,60,303118,Jupyter Notebook,Other,True,False,True,True,False,17,208,2021-04-29 03:08:48+00:00,2026-05-16 05:29:42+00:00,2024-05-27 02:44:35+00:00,https://github.com/Charmve/computer-vision-in-action,1844,1,1.5441734417344173,0.14210526315789473
knockknock,huggingface/knockknock,huggingface,2828,227,2828,37,75,Python,MIT License,True,True,True,False,False,11,90,2019-03-20 13:08:55+00:00,2026-04-19 23:25:12+00:00,2023-06-23 10:52:46+00:00,https://github.com/huggingface/knockknock,2614,27,1.081453154875717,0.08024036762106751
code,MasteringOpenCV/code,MasteringOpenCV,2796,1645,2796,51,86100,C++,Other,True,True,True,False,False,0,102,2012-12-09 02:48:52+00:00,2026-05-17 01:06:50+00:00,2023-06-09 17:51:02+00:00,https://github.com/MasteringOpenCV/code,4907,0,0.5696821515892421,0.5881301394351091
DINO,IDEA-Research/DINO,IDEA-Research,2795,308,2795,152,13529,Python,Apache License 2.0,True,True,True,False,False,3,130,2022-03-07 14:58:30+00:00,2026-05-16 11:51:48+00:00,2024-07-31 13:56:21+00:00,https://github.com/IDEA-Research/DINO,1531,0,1.8244125326370757,0.11015736766809728
jsfeat,inspirit/jsfeat,inspirit,2771,377,2771,48,1966,JavaScript,MIT License,True,True,True,True,False,0,35,2012-11-08 12:35:55+00:00,2026-04-23 11:22:10+00:00,2022-04-16 09:05:57+00:00,https://github.com/inspirit/jsfeat,4937,23,0.561158363710004,0.13600288600288601
DeepCamera,SharpAI/DeepCamera,SharpAI,2750,445,2750,6,540226,JavaScript,MIT License,True,False,True,True,False,20,349,2019-03-05 14:29:23+00:00,2026-05-16 07:46:00+00:00,2026-04-21 19:30:51+00:00,https://github.com/SharpAI/DeepCamera,2629,0,1.0456273764258555,0.16175936023264267
comic-translate,ogkalu2/comic-translate,ogkalu2,2735,303,2735,103,29730,Python,Apache License 2.0,True,True,True,False,False,20,178,2024-01-25 08:45:17+00:00,2026-05-16 16:05:21+00:00,2026-04-08 23:56:50+00:00,https://github.com/ogkalu2/comic-translate,842,0,3.244365361803084,0.11074561403508772
SimpleCV,sightmachine/SimpleCV,sightmachine,2727,790,2727,121,135059,Python,"BSD 3-Clause ""New"" or ""Revised"" License",True,False,True,False,False,6,44,2011-08-16 18:04:07+00:00,2026-05-15 12:32:09+00:00,2024-12-20 19:39:00+00:00,https://github.com/sightmachine/SimpleCV,5387,1,0.5061247216035635,0.2895894428152493
autodistill,autodistill/autodistill,autodistill,2699,213,2699,48,1217,Python,Apache License 2.0,True,True,True,True,False,17,88,2023-06-06 20:16:41+00:00,2026-05-15 14:01:24+00:00,2025-05-14 07:53:55+00:00,https://github.com/autodistill/autodistill,1075,1,2.508364312267658,0.07888888888888888
interactive-deep-colorization,junyanz/interactive-deep-colorization,junyanz,2693,449,2693,32,12125,Python,MIT License,True,True,True,False,False,7,79,2017-05-08 07:27:47+00:00,2026-05-12 05:34:51+00:00,2022-07-29 10:15:32+00:00,https://github.com/junyanz/interactive-deep-colorization,3295,5,0.8170509708737864,0.16666666666666666
CV-CUDA,CVCUDA/CV-CUDA,CVCUDA,2682,249,2682,69,31482,C++,Other,True,True,True,True,False,11,105,2022-08-23 03:30:37+00:00,2026-05-15 14:25:10+00:00,2026-03-31 23:06:00+00:00,https://github.com/CVCUDA/CV-CUDA,1363,1,1.966275659824047,0.09280655982109579
Top-AI-Conferences-Paper-with-Code,MLNLP-World/Top-AI-Conferences-Paper-with-Code,MLNLP-World,2655,600,2655,0,4428,,,True,True,True,False,False,7,162,2020-06-27 07:58:07+00:00,2026-05-12 06:24:30+00:00,2022-10-18 10:43:07+00:00,https://github.com/MLNLP-World/Top-AI-Conferences-Paper-with-Code,2149,5,1.2348837209302326,0.22590361445783133
manga-ocr,kha-white/manga-ocr,kha-white,2651,133,2651,42,1122,Python,Apache License 2.0,True,True,True,False,False,7,89,2022-01-15 17:18:34+00:00,2026-05-16 23:44:36+00:00,2025-06-14 11:42:13+00:00,https://github.com/kha-white/manga-ocr,1582,0,1.6746683512318383,0.05015082956259427
DeblurGAN,KupynOrest/DeblurGAN,KupynOrest,2639,530,2639,148,87920,Python,Other,True,True,True,False,False,14,54,2017-04-26 14:08:11+00:00,2026-05-11 13:46:30+00:00,2019-12-25 18:40:00+00:00,https://github.com/KupynOrest/DeblurGAN,3307,5,0.7977629987908101,0.20075757575757575
cv_note,harleyszhang/cv_note,harleyszhang,2627,390,2627,0,293887,Python,Apache License 2.0,True,True,True,True,False,6,74,2019-03-22 09:22:58+00:00,2026-05-15 12:21:01+00:00,2026-05-10 10:31:11+00:00,https://github.com/harleyszhang/cv_note,2612,1,1.0053578262533487,0.14840182648401826
CVprojects,enpeizhao/CVprojects,enpeizhao,2599,694,2599,13,221208,Jupyter Notebook,,True,True,True,False,False,8,70,2021-11-22 06:29:26+00:00,2026-05-16 00:48:38+00:00,2025-12-26 12:52:58+00:00,https://github.com/enpeizhao/CVprojects,1637,1,1.5866910866910866,0.26692307692307693
Awesome-Crowd-Counting,gjy3035/Awesome-Crowd-Counting,gjy3035,2596,485,2596,17,1084,,,True,True,True,False,False,3,22,2018-04-25 09:01:25+00:00,2026-05-15 09:34:00+00:00,2026-01-24 01:40:31+00:00,https://github.com/gjy3035/Awesome-Crowd-Counting,2943,1,0.8817934782608695,0.18675394686176358
stitching,OpenStitching/stitching,OpenStitching,2589,216,2589,9,138,Python,Apache License 2.0,True,True,True,False,False,5,52,2022-05-08 08:30:48+00:00,2026-05-15 05:51:22+00:00,2026-04-27 21:19:09+00:00,https://github.com/OpenStitching/stitching,1469,2,1.7612244897959184,0.0833976833976834
DeepMosaics,HypoX64/DeepMosaics,HypoX64,2587,481,2587,115,4135,Python,GNU General Public License v3.0,True,True,True,False,False,5,78,2019-03-05 17:25:47+00:00,2026-05-15 21:13:39+00:00,2024-08-30 23:56:47+00:00,https://github.com/HypoX64/DeepMosaics,2629,1,0.9836501901140684,0.18585780525502318
DIS,xuebinqin/DIS,xuebinqin,2545,288,2545,102,50803,Jupyter Notebook,Apache License 2.0,True,True,True,False,False,5,83,2022-03-07 07:05:30+00:00,2026-05-16 19:34:20+00:00,2024-09-23 06:27:07+00:00,https://github.com/xuebinqin/DIS,1531,0,1.6612271540469974,0.11311861743912019
Semantic-Segmentation-Suite,GeorgeSeif/Semantic-Segmentation-Suite,GeorgeSeif,2522,868,2522,82,895379,Python,,True,True,True,False,True,14,110,2017-12-09 22:56:49+00:00,2026-05-09 14:45:28+00:00,2021-04-22 15:27:04+00:00,https://github.com/GeorgeSeif/Semantic-Segmentation-Suite,3080,7,0.8185654008438819,0.34403487911216807
contrastive-unpaired-translation,taesungp/contrastive-unpaired-translation,taesungp,2514,445,2514,105,18342,Python,Other,True,True,True,False,False,10,114,2020-07-21 05:00:29+00:00,2026-05-15 07:03:35+00:00,2023-09-05 16:46:25+00:00,https://github.com/taesungp/contrastive-unpaired-translation,2126,1,1.1819464033850493,0.17693836978131214
papers,aleju/papers,aleju,2500,434,2500,5,40247,,,True,True,True,False,False,8,36,2016-02-19 22:44:27+00:00,2026-05-13 14:21:47+00:00,2020-10-29 17:10:04+00:00,https://github.com/aleju/papers,3739,3,0.6684491978609626,0.17353058776489405
Getting-Things-Done-with-Pytorch,curiousily/Getting-Things-Done-with-Pytorch,curiousily,2491,645,2491,22,33893,Jupyter Notebook,Apache License 2.0,True,True,True,False,False,20,350,2020-01-31 08:02:53+00:00,2026-05-16 05:29:46+00:00,2024-06-30 16:28:31+00:00,https://github.com/curiousily/Getting-Things-Done-with-Pytorch,2297,1,1.0839860748476937,0.2588282504012841
awesome-human-pose-estimation,cbsudux/awesome-human-pose-estimation,cbsudux,2480,404,2480,7,128,,,True,True,True,False,False,8,59,2018-10-03 17:01:47+00:00,2026-05-15 20:35:33+00:00,2022-10-12 12:34:44+00:00,https://github.com/cbsudux/awesome-human-pose-estimation,2782,1,0.8911246855910887,0.16283756549778317
magic-copy,kevmo314/magic-copy,kevmo314,2472,156,2472,24,34532,TypeScript,MIT License,True,False,False,True,False,3,147,2023-04-07 04:59:51+00:00,2026-05-07 17:42:52+00:00,2024-05-06 20:41:13+00:00,https://github.com/kevmo314/magic-copy,1136,9,2.174142480211082,0.06308127780024263
img2img-turbo,GaParmar/img2img-turbo,GaParmar,2437,286,2437,117,32648,Python,MIT License,True,True,True,False,False,5,86,2024-02-23 13:50:15+00:00,2026-05-11 07:15:24+00:00,2025-08-01 20:39:35+00:00,https://github.com/GaParmar/img2img-turbo,813,5,2.993857493857494,0.1173092698933552
darknet_ros,leggedrobotics/darknet_ros,leggedrobotics,2433,1206,2433,166,134465,C++,"BSD 3-Clause ""New"" or ""Revised"" License",True,False,False,False,False,8,44,2017-03-31 17:25:58+00:00,2026-05-15 01:48:25+00:00,2024-07-19 10:36:14+00:00,https://github.com/leggedrobotics/darknet_ros,3333,2,0.729754049190162,0.49548069022185703
computer-vision-basics-in-microsoft-excel,amzn/computer-vision-basics-in-microsoft-excel,amzn,2424,246,2424,1,95190,,Other,True,True,True,False,False,0,63,2020-02-07 18:55:11+00:00,2026-05-11 15:13:11+00:00,2023-10-21 18:45:40+00:00,https://github.com/amzn/computer-vision-basics-in-microsoft-excel,2290,5,1.0580532518550851,0.10144329896907217
Sophus,strasdat/Sophus,strasdat,2419,660,2419,14,267745,C++,Other,True,False,False,True,False,9,45,2011-12-06 16:48:30+00:00,2026-05-15 07:42:30+00:00,2024-07-06 18:06:55+00:00,https://github.com/strasdat/Sophus,5275,1,0.4584912812736922,0.2727272727272727
luminoth,tryolabs/luminoth,tryolabs,2404,391,2404,62,3123,Python,"BSD 3-Clause ""New"" or ""Revised"" License",True,True,True,False,False,9,42,2017-02-16 15:07:46+00:00,2026-04-27 20:48:09+00:00,2023-03-24 23:52:00+00:00,https://github.com/tryolabs/luminoth,3376,19,0.7118744447734676,0.1625779625779626
practical-machine-learning-with-python,dipanjanS/practical-machine-learning-with-python,dipanjanS,2382,1658,2382,21,121256,Jupyter Notebook,Apache License 2.0,True,True,True,False,False,20,194,2017-07-29 10:31:36+00:00,2026-05-16 20:57:01+00:00,2024-03-31 20:24:30+00:00,https://github.com/dipanjanS/practical-machine-learning-with-python,3213,0,0.7411325451151214,0.6957616449853127
awesome-autonomous-vehicles,manfreddiaz/awesome-autonomous-vehicles,manfreddiaz,2369,601,2369,1,288,,,True,True,True,True,False,5,67,2016-12-09 20:07:33+00:00,2026-05-17 04:48:09+00:00,2024-03-15 17:19:11+00:00,https://github.com/manfreddiaz/awesome-autonomous-vehicles,3445,0,0.687463726059199,0.25358649789029536
awesome-neural-rendering,weihaox/awesome-neural-rendering,weihaox,2350,216,2350,0,1327,,MIT License,False,False,False,False,False,5,29,2020-04-09 12:18:24+00:00,2026-05-12 11:54:29+00:00,2026-03-07 06:36:34+00:00,https://github.com/weihaox/awesome-neural-rendering,2228,4,1.054284432480933,0.0918757975329647
Objectron,google-research-datasets/Objectron,google-research-datasets,2333,264,2333,31,40771,Jupyter Notebook,Other,True,True,True,False,False,13,587,2020-10-19 21:58:41+00:00,2026-05-12 10:26:58+00:00,2026-03-06 17:27:37+00:00,https://github.com/google-research-datasets/Objectron,2035,4,1.1458742632612966,0.11311053984575835
Low-Cost-Mocap,jyjblrd/Low-Cost-Mocap,jyjblrd,2312,394,2312,20,3743,TypeScript,MIT License,True,True,True,False,False,8,54,2023-07-29 21:25:33+00:00,2026-05-14 22:21:40+00:00,2024-05-25 14:50:19+00:00,https://github.com/jyjblrd/Low-Cost-Mocap,1022,2,2.260019550342131,0.1703415477734544
ICCV2019-LearningToPaint,hzwer/ICCV2019-LearningToPaint,hzwer,2298,310,2298,0,19120,Python,MIT License,True,True,True,False,False,5,73,2019-03-11 03:56:03+00:00,2026-05-06 08:34:37+00:00,2025-05-07 03:16:13+00:00,https://github.com/hzwer/ICCV2019-LearningToPaint,2624,10,0.8754285714285714,0.1348412353197042
ICCV2023-Paper-Code-Interpretation,extreme-assistant/ICCV2023-Paper-Code-Interpretation,extreme-assistant,2297,1369,2297,11,714,,,True,True,True,False,False,11,39,2019-04-01 04:19:27+00:00,2026-05-13 10:04:42+00:00,2023-09-19 08:24:18+00:00,https://github.com/extreme-assistant/ICCV2023-Paper-Code-Interpretation,2603,3,0.8821044546850998,0.5957354221061792
ScanNet,ScanNet/ScanNet,ScanNet,2289,371,2289,126,8393,C,Other,True,True,True,True,False,5,0,2017-02-11 18:41:30+00:00,2026-05-15 16:31:38+00:00,2025-11-03 12:14:27+00:00,https://github.com/ScanNet/ScanNet,3381,1,0.6768184506209344,0.16200873362445414
emgucv,emgucv/emgucv,emgucv,2288,588,2288,300,257390,C#,Other,True,True,True,False,False,15,80,2017-01-04 19:23:13+00:00,2026-05-14 04:54:23+00:00,2026-05-03 01:25:12+00:00,https://github.com/emgucv/emgucv,3419,3,0.6690058479532164,0.25688073394495414
inference,roboflow/inference,roboflow,2278,263,2278,118,335589,Python,Other,True,False,False,True,False,20,89,2023-07-31 17:00:40+00:00,2026-05-17 06:31:36+00:00,2026-05-16 01:23:51+00:00,https://github.com/roboflow/inference,1020,0,2.2311459353574925,0.11540149188240456
ECCV2024-Papers-with-Code,amusi/ECCV2024-Papers-with-Code,amusi,2275,272,2275,9,300,,,True,True,True,False,False,11,54,2020-07-03 01:14:38+00:00,2026-05-17 01:48:51+00:00,2024-08-07 06:58:45+00:00,https://github.com/amusi/ECCV2024-Papers-with-Code,2144,0,1.0606060606060606,0.1195079086115993
coco-annotator,jsbroks/coco-annotator,jsbroks,2273,478,2273,258,1868,Vue,MIT License,True,False,True,False,False,13,93,2018-09-03 21:38:31+00:00,2026-05-11 01:19:25+00:00,2025-01-30 06:28:46+00:00,https://github.com/jsbroks/coco-annotator,2812,6,0.8080341272662638,0.2102022867194371
bgslibrary,andrewssobral/bgslibrary,andrewssobral,2270,737,2270,89,86051,C++,MIT License,True,True,True,False,False,7,89,2014-02-16 21:35:54+00:00,2026-05-17 01:06:28+00:00,2025-11-18 22:10:27+00:00,https://github.com/andrewssobral/bgslibrary,4472,0,0.5074893807288173,0.3245266402465874
torchcv,donnyyou/torchcv,donnyyou,2253,370,2253,42,30194,Shell,Apache License 2.0,True,True,True,True,False,0,71,2018-10-19 03:38:47+00:00,2026-05-11 14:02:22+00:00,2020-11-19 05:40:57+00:00,https://github.com/donnyyou/torchcv,2767,5,0.8139450867052023,0.16415261756876665
fvcore,facebookresearch/fvcore,facebookresearch,2238,237,2238,54,499,Python,Apache License 2.0,True,True,False,False,False,0,103,2019-09-25 22:27:59+00:00,2026-05-08 03:41:44+00:00,2026-03-15 21:59:55+00:00,https://github.com/facebookresearch/fvcore,2425,9,0.9225061830173125,0.10585082626172398
image-quality-assessment,idealo/image-quality-assessment,idealo,2238,455,2238,44,81882,Python,Apache License 2.0,True,True,True,True,True,13,87,2018-06-12 14:46:09+00:00,2026-05-17 04:06:42+00:00,2024-07-12 19:16:31+00:00,https://github.com/idealo/image-quality-assessment,2895,0,0.7727900552486188,0.20321572130415363
raster-vision,azavea/raster-vision,azavea,2219,397,2219,41,94765,Python,Apache License 2.0,True,True,True,False,False,9,87,2017-02-02 14:31:54+00:00,2026-05-14 14:18:19+00:00,2025-09-29 15:23:52+00:00,https://github.com/azavea/raster-vision,3390,2,0.654379239162489,0.17882882882882883
uda,google-research/uda,google-research,2206,314,2206,70,342,Python,Apache License 2.0,True,False,True,False,True,6,36,2019-06-19 01:21:45+00:00,2026-05-11 14:01:41+00:00,2021-08-28 07:16:56+00:00,https://github.com/google-research/uda,2524,5,0.8736633663366337,0.14227458087902128
paperlib,Future-Scholars/paperlib,Future-Scholars,2202,101,2202,31,79168,TypeScript,GNU General Public License v3.0,True,True,True,False,False,10,46,2021-01-11 04:32:48+00:00,2026-05-17 00:23:37+00:00,2026-04-01 23:01:59+00:00,https://github.com/Future-Scholars/paperlib,1952,0,1.1274961597542243,0.04584657285519746
PhotoDemon,tannerhelland/PhotoDemon,tannerhelland,2194,245,2194,56,216356,Visual Basic 6.0,Other,True,True,True,False,False,8,100,2012-07-05 23:43:00+00:00,2026-05-15 16:44:07+00:00,2026-05-15 15:36:15+00:00,https://github.com/tannerhelland/PhotoDemon,5063,1,0.4332543443917852,0.11161731207289294
3dgrut,nv-tlabs/3dgrut,nv-tlabs,2183,240,2183,64,55615,Python,Apache License 2.0,True,True,True,False,False,4,58,2025-03-20 00:06:26+00:00,2026-05-17 01:45:35+00:00,2026-05-06 00:25:19+00:00,https://github.com/nv-tlabs/3dgrut,423,0,5.148584905660377,0.10989010989010989
MMAudio,hkchengrex/MMAudio,hkchengrex,2179,258,2179,12,9456,Python,MIT License,True,False,False,True,False,6,95,2024-12-07 07:47:39+00:00,2026-05-14 01:05:05+00:00,2026-02-23 06:09:19+00:00,https://github.com/hkchengrex/MMAudio,525,3,4.142585551330798,0.11834862385321102
unrealcv,unrealcv/unrealcv,unrealcv,2178,461,2178,117,19240,Python,MIT License,True,True,True,False,False,8,53,2016-09-08 18:03:51+00:00,2026-05-14 02:08:54+00:00,2026-04-15 08:48:16+00:00,https://github.com/unrealcv/unrealcv,3537,3,0.6156020350480498,0.21156493804497475
image-to-latex,kingyiusuen/image-to-latex,kingyiusuen,2160,312,2160,23,712,Python,MIT License,True,True,True,False,False,8,55,2021-05-24 17:34:09+00:00,2026-05-14 13:21:27+00:00,2022-10-04 20:50:32+00:00,https://github.com/kingyiusuen/image-to-latex,1818,2,1.1874656404617923,0.14437760296159186
mrpt,MRPT/mrpt,MRPT,2133,658,2133,27,312273,C++,"BSD 3-Clause ""New"" or ""Revised"" License",True,False,True,False,False,13,49,2013-10-19 21:09:23+00:00,2026-05-16 15:39:29+00:00,2026-05-16 15:39:25+00:00,https://github.com/MRPT/mrpt,4592,0,0.4644023514043109,0.3083411433926898
SplaTAM,spla-tam/SplaTAM,spla-tam,2120,236,2120,53,14649,Python,"BSD 3-Clause ""New"" or ""Revised"" License",True,True,False,False,False,5,73,2023-11-30 20:26:47+00:00,2026-05-15 06:43:06+00:00,2024-06-19 09:46:15+00:00,https://github.com/spla-tam/SplaTAM,898,2,2.3581757508342602,0.11126826968411127
ISAT_with_segment_anything,yatengLG/ISAT_with_segment_anything,yatengLG,2118,208,2118,17,282857,Python,Other,True,False,True,False,False,11,115,2023-04-18 13:23:48+00:00,2026-05-16 08:08:52+00:00,2026-01-30 08:10:13+00:00,https://github.com/yatengLG/ISAT_with_segment_anything,1124,0,1.8826666666666667,0.09815950920245399
Anime2Sketch,Mukosame/Anime2Sketch,Mukosame,2108,174,2108,7,17663,Python,MIT License,True,True,True,False,False,13,42,2021-04-09 00:26:49+00:00,2026-05-11 12:01:54+00:00,2023-08-16 06:44:46+00:00,https://github.com/Mukosame/Anime2Sketch,1864,5,1.1302949061662197,0.08250355618776671
crnn,bgshih/crnn,bgshih,2106,549,2106,91,75,Lua,MIT License,True,True,True,False,False,5,83,2015-12-19 07:14:57+00:00,2026-05-10 08:50:30+00:00,2019-03-04 05:12:37+00:00,https://github.com/bgshih/crnn,3801,6,0.5539189900052603,0.26056003796867583
MonoGS,muskie82/MonoGS,muskie82,2076,217,2076,103,25814,Python,Other,True,True,True,False,False,5,61,2024-03-03 17:46:19+00:00,2026-05-14 15:37:47+00:00,2024-08-07 14:15:29+00:00,https://github.com/muskie82/MonoGS,804,2,2.5788819875776396,0.1044776119402985
Neural-Photo-Editor,ajbrock/Neural-Photo-Editor,ajbrock,2076,193,2076,10,13104,Python,MIT License,True,True,True,False,False,6,78,2016-09-21 14:53:36+00:00,2026-05-12 05:34:50+00:00,2017-03-22 11:38:44+00:00,https://github.com/ajbrock/Neural-Photo-Editor,3524,5,0.588936170212766,0.09292248435243139
Awesome-Federated-Machine-Learning,innovation-cat/Awesome-Federated-Machine-Learning,innovation-cat,2075,288,2075,7,421,,,False,True,True,False,False,9,106,2019-10-19 10:35:34+00:00,2026-05-15 16:39:07+00:00,2024-05-30 21:21:42+00:00,https://github.com/innovation-cat/Awesome-Federated-Machine-Learning,2401,1,0.8638634471273938,0.13872832369942195
Kimera,MIT-SPARK/Kimera,MIT-SPARK,2071,239,2071,2,62371,,"BSD 2-Clause ""Simplified"" License",True,True,True,False,False,6,26,2019-09-16 02:04:14+00:00,2026-05-15 11:09:16+00:00,2021-01-30 22:12:14+00:00,https://github.com/MIT-SPARK/Kimera,2435,1,0.8501642036124795,0.11534749034749035
universal-data-tool,UniversalDataTool/universal-data-tool,UniversalDataTool,2065,198,2065,168,259434,JavaScript,MIT License,True,True,True,True,False,20,106,2019-07-11 18:00:15+00:00,2026-05-17 01:26:09+00:00,2025-03-15 02:09:07+00:00,https://github.com/UniversalDataTool/universal-data-tool,2501,0,0.8253397282174261,0.09583736689254599
talking-head-anime-demo,pkhungurn/talking-head-anime-demo,pkhungurn,2028,285,2028,7,380,Python,MIT License,True,True,True,False,False,9,54,2019-12-27 11:45:52+00:00,2026-05-15 07:00:27+00:00,2022-06-29 20:27:14+00:00,https://github.com/pkhungurn/talking-head-anime-demo,2332,1,0.8692670381483069,0.14046328240512568
theseus,facebookresearch/theseus,facebookresearch,2028,147,2028,83,11836,Python,MIT License,True,True,False,False,False,11,51,2021-11-18 20:28:27+00:00,2026-05-11 14:02:42+00:00,2025-01-16 17:47:06+00:00,https://github.com/facebookresearch/theseus,1640,5,1.2358318098720293,0.0724494825036964
MATLAB-Simulink-Challenge-Project-Hub,mathworks/MATLAB-Simulink-Challenge-Project-Hub,mathworks,2027,386,2027,7,28200,HTML,Other,True,True,True,True,False,20,215,2021-02-05 16:03:41+00:00,2026-05-17 05:09:14+00:00,2026-05-15 21:04:56+00:00,https://github.com/mathworks/MATLAB-Simulink-Challenge-Project-Hub,1926,0,1.0518941359626361,0.1903353057199211
pydensecrf,lucasb-eyer/pydensecrf,lucasb-eyer,2017,427,2017,43,2745,C++,MIT License,True,True,True,False,False,7,98,2015-11-13 18:15:38+00:00,2026-05-09 11:06:58+00:00,2024-03-05 08:38:53+00:00,https://github.com/lucasb-eyer/pydensecrf,3837,7,0.5255341323606045,0.211595639246779
Awesome-Federated-Learning,chaoyanghe/Awesome-Federated-Learning,chaoyanghe,2014,334,2014,3,215,,,True,True,True,False,False,20,91,2020-07-03 19:26:03+00:00,2026-05-13 09:47:50+00:00,2022-09-03 20:03:02+00:00,https://github.com/chaoyanghe/Awesome-Federated-Learning,2143,3,0.9393656716417911,0.16575682382133994
cambrian,cambrian-mllm/cambrian,cambrian-mllm,1998,137,1998,48,17148,Python,Apache License 2.0,True,True,False,True,False,10,71,2024-06-17 07:00:41+00:00,2026-05-14 03:28:27+00:00,2025-11-07 03:26:25+00:00,https://github.com/cambrian-mllm/cambrian,698,3,2.8583690987124464,0.06853426713356678
knowledge-distillation-pytorch,haitongli/knowledge-distillation-pytorch,haitongli,1987,354,1987,19,23147,Python,MIT License,True,True,True,False,False,7,112,2018-03-09 23:58:31+00:00,2026-05-11 07:20:31+00:00,2023-03-25 00:03:08+00:00,https://github.com/haitongli/knowledge-distillation-pytorch,2990,5,0.6643263122701437,0.17806841046277666
eos,patrikhuber/eos,patrikhuber,1974,596,1974,31,14975,C++,Apache License 2.0,True,True,True,True,False,13,59,2015-02-10 16:09:02+00:00,2026-05-16 05:57:38+00:00,2025-05-01 19:53:55+00:00,https://github.com/patrikhuber/eos,4113,1,0.4798249878463782,0.3017721518987342
custom-diffusion,adobe-research/custom-diffusion,adobe-research,1973,142,1973,52,63505,Python,Other,True,True,True,False,False,7,84,2022-12-08 19:18:41+00:00,2026-05-14 09:04:48+00:00,2025-12-01 17:28:12+00:00,https://github.com/adobe-research/custom-diffusion,1255,2,1.5708598726114649,0.07193515704154002
ml-cvnets,apple/ml-cvnets,apple,1971,256,1971,49,6036,Python,Other,True,True,True,True,False,11,55,2021-10-21 23:12:39+00:00,2026-05-15 06:32:22+00:00,2023-10-30 17:05:10+00:00,https://github.com/apple/ml-cvnets,1668,2,1.1809466746554824,0.12981744421906694
XMem,hkchengrex/XMem,hkchengrex,1970,207,1970,7,208,Python,MIT License,True,False,False,True,False,8,92,2022-07-06 19:09:19+00:00,2026-05-11 06:35:47+00:00,2024-11-15 19:28:38+00:00,https://github.com/hkchengrex/XMem,1410,6,1.3961729270021261,0.1050228310502283
PCV,jesolem/PCV,jesolem,1960,678,1960,26,61928,Python,"BSD 2-Clause ""Simplified"" License",True,True,True,True,False,0,45,2012-03-30 05:31:03+00:00,2026-05-14 12:43:11+00:00,2020-12-28 00:44:46+00:00,https://github.com/jesolem/PCV,5161,2,0.37969779155366135,0.3457419683834778
EasyCV,alibaba/EasyCV,alibaba,1950,225,1950,20,11023,Python,Apache License 2.0,True,True,True,False,False,7,41,2022-04-02 01:47:41+00:00,2026-05-11 03:53:05+00:00,2025-05-09 10:40:23+00:00,https://github.com/alibaba/EasyCV,1506,6,1.2939615129396151,0.11532547411583803
Semaphore,everythingishacked/Semaphore,everythingishacked,1938,27,1938,3,6395,Python,GNU General Public License v3.0,True,True,True,False,False,3,67,2023-03-27 02:27:09+00:00,2026-05-16 05:59:31+00:00,2023-06-29 15:56:29+00:00,https://github.com/everythingishacked/Semaphore,1147,1,1.6881533101045296,0.013924703455389376
RPA,A9T9/RPA,A9T9,1907,393,1907,6,13035,JavaScript,Other,True,True,True,False,False,10,119,2017-08-04 20:57:43+00:00,2026-05-16 09:26:10+00:00,2026-05-15 19:55:50+00:00,https://github.com/A9T9/RPA,3207,0,0.5944513715710723,0.2059748427672956
lip-reading-deeplearning,astorfi/lip-reading-deeplearning,astorfi,1903,332,1903,7,113239,Python,Apache License 2.0,True,True,True,True,False,5,76,2017-06-20 22:05:34+00:00,2026-04-19 08:48:24+00:00,2022-11-07 13:58:59+00:00,https://github.com/astorfi/lip-reading-deeplearning,3252,27,0.5849984629572702,0.17436974789915966
Make-It-3D,junshutang/Make-It-3D,junshutang,1888,137,1888,0,187169,Python,,False,True,True,False,False,7,90,2023-03-23 19:37:24+00:00,2026-05-13 23:56:45+00:00,2024-07-05 00:01:03+00:00,https://github.com/junshutang/Make-It-3D,1150,3,1.6403127715030408,0.07252514557967178
tapnet,google-deepmind/tapnet,google-deepmind,1882,179,1882,29,5190,Jupyter Notebook,Apache License 2.0,True,True,False,False,False,5,24,2022-11-03 14:59:43+00:00,2026-05-15 16:20:46+00:00,2026-03-30 18:40:46+00:00,https://github.com/google-deepmind/tapnet,1290,1,1.4577846630518978,0.09506107275624004
ssd_keras,pierluigiferrari/ssd_keras,pierluigiferrari,1871,922,1871,26,20185,Python,Apache License 2.0,True,True,True,False,False,10,45,2017-04-02 16:20:32+00:00,2026-05-11 08:34:25+00:00,2022-04-21 05:18:06+00:00,https://github.com/pierluigiferrari/ssd_keras,3331,5,0.5615246098439376,0.49252136752136755
VisoMaster,visomaster/VisoMaster,visomaster,1869,322,1869,108,30075,Python,GNU General Public License v3.0,True,True,True,False,False,7,63,2025-01-27 06:30:26+00:00,2026-05-16 15:32:12+00:00,2025-03-11 10:15:12+00:00,https://github.com/visomaster/VisoMaster,475,0,3.926470588235294,0.17219251336898395
deepgaze,mpatacchiola/deepgaze,mpatacchiola,1867,479,1867,11,244917,Python,MIT License,True,True,True,False,False,13,230,2016-03-08 13:35:01+00:00,2026-05-09 20:25:54+00:00,2024-05-09 20:37:09+00:00,https://github.com/mpatacchiola/deepgaze,3721,7,0.5016120365394949,0.256423982869379
awesome-semi-supervised-learning,yassouali/awesome-semi-supervised-learning,yassouali,1853,227,1853,2,249,,MIT License,True,True,True,False,False,7,95,2020-04-08 00:43:22+00:00,2026-05-16 17:01:34+00:00,2024-05-24 02:46:31+00:00,https://github.com/yassouali/awesome-semi-supervised-learning,2230,0,0.8305692514567459,0.12243797195253506
Gen.jl,probcomp/Gen.jl,probcomp,1840,163,1840,168,41160,Julia,Apache License 2.0,True,True,True,True,False,9,78,2018-08-21 21:42:42+00:00,2026-04-24 20:46:22+00:00,2025-11-03 12:47:58+00:00,https://github.com/probcomp/Gen.jl,2825,22,0.6510969568294409,0.08853883758826725
AB3DMOT,xinshuoweng/AB3DMOT,xinshuoweng,1834,416,1834,24,189588,Python,Other,True,True,True,False,False,15,124,2019-06-19 23:48:25+00:00,2026-05-16 12:55:54+00:00,2024-04-03 19:30:20+00:00,https://github.com/xinshuoweng/AB3DMOT,2523,0,0.7266244057052298,0.22670299727520435
ShowUI,showlab/ShowUI,showlab,1831,138,1831,15,28276,Python,Apache License 2.0,True,True,True,False,False,5,95,2024-10-31 04:56:39+00:00,2026-05-16 15:58:01+00:00,2026-04-24 07:16:50+00:00,https://github.com/showlab/ShowUI,563,0,3.24645390070922,0.07532751091703056
DeepLearn,GauravBh1010tt/DeepLearn,GauravBh1010tt,1829,349,1829,13,31170,Python,MIT License,True,True,True,True,False,4,111,2017-05-20 09:46:28+00:00,2026-05-03 03:42:15+00:00,2022-12-04 23:59:48+00:00,https://github.com/GauravBh1010tt/DeepLearn,3283,14,0.5569427527405603,0.1907103825136612
AdvancedLiterateMachinery,AlibabaResearch/AdvancedLiterateMachinery,AlibabaResearch,1828,197,1828,142,109102,C++,Apache License 2.0,True,True,True,False,False,20,196,2022-09-28 13:32:21+00:00,2026-05-05 14:14:49+00:00,2026-03-17 02:55:55+00:00,https://github.com/AlibabaResearch/AdvancedLiterateMachinery,1326,11,1.3775433308214016,0.10770913067249863
ocrs,robertknight/ocrs,robertknight,1827,85,1827,21,1191,Rust,Apache License 2.0,True,True,True,False,False,3,63,2024-01-02 09:32:23+00:00,2026-05-15 15:07:03+00:00,2026-05-04 07:01:50+00:00,https://github.com/robertknight/ocrs,865,1,2.1096997690531176,0.04649890590809628
LlamaFactory,hiyouga/LlamaFactory,hiyouga,71326,8712,71326,1016,13422,Python,Apache License 2.0,True,False,False,True,False,20,60,2023-05-28 10:09:12+00:00,2026-05-17 06:16:42+00:00,2026-05-13 12:56:44+00:00,https://github.com/hiyouga/LlamaFactory,1084,0,65.73824884792627,0.12214168547674793
ailearning,apachecn/ailearning,apachecn,42258,11585,42258,3,171378,Python,Other,True,True,False,True,False,20,44,2017-02-25 08:53:02+00:00,2026-05-17 02:09:28+00:00,2024-11-12 16:21:55+00:00,https://github.com/apachecn/ailearning,3367,0,12.546912114014251,0.2741427861520623
BettaFish,666ghj/BettaFish,666ghj,40929,7561,40929,27,187405,Python,GNU General Public License v2.0,True,True,True,False,False,10,60,2024-07-01 13:11:38+00:00,2026-05-17 05:21:23+00:00,2026-05-08 10:22:58+00:00,https://github.com/666ghj/BettaFish,684,0,59.75036496350365,0.1847300268751527
bert,google-research/bert,google-research,40014,9718,40014,880,317,Python,Apache License 2.0,True,False,True,False,True,5,47,2018-10-25 22:57:34+00:00,2026-05-16 20:57:23+00:00,2024-07-23 23:39:41+00:00,https://github.com/google-research/bert,2760,0,14.492575153929735,0.24285892790203673
langextract,google/langextract,google,36476,2511,36476,105,10705,Python,Apache License 2.0,True,True,False,False,False,11,149,2025-07-08 20:46:06+00:00,2026-05-17 03:49:13+00:00,2026-05-15 07:28:42+00:00,https://github.com/google/langextract,312,0,116.53674121405751,0.0688378978534419
HanLP,hankcs/HanLP,hankcs,36309,10895,36309,12,72904,Python,Apache License 2.0,True,True,True,False,False,8,99,2014-10-09 06:36:16+00:00,2026-05-17 01:54:32+00:00,2025-11-15 23:08:17+00:00,https://github.com/hankcs/HanLP,4238,0,8.5654635527247,0.30005508124483615
storm,stanford-oval/storm,stanford-oval,28223,2571,28223,119,8212,Python,MIT License,True,True,True,False,False,9,115,2024-03-24 16:23:39+00:00,2026-05-17 06:00:54+00:00,2025-09-30 18:07:21+00:00,https://github.com/stanford-oval/storm,783,0,35.99872448979592,0.09109268707482993
RAG_Techniques,NirDiamant/RAG_Techniques,NirDiamant,27360,3293,27360,11,39073,Jupyter Notebook,Other,True,True,True,False,False,13,152,2024-07-13 16:08:36+00:00,2026-05-17 04:40:48+00:00,2026-05-15 18:16:10+00:00,https://github.com/NirDiamant/RAG_Techniques,672,0,40.65378900445765,0.12035378823873397
Awesome-Chinese-LLM,AiHubCN/Awesome-Chinese-LLM,AiHubCN,22564,2128,22564,11,11553,,,True,True,True,False,False,6,63,2023-05-22 12:27:03+00:00,2026-05-17 03:30:43+00:00,2026-05-10 05:03:06+00:00,https://github.com/AiHubCN/Awesome-Chinese-LLM,1090,0,20.681943171402384,0.09430534012851761
unilm,microsoft/unilm,microsoft,22127,2698,22127,679,77210,Python,MIT License,True,True,True,False,False,20,80,2019-07-23 04:15:28+00:00,2026-05-16 10:27:41+00:00,2026-01-23 04:09:35+00:00,https://github.com/microsoft/unilm,2490,0,8.88277800080289,0.12192697035430224
Chinese-LLaMA-Alpaca,ymcui/Chinese-LLaMA-Alpaca,ymcui,18945,1853,18945,5,24070,Python,Apache License 2.0,True,False,True,False,False,11,63,2023-03-15 11:09:39+00:00,2026-05-17 03:35:51+00:00,2026-04-19 00:58:05+00:00,https://github.com/ymcui/Chinese-LLaMA-Alpaca,1158,0,16.345987920621226,0.09780428586509025
botpress,botpress/botpress,botpress,14692,2258,14692,97,319957,TypeScript,MIT License,True,False,False,False,False,12,55,2016-11-16 21:57:59+00:00,2026-05-17 06:43:15+00:00,2026-05-16 01:23:13+00:00,https://github.com/botpress/botpress,3468,0,4.235226289997117,0.1536786224732866
PaddleNLP,PaddlePaddle/PaddleNLP,PaddlePaddle,12941,3040,12941,412,117872,Python,Apache License 2.0,True,True,True,False,False,19,68,2021-02-05 13:07:42+00:00,2026-05-16 06:27:42+00:00,2025-12-17 09:19:22+00:00,https://github.com/PaddlePaddle/PaddleNLP,1926,1,6.7156201349247535,0.23489414309998455
txtai,neuml/txtai,neuml,12576,827,12576,8,55925,Python,Apache License 2.0,True,False,False,True,False,20,93,2020-08-09 19:14:59+00:00,2026-05-17 06:19:56+00:00,2026-05-12 19:24:31+00:00,https://github.com/neuml/txtai,2106,0,5.968675842429995,0.06575494951101217
compromise,spencermountain/compromise,spencermountain,12093,668,12093,120,58221,JavaScript,MIT License,True,True,True,False,False,3,34,2011-07-05 09:04:38+00:00,2026-05-17 01:23:02+00:00,2026-02-25 19:54:47+00:00,https://github.com/spencermountain/compromise,5429,0,2.2270718232044198,0.055234000330742515
tokenizers,huggingface/tokenizers,huggingface,10744,1090,10744,169,17690,Rust,Apache License 2.0,True,True,True,True,False,7,72,2019-11-01 17:52:20+00:00,2026-05-17 06:12:31+00:00,2026-05-14 06:42:24+00:00,https://github.com/huggingface/tokenizers,2388,0,4.49727919631645,0.10144253140995813
nlp_course,yandexdataschool/nlp_course,yandexdataschool,10551,2749,10551,8,616627,Jupyter Notebook,MIT License,True,True,True,False,False,0,42,2018-09-08 09:28:05+00:00,2026-05-16 21:08:31+00:00,2026-02-26 11:59:56+00:00,https://github.com/yandexdataschool/nlp_course,2807,0,3.7574786324786325,0.2605193328278999
Chinese-BERT-wwm,ymcui/Chinese-BERT-wwm,ymcui,10207,1390,10207,1,16234,Python,Apache License 2.0,True,True,False,False,False,10,69,2019-06-19 22:55:01+00:00,2026-05-16 03:14:20+00:00,2026-04-19 00:57:10+00:00,https://github.com/ymcui/Chinese-BERT-wwm,2523,1,4.043977812995245,0.13616771159874608
LLMsPracticalGuide,Mooler0410/LLMsPracticalGuide,Mooler0410,10186,786,10186,16,26494,,,True,True,False,False,False,4,81,2023-04-23 04:22:20+00:00,2026-05-16 06:28:43+00:00,2026-04-08 18:26:44+00:00,https://github.com/Mooler0410/LLMsPracticalGuide,1120,1,9.086529884032114,0.07715716108766074
CoreNLP,stanfordnlp/CoreNLP,stanfordnlp,10074,2718,10074,182,401354,Java,GNU General Public License v3.0,True,True,True,True,False,5,132,2013-06-27 21:13:49+00:00,2026-05-16 07:50:45+00:00,2026-05-13 15:08:53+00:00,https://github.com/stanfordnlp/CoreNLP,4706,0,2.1402166985340982,0.26977667493796526
nlp_chinese_corpus,brightmart/nlp_chinese_corpus,brightmart,9893,1556,9893,23,4124,,MIT License,True,True,True,False,False,15,49,2019-02-08 14:15:12+00:00,2026-05-17 01:14:56+00:00,2026-02-06 11:42:20+00:00,https://github.com/brightmart/nlp_chinese_corpus,2654,0,3.726177024482109,0.15726703052354962
TextBlob,sloria/TextBlob,sloria,9527,1185,9527,73,7705,Python,MIT License,True,True,True,False,False,5,125,2013-06-30 18:29:18+00:00,2026-05-16 06:29:16+00:00,2026-05-12 00:00:17+00:00,https://github.com/sloria/TextBlob,4703,1,2.025297619047619,0.12437027707808564
LLM-Agent-Paper-List,WooooDyy/LLM-Agent-Paper-List,WooooDyy,8127,491,8127,21,3230,,,True,True,False,False,False,5,139,2023-09-12 14:19:42+00:00,2026-05-17 01:17:07+00:00,2025-09-12 03:08:58+00:00,https://github.com/WooooDyy/LLM-Agent-Paper-List,977,0,8.309815950920246,0.06040846456692913
presidio,microsoft/presidio,microsoft,8093,1045,8093,67,326170,Python,MIT License,True,True,True,True,False,20,198,2018-05-04 11:08:58+00:00,2026-05-17 05:55:53+00:00,2026-05-17 05:45:52+00:00,https://github.com/microsoft/presidio,2934,0,2.757410562180579,0.12910798122065728
Awesome-Chinese-NLP,crownpku/Awesome-Chinese-NLP,crownpku,7929,1706,7929,6,325,,Apache License 2.0,True,True,True,False,False,2,56,2017-07-14 04:07:08+00:00,2026-05-16 05:58:08+00:00,2023-07-27 02:54:52+00:00,https://github.com/crownpku/Awesome-Chinese-NLP,3229,1,2.454798761609907,0.21513240857503152
BERTopic,MaartenGr/BERTopic,MaartenGr,7609,897,7609,436,29604,Python,MIT License,True,True,True,True,False,10,68,2020-09-22 14:19:29+00:00,2026-05-14 18:37:26+00:00,2026-05-13 08:54:06+00:00,https://github.com/MaartenGr/BERTopic,2062,2,3.688317983519147,0.1178712220762155
GPT2-Chinese,Morizeyao/GPT2-Chinese,Morizeyao,7601,1688,7601,109,13771,Python,MIT License,True,False,False,False,False,5,60,2019-05-31 02:07:50+00:00,2026-05-16 02:49:03+00:00,2024-04-25 09:14:25+00:00,https://github.com/Morizeyao/GPT2-Chinese,2543,1,2.987814465408805,0.22204682978163642
NLP_ability,DA-southampton/NLP_ability,DA-southampton,7493,1201,7493,1,24449,Python,,True,True,True,False,False,0,56,2020-06-16 03:20:02+00:00,2026-05-16 03:27:44+00:00,2022-08-24 16:54:12+00:00,https://github.com/DA-southampton/NLP_ability,2161,1,3.4657724329324697,0.16026154256738726
Chinese-LLaMA-Alpaca-2,ymcui/Chinese-LLaMA-Alpaca-2,ymcui,7140,565,7140,6,8578,Python,Apache License 2.0,True,False,True,False,False,13,103,2023-07-18 23:09:10+00:00,2026-05-15 19:42:42+00:00,2026-04-19 00:58:50+00:00,https://github.com/ymcui/Chinese-LLaMA-Alpaca-2,1033,1,6.905222437137331,0.07912057134855062
WantWords,thunlp/WantWords,thunlp,7111,616,7111,29,15236,JavaScript,,True,True,True,False,False,4,41,2020-10-05 13:39:54+00:00,2026-05-17 01:36:20+00:00,2022-02-23 11:52:43+00:00,https://github.com/thunlp/WantWords,2049,0,3.468780487804878,0.08661417322834646
tensorflow_practice,princewen/tensorflow_practice,princewen,7006,3246,7006,47,115237,Python,,True,True,True,False,False,0,31,2018-02-23 06:31:20+00:00,2026-05-11 14:58:45+00:00,2023-09-24 19:46:36+00:00,https://github.com/princewen/tensorflow_practice,3005,5,2.330671989354624,0.4632510346796061
golangFamily,xiaobaiTech/golangFamily,xiaobaiTech,6884,1024,6884,1,128,Go,,True,True,True,False,False,0,272,2021-01-06 03:12:31+00:00,2026-05-16 03:53:47+00:00,2024-10-13 15:17:08+00:00,https://github.com/xiaobaiTech/golangFamily,1957,1,3.5158324821246167,0.1487291212781409
nlp.js,axa-group/nlp.js,axa-group,6569,634,6569,116,33840,JavaScript,MIT License,True,True,True,False,False,13,118,2018-07-30 17:46:04+00:00,2026-05-16 20:36:35+00:00,2025-01-09 14:43:04+00:00,https://github.com/axa-group/nlp.js,2847,0,2.3065308988764044,0.09649923896499239
ChineseNlpCorpus,SophonPlus/ChineseNlpCorpus,SophonPlus,6543,1424,6543,25,11755,Jupyter Notebook,,True,True,True,False,False,0,54,2018-03-24 09:21:56+00:00,2026-05-17 01:20:18+00:00,2019-01-29 11:21:37+00:00,https://github.com/SophonPlus/ChineseNlpCorpus,2975,0,2.1985887096774195,0.2176039119804401
ansj_seg,NLPchina/ansj_seg,NLPchina,6535,2282,6535,54,352518,Java,Apache License 2.0,True,True,True,True,False,4,60,2012-09-05 05:56:24+00:00,2026-05-16 06:53:19+00:00,2023-11-19 06:15:23+00:00,https://github.com/NLPchina/ansj_seg,5002,0,1.3062162702378572,0.3491432068543452
BERT-pytorch,codertimo/BERT-pytorch,codertimo,6534,1321,6534,69,101,Python,Apache License 2.0,True,True,True,False,False,5,42,2018-10-15 12:58:15+00:00,2026-05-11 14:02:04+00:00,2023-09-15 12:57:08+00:00,https://github.com/codertimo/BERT-pytorch,2770,5,2.357993504150126,0.2021423106350421
nlp-recipes,microsoft/nlp-recipes,microsoft,6438,915,6438,66,48731,Python,MIT License,True,True,True,True,True,17,53,2019-04-05 17:42:41+00:00,2026-05-15 19:42:07+00:00,2022-08-30 19:12:12+00:00,https://github.com/microsoft/nlp-recipes,2598,1,2.477106579453636,0.14210281099549618
nlp-beginner,FudanNLP/nlp-beginner,FudanNLP,6292,1300,6292,3,172,,,True,True,True,False,False,2,7,2017-03-29 15:34:03+00:00,2026-05-16 12:13:15+00:00,2021-05-23 08:38:17+00:00,https://github.com/FudanNLP/nlp-beginner,3335,0,1.8860911270983214,0.20657873828062928
TagUI,aisingapore/TagUI,aisingapore,6283,647,6283,1,79542,JavaScript,Apache License 2.0,True,False,False,False,False,5,29,2016-12-06 04:30:34+00:00,2026-05-16 13:34:07+00:00,2026-04-13 19:54:14+00:00,https://github.com/aisingapore/TagUI,3449,0,1.8211594202898551,0.10295989815404201
tensorflow_cookbook,nfmcclure/tensorflow_cookbook,nfmcclure,6243,2378,6243,29,19794,Jupyter Notebook,MIT License,True,True,True,False,False,17,45,2016-06-10 13:23:57+00:00,2026-05-16 06:06:42+00:00,2024-05-23 20:56:53+00:00,https://github.com/nfmcclure/tensorflow_cookbook,3627,1,1.7207828004410144,0.3808456117873158
xlnet,zihangdai/xlnet,zihangdai,6176,1153,6176,191,2990,Python,Apache License 2.0,True,True,True,False,False,3,72,2019-06-19 08:16:46+00:00,2026-05-11 12:33:41+00:00,2023-05-28 15:42:23+00:00,https://github.com/zihangdai/xlnet,2523,5,2.446909667194929,0.18666019103124495
Parsr,axa-group/Parsr,axa-group,6174,325,6174,72,55147,JavaScript,Apache License 2.0,True,True,True,False,False,11,66,2019-08-05 12:43:53+00:00,2026-05-16 01:24:22+00:00,2026-03-20 13:14:26+00:00,https://github.com/axa-group/Parsr,2476,1,2.4925312878482035,0.05263157894736842
argos-translate,argosopentech/argos-translate,argosopentech,6031,463,6031,153,3883,Python,MIT License,True,True,True,False,False,8,57,2020-04-07 16:22:23+00:00,2026-05-17 00:39:48+00:00,2026-04-25 16:51:37+00:00,https://github.com/argosopentech/argos-translate,2230,0,2.703272075302555,0.07675729442970822
nlp-datasets,niderhoff/nlp-datasets,niderhoff,5981,993,5981,12,195,,,True,True,True,False,False,0,108,2016-03-24 14:14:49+00:00,2026-05-16 16:56:49+00:00,2023-02-15 13:58:35+00:00,https://github.com/niderhoff/nlp-datasets,3705,0,1.6138694009713976,0.16599799398194584
trafilatura,adbar/trafilatura,adbar,5961,371,5961,113,35406,Python,Apache License 2.0,True,False,False,False,False,20,138,2019-04-08 11:38:48+00:00,2026-05-17 00:40:28+00:00,2025-09-12 13:24:16+00:00,https://github.com/adbar/trafilatura,2595,0,2.296224961479199,0.06222744045622274
sensitive-word,houbb/sensitive-word,houbb,5831,785,5831,10,5723,Java,Apache License 2.0,True,True,True,False,False,13,174,2020-01-07 03:10:44+00:00,2026-05-16 08:48:29+00:00,2026-03-23 10:35:47+00:00,https://github.com/houbb/sensitive-word,2322,0,2.510116229014206,0.13460219478737998
flashtext,vi3k6i5/flashtext,vi3k6i5,5710,597,5710,70,450,Python,MIT License,True,True,True,False,False,5,64,2017-08-15 18:03:01+00:00,2026-05-09 19:11:25+00:00,2025-04-13 22:35:59+00:00,https://github.com/vi3k6i5/flashtext,3196,7,1.786049421332499,0.10453510768691998
awesome-pretrained-chinese-nlp-models,lonePatient/awesome-pretrained-chinese-nlp-models,lonePatient,5559,509,5559,5,885,Python,MIT License,True,True,True,False,False,17,66,2019-05-25 15:46:00+00:00,2026-05-17 01:20:26+00:00,2026-05-15 03:49:16+00:00,https://github.com/lonePatient/awesome-pretrained-chinese-nlp-models,2548,0,2.1808552373479797,0.09154676258992805
ltp,HIT-SCIR/ltp,HIT-SCIR,5245,1062,5245,75,16325,Python,,True,True,True,False,False,4,28,2011-06-01 15:10:15+00:00,2026-05-12 07:06:00+00:00,2026-03-11 11:57:37+00:00,https://github.com/HIT-SCIR/ltp,5463,4,0.9599194729136163,0.20243995425085778
Bard-API,dsdanielpark/Bard-API,dsdanielpark,5204,498,5204,3,17724,Python,MIT License,True,True,True,False,True,13,88,2023-05-11 17:54:48+00:00,2026-05-15 23:02:02+00:00,2024-04-24 10:38:31+00:00,https://github.com/dsdanielpark/Bard-API,1101,1,4.722323049001815,0.09567723342939481
Synonyms,chatopera/Synonyms,chatopera,5103,890,5103,32,147134,Python,Other,True,False,False,False,False,4,26,2017-09-25 08:23:35+00:00,2026-05-12 08:01:52+00:00,2026-02-01 02:48:25+00:00,https://github.com/chatopera/Synonyms,3155,4,1.6169201520912548,0.1743730407523511
gt-nlp-class,jacobeisenstein/gt-nlp-class,jacobeisenstein,5076,1098,5076,2,331077,TeX,,True,True,True,False,False,0,70,2013-02-28 18:27:27+00:00,2026-05-14 02:29:47+00:00,2023-01-31 05:37:16+00:00,https://github.com/jacobeisenstein/gt-nlp-class,4825,3,1.0518027351844177,0.21626945046287177
AutoGPTQ,AutoGPTQ/AutoGPTQ,AutoGPTQ,5060,543,5060,272,8395,Python,MIT License,True,False,False,True,True,9,90,2023-04-13 02:18:11+00:00,2026-05-15 21:18:38+00:00,2025-04-11 13:27:20+00:00,https://github.com/AutoGPTQ/AutoGPTQ,1130,1,4.473916887709991,0.10729104919976289
argilla,argilla-io/argilla,argilla-io,4973,486,4973,25,809031,Python,Apache License 2.0,True,True,True,True,False,17,98,2021-04-28 14:37:42+00:00,2026-05-16 15:31:55+00:00,2026-04-27 22:23:15+00:00,https://github.com/argilla-io/argilla,1844,0,2.6953929539295394,0.097708082026538
Huatuo-Llama-Med-Chinese,SCIR-HI/Huatuo-Llama-Med-Chinese,SCIR-HI,4966,501,4966,28,11208,Python,Apache License 2.0,True,True,False,False,False,10,151,2023-03-31 13:21:24+00:00,2026-05-17 03:22:11+00:00,2026-04-14 11:24:08+00:00,https://github.com/SCIR-HI/Huatuo-Llama-Med-Chinese,1142,0,4.344706911636045,0.10086571371048923
text2vec,shibing624/text2vec,shibing624,4961,427,4961,7,16109,Python,Apache License 2.0,True,True,True,True,False,7,108,2019-11-12 03:27:57+00:00,2026-05-17 01:18:55+00:00,2026-02-14 14:59:10+00:00,https://github.com/shibing624/text2vec,2378,0,2.0853299705758723,0.08605401047964531
EasyR1,hiyouga/EasyR1,hiyouga,4939,373,4939,51,3389,Python,Apache License 2.0,True,True,False,False,False,8,82,2025-02-22 04:17:31+00:00,2026-05-16 14:30:03+00:00,2026-04-06 09:05:50+00:00,https://github.com/hiyouga/EasyR1,449,0,10.975555555555555,0.07550607287449393
OpenPrompt,thunlp/OpenPrompt,thunlp,4866,483,4866,100,15059,Python,Apache License 2.0,True,True,True,True,False,16,45,2021-09-30 09:38:45+00:00,2026-05-17 00:17:39+00:00,2024-07-16 03:48:08+00:00,https://github.com/thunlp/OpenPrompt,1689,0,2.8792899408284023,0.0992397780973906
libpostal,openvenues/libpostal,openvenues,4797,469,4797,297,38063,C,MIT License,True,True,True,False,False,10,116,2015-03-03 00:21:31+00:00,2026-05-16 11:33:10+00:00,2026-05-13 11:06:02+00:00,https://github.com/openvenues/libpostal,4093,0,1.17171470444553,0.09774906210921218
Learn_Prompting,trigaten/Learn_Prompting,trigaten,4697,666,4697,100,1029942,MDX,Other,True,True,True,True,False,17,140,2022-10-25 06:23:34+00:00,2026-05-16 09:42:58+00:00,2025-01-14 15:04:07+00:00,https://github.com/trigaten/Learn_Prompting,1300,0,3.610299769408148,0.1417624521072797
pytorch-sentiment-analysis,bentrevett/pytorch-sentiment-analysis,bentrevett,4604,1175,4604,5,1724,Jupyter Notebook,MIT License,True,True,True,False,False,20,79,2017-12-13 13:36:40+00:00,2026-05-17 01:21:19+00:00,2024-03-27 17:27:27+00:00,https://github.com/bentrevett/pytorch-sentiment-analysis,3076,0,1.496262593435164,0.255157437567861
Promptify,promptslab/Promptify,promptslab,4602,364,4602,61,2917,Python,Apache License 2.0,True,True,True,False,False,20,175,2022-12-12 18:06:32+00:00,2026-05-17 05:46:36+00:00,2026-03-27 01:09:45+00:00,https://github.com/promptslab/Promptify,1251,0,3.6757188498402558,0.07907886161199218
ChineseNLPCorpus,InsaneLife/ChineseNLPCorpus,InsaneLife,4596,789,4596,6,7484,Python,,True,True,True,False,False,0,31,2018-12-01 09:32:55+00:00,2026-05-16 03:26:38+00:00,2023-11-21 12:33:51+00:00,https://github.com/InsaneLife/ChineseNLPCorpus,2723,1,1.6872246696035242,0.17163367413530564
practical-pytorch,spro/practical-pytorch,spro,4546,1086,4546,89,1713,Jupyter Notebook,MIT License,True,True,True,False,True,5,93,2017-01-22 01:28:10+00:00,2026-05-12 03:26:48+00:00,2021-07-01 04:34:00+00:00,https://github.com/spro/practical-pytorch,3402,5,1.3358801057890097,0.2388387948097647
Awesome-AIGC-Tutorials,luban-agi/Awesome-AIGC-Tutorials,luban-agi,4516,300,4516,8,172,,MIT License,True,True,True,False,False,13,82,2023-08-22 07:22:52+00:00,2026-05-17 05:25:57+00:00,2024-03-31 09:18:04+00:00,https://github.com/luban-agi/Awesome-AIGC-Tutorials,998,0,4.52052052052052,0.06641576267434138
CLUEDatasetSearch,CLUEbenchmark/CLUEDatasetSearch,CLUEbenchmark,4440,628,4440,10,9301,Python,,True,True,True,False,False,14,24,2020-02-21 16:01:31+00:00,2026-05-13 07:34:49+00:00,2022-11-21 08:04:52+00:00,https://github.com/CLUEbenchmark/CLUEDatasetSearch,2276,3,1.9499341238471672,0.14140959243413645
llm-foundry,mosaicml/llm-foundry,mosaicml,4405,589,4405,64,80827,Python,Apache License 2.0,True,True,True,False,False,5,50,2023-04-28 22:33:27+00:00,2026-05-16 05:59:37+00:00,2026-03-25 17:22:01+00:00,https://github.com/mosaicml/llm-foundry,1114,1,3.9506726457399104,0.1336813436223332
franc,wooorm/franc,wooorm,4396,181,4396,5,4613,JavaScript,MIT License,True,False,False,True,False,10,26,2014-07-19 14:50:53+00:00,2026-05-17 02:31:55+00:00,2024-06-12 22:48:23+00:00,https://github.com/wooorm/franc,4319,0,1.0175925925925926,0.04116443029338185
DeepKE,zjunlp/DeepKE,zjunlp,4394,744,4394,0,127134,Python,MIT License,True,True,True,True,False,20,76,2018-08-01 01:54:52+00:00,2026-05-16 07:55:39+00:00,2025-07-19 00:07:13+00:00,https://github.com/zjunlp/DeepKE,2846,0,1.54337899543379,0.16928327645051194
LMOps,microsoft/LMOps,microsoft,4384,373,4384,102,100718,Python,MIT License,True,True,True,False,False,11,65,2022-12-13 12:56:21+00:00,2026-05-16 07:55:40+00:00,2026-05-12 02:01:53+00:00,https://github.com/microsoft/LMOps,1250,0,3.504396482813749,0.08506271379703535
PromptPapers,thunlp/PromptPapers,thunlp,4304,391,4304,6,199,,,True,True,True,False,False,9,72,2021-06-05 07:21:58+00:00,2026-05-17 06:32:51+00:00,2023-07-17 09:54:36+00:00,https://github.com/thunlp/PromptPapers,1806,0,2.3818483674598783,0.09082462253193961
MNBVC,esbatmop/MNBVC,esbatmop,4194,289,4194,23,666,,MIT License,True,True,True,False,False,7,187,2022-12-31 03:52:02+00:00,2026-05-16 18:19:29+00:00,2026-05-05 00:52:33+00:00,https://github.com/esbatmop/MNBVC,1233,0,3.3987034035656403,0.06889153754469607
Awesome-ChatGPT,dalinvip/Awesome-ChatGPT,dalinvip,4189,387,4189,4,131854,,,True,True,True,False,False,9,24,2023-02-06 11:57:37+00:00,2026-05-14 13:57:34+00:00,2025-06-04 23:58:00+00:00,https://github.com/dalinvip/Awesome-ChatGPT,1195,2,3.5025083612040135,0.09236276849642004
AdalFlow,SylphAI-Inc/AdalFlow,SylphAI-Inc,4145,376,4145,61,121098,Python,MIT License,True,True,False,True,False,20,64,2024-04-19 05:05:13+00:00,2026-05-16 17:04:56+00:00,2026-04-28 00:49:22+00:00,https://github.com/SylphAI-Inc/AdalFlow,758,0,5.461133069828722,0.09068982151471297
spark-nlp,JohnSnowLabs/spark-nlp,JohnSnowLabs,4129,743,4129,17,3879495,Scala,Apache License 2.0,True,True,False,True,False,20,44,2017-09-24 19:36:44+00:00,2026-05-12 10:16:07+00:00,2026-05-16 15:49:39+00:00,https://github.com/JohnSnowLabs/spark-nlp,3156,4,1.307887234716503,0.17990314769975788
LightLLM,ModelTC/LightLLM,ModelTC,4064,327,4064,131,50435,Python,Apache License 2.0,True,True,True,False,False,7,168,2023-07-22 08:11:15+00:00,2026-05-16 12:13:41+00:00,2026-05-16 14:56:41+00:00,https://github.com/ModelTC/LightLLM,1029,0,3.9456310679611653,0.08044280442804429
nlp_paper_study,km1994/nlp_paper_study,km1994,4031,647,4031,2,898947,C++,,True,True,True,False,False,5,28,2019-05-18 07:37:08+00:00,2026-05-15 12:21:44+00:00,2023-08-18 05:42:01+00:00,https://github.com/km1994/nlp_paper_study,2555,1,1.5770735524256652,0.16046626984126985
lac,baidu/lac,baidu,4002,590,4002,158,66706,C++,Apache License 2.0,True,True,True,False,False,8,25,2018-07-02 03:22:22+00:00,2026-05-11 07:24:10+00:00,2021-05-25 10:46:36+00:00,https://github.com/baidu/lac,2876,5,1.3910323253388948,0.14738945790657007
snips-nlu,snipsco/snips-nlu,snipsco,3968,505,3968,67,20278,Python,Apache License 2.0,True,True,True,False,False,16,49,2017-02-08 16:16:36+00:00,2026-05-12 06:19:16+00:00,2023-05-22 16:10:15+00:00,https://github.com/snipsco/snips-nlu,3384,5,1.1722304283604137,0.127236079617032
course,huggingface/course,huggingface,3902,1333,3902,473,51741,MDX,Apache License 2.0,True,True,True,False,False,4,39,2021-08-13 14:41:45+00:00,2026-05-16 15:45:08+00:00,2026-05-13 16:01:01+00:00,https://github.com/huggingface/course,1737,0,2.2451093210586883,0.3415321547527543
100-nlp-papers,mhagiwara/100-nlp-papers,mhagiwara,3846,559,3846,2,79,,,True,True,True,True,False,0,24,2017-01-03 16:34:48+00:00,2026-05-12 14:24:48+00:00,2021-07-09 15:21:35+00:00,https://github.com/mhagiwara/100-nlp-papers,3420,4,1.124232680502777,0.14530803223290875
JioNLP,dongrixinyu/JioNLP,dongrixinyu,3840,443,3840,42,169486,Python,Apache License 2.0,True,True,True,False,False,10,86,2020-03-13 09:07:46+00:00,2026-05-16 03:39:30+00:00,2026-04-25 10:55:05+00:00,https://github.com/dongrixinyu/JioNLP,2255,1,1.702127659574468,0.11533454829471491
Dive-into-DL-TensorFlow2.0,TrickyGo/Dive-into-DL-TensorFlow2.0,TrickyGo,3830,819,3830,22,61247,Jupyter Notebook,Apache License 2.0,True,True,True,True,False,10,80,2018-04-23 09:10:41+00:00,2026-05-14 09:58:51+00:00,2023-03-17 08:51:52+00:00,https://github.com/TrickyGo/Dive-into-DL-TensorFlow2.0,2945,2,1.3000678886625934,0.21378230227094752
zero_nlp,yuanzhoulvpi2017/zero_nlp,yuanzhoulvpi2017,3817,446,3817,102,53478,Jupyter Notebook,MIT License,True,True,True,False,False,13,27,2023-02-05 07:11:18+00:00,2026-05-15 20:03:18+00:00,2025-08-05 01:26:45+00:00,https://github.com/yuanzhoulvpi2017/zero_nlp,1196,1,3.1888053467000836,0.11681508643268727
sumy,miso-belica/sumy,miso-belica,3686,545,3686,28,1844,Python,Apache License 2.0,True,False,False,True,False,14,68,2013-02-20 12:56:48+00:00,2026-05-15 18:52:30+00:00,2026-03-31 06:47:07+00:00,https://github.com/miso-belica/sumy,4833,1,0.7625155151013653,0.14781665310550582
daily-interview,datawhalechina/daily-interview,datawhalechina,3675,496,3675,0,29822,,GNU General Public License v3.0,True,True,True,True,False,4,48,2019-04-24 06:07:56+00:00,2026-05-16 14:46:37+00:00,2025-12-02 03:12:44+00:00,https://github.com/datawhalechina/daily-interview,2580,0,1.4238667183262301,0.13492927094668117
SimCSE,princeton-nlp/SimCSE,princeton-nlp,3651,533,3651,0,42408,Python,MIT License,True,True,True,False,False,2,104,2021-04-16 02:57:04+00:00,2026-05-13 05:46:24+00:00,2024-10-16 14:35:29+00:00,https://github.com/princeton-nlp/SimCSE,1857,4,1.965016146393972,0.145947426067908
Awesome-Text2SQL,eosphoros-ai/Awesome-Text2SQL,eosphoros-ai,3640,247,3640,2,250,,MIT License,True,True,True,False,False,17,106,2023-09-04 06:04:23+00:00,2026-05-17 05:47:18+00:00,2026-01-26 01:46:37+00:00,https://github.com/eosphoros-ai/Awesome-Text2SQL,986,0,3.6879432624113475,0.06783850590497116
awesome-DeepLearning,PaddlePaddle/awesome-DeepLearning,PaddlePaddle,3626,857,3626,449,501410,Jupyter Notebook,Apache License 2.0,True,True,True,False,False,18,95,2019-12-11 11:14:49+00:00,2026-05-15 03:35:37+00:00,2024-07-25 00:51:28+00:00,https://github.com/PaddlePaddle/awesome-DeepLearning,2348,2,1.543635589612601,0.23628342983181694
text,pytorch/text,pytorch,3561,809,3561,346,49617,Python,"BSD 3-Clause ""New"" or ""Revised"" License",True,True,True,True,True,6,81,2016-12-12 00:56:03+00:00,2026-05-13 12:02:32+00:00,2025-09-10 21:39:02+00:00,https://github.com/pytorch/text,3443,3,1.03397212543554,0.2271195957327344
AiLearning-Theory-Applying,ben1234560/AiLearning-Theory-Applying,ben1234560,3505,478,3505,3,125890,Jupyter Notebook,MIT License,True,True,True,False,False,8,66,2020-10-25 02:25:05+00:00,2026-05-16 05:30:34+00:00,2025-05-01 15:24:43+00:00,https://github.com/ben1234560/AiLearning-Theory-Applying,2030,1,1.72575086164451,0.1363377067883628
NLPIR,NLPIR-team/NLPIR,NLPIR-team,3473,1999,3473,144,1804005,HTML,,True,True,True,False,False,0,0,2015-05-04 06:55:52+00:00,2026-05-12 03:26:55+00:00,2026-03-06 09:09:03+00:00,https://github.com/NLPIR-team/NLPIR,4030,5,0.8615728107169437,0.5754173862982153
picoGPT,jaymody/picoGPT,jaymody,3464,458,3464,14,14,Python,MIT License,True,True,True,False,False,8,55,2023-01-21 21:07:13+00:00,2026-05-16 04:22:15+00:00,2023-04-24 20:05:53+00:00,https://github.com/jaymody/picoGPT,1211,1,2.8580858085808583,0.13217893217893217
Jiagu,ownthink/Jiagu,ownthink,3424,609,3424,16,174016,Python,MIT License,True,True,True,False,False,5,68,2018-12-30 06:17:11+00:00,2026-05-17 03:07:03+00:00,2022-05-07 01:51:20+00:00,https://github.com/ownthink/Jiagu,2695,0,1.2700296735905046,0.1778102189781022
TextAttack,QData/TextAttack,QData,3417,446,3417,65,26741,Python,MIT License,True,True,True,False,False,8,150,2019-10-15 00:51:44+00:00,2026-05-16 07:06:56+00:00,2026-04-17 17:33:40+00:00,https://github.com/QData/TextAttack,2406,0,1.4196094723722477,0.1304856641310708
Awesome-Code-LLM,codefuse-ai/Awesome-Code-LLM,codefuse-ai,3334,234,3334,11,11391,,,True,True,False,False,False,9,130,2023-09-21 06:49:47+00:00,2026-05-16 13:14:53+00:00,2026-04-10 07:12:55+00:00,https://github.com/codefuse-ai/Awesome-Code-LLM,968,0,3.440660474716202,0.07016491754122939
nlp-roadmap,graykode/nlp-roadmap,graykode,3265,515,3265,2,2737,,MIT License,True,True,True,False,False,7,82,2019-09-19 07:47:34+00:00,2026-05-15 18:42:22+00:00,2019-09-29 07:07:52+00:00,https://github.com/graykode/nlp-roadmap,2431,1,1.342516447368421,0.1576852418860992
learn-nlp-with-transformers,datawhalechina/learn-nlp-with-transformers,datawhalechina,3228,509,3228,20,42107,Shell,,True,True,True,True,False,3,71,2021-04-11 14:30:39+00:00,2026-05-17 05:23:02+00:00,2024-08-18 12:14:29+00:00,https://github.com/datawhalechina/learn-nlp-with-transformers,1861,0,1.7336197636949517,0.15763394239702694
deepdoctection,deepdoctection/deepdoctection,deepdoctection,3169,191,3169,8,35047,Python,Apache License 2.0,True,True,False,False,False,15,22,2021-12-09 06:43:29+00:00,2026-05-17 03:52:18+00:00,2026-05-15 15:46:10+00:00,https://github.com/deepdoctection/deepdoctection,1620,0,1.9549660703269587,0.06025236593059937
fastNLP,fastnlp/fastNLP,fastnlp,3148,449,3148,71,36844,Python,Apache License 2.0,True,True,True,False,False,7,83,2018-03-07 13:30:20+00:00,2026-05-17 00:17:43+00:00,2023-06-05 03:00:37+00:00,https://github.com/fastnlp/fastNLP,2992,0,1.0517875041764115,0.14258494760241347
textlint,textlint/textlint,textlint,3122,158,3122,51,51863,TypeScript,MIT License,True,True,True,True,False,7,59,2014-12-25 10:34:46+00:00,2026-05-17 05:08:55+00:00,2026-05-17 05:11:40+00:00,https://github.com/textlint/textlint,4160,0,0.7503004085556356,0.05059237912263849
Python-AI,kzbkzb/Python-AI,kzbkzb,3099,493,3099,2,19669,Jupyter Notebook,,True,True,True,False,False,8,64,2021-10-18 00:25:21+00:00,2026-05-16 08:49:35+00:00,2025-09-22 02:32:14+00:00,https://github.com/kzbkzb/Python-AI,1672,0,1.8523610280932457,0.15903225806451612
prose,jdkato/prose,jdkato,3075,169,3075,20,28087,Go,MIT License,False,False,False,False,True,3,121,2017-02-17 17:08:22+00:00,2026-05-11 00:59:21+00:00,2023-05-02 05:39:17+00:00,https://github.com/jdkato/prose,3375,6,0.9108412322274881,0.05494148244473342
rust-bert,guillaume-be/rust-bert,guillaume-be,3060,245,3060,75,4133,Rust,Apache License 2.0,True,True,True,False,False,17,96,2020-01-25 09:40:07+00:00,2026-05-15 10:46:53+00:00,2026-01-13 19:54:39+00:00,https://github.com/guillaume-be/rust-bert,2303,1,1.328125,0.0800392028748775
Linly,CVI-SZU/Linly,CVI-SZU,3053,228,3053,109,7624,Python,,True,True,True,False,False,10,81,2023-03-21 07:04:01+00:00,2026-05-14 12:59:53+00:00,2024-04-14 05:19:19+00:00,https://github.com/CVI-SZU/Linly,1152,2,2.647875108412836,0.07465618860510806
LLMAgentPapers,zjunlp/LLMAgentPapers,zjunlp,3016,181,3016,0,431,,,True,True,False,False,False,17,31,2023-05-19 09:31:04+00:00,2026-05-16 07:59:15+00:00,2026-04-17 03:00:41+00:00,https://github.com/zjunlp/LLMAgentPapers,1093,0,2.756855575868373,0.05999337089824329
promptsource,bigscience-workshop/promptsource,bigscience-workshop,3015,379,3015,43,6104,Python,Apache License 2.0,True,True,True,False,False,3,65,2021-05-19 15:26:25+00:00,2026-05-16 07:59:16+00:00,2023-10-23 17:59:41+00:00,https://github.com/bigscience-workshop/promptsource,1823,0,1.6529605263157894,0.1256631299734748
nlp_tasks,Kyubyong/nlp_tasks,Kyubyong,3013,539,3013,0,72,,Apache License 2.0,True,True,True,False,False,3,48,2017-10-06 07:40:53+00:00,2026-05-11 00:59:37+00:00,2018-09-20 03:10:58+00:00,https://github.com/Kyubyong/nlp_tasks,3144,6,0.9580286168521462,0.17883211678832117
GPT2-chitchat,yangjianxin1/GPT2-chitchat,yangjianxin1,3005,669,3005,72,523,Python,,True,True,True,False,False,8,58,2019-12-09 07:09:39+00:00,2026-05-16 02:49:00+00:00,2023-10-30 16:56:20+00:00,https://github.com/yangjianxin1/GPT2-chitchat,2350,1,1.278179498085921,0.22255489021956087
awesome-deeplearning-resources,endymecy/awesome-deeplearning-resources,endymecy,3000,675,3000,3,303624,,MIT License,True,True,True,True,False,9,76,2016-11-28 05:42:02+00:00,2026-05-13 01:58:35+00:00,2026-01-28 10:58:06+00:00,https://github.com/endymecy/awesome-deeplearning-resources,3457,4,0.8675534991324465,0.22492502499166944
AlphaTree-graphic-deep-neural-network,weslynn/AlphaTree-graphic-deep-neural-network,weslynn,2988,615,2988,7,94577,,,True,True,True,False,False,4,202,2018-03-06 08:37:27+00:00,2026-05-15 07:20:34+00:00,2026-05-11 09:07:36+00:00,https://github.com/weslynn/AlphaTree-graphic-deep-neural-network,2993,1,0.9979959919839679,0.20575443292070927
china-dictatorship,cirosantilli/china-dictatorship,cirosantilli,2986,289,2986,851,105457,HTML,Creative Commons Attribution Share Alike 4.0 International,True,True,True,True,False,20,64765,2015-04-02 20:51:50+00:00,2026-05-17 05:02:11+00:00,2026-02-05 07:59:11+00:00,https://github.com/cirosantilli/china-dictatorship,4062,0,0.7349249323160226,0.09675259457649815
chatglm.cpp,li-plus/chatglm.cpp,li-plus,2961,328,2961,162,2267,C++,MIT License,True,True,True,False,False,7,67,2023-05-23 16:30:30+00:00,2026-05-10 15:56:05+00:00,2024-07-31 06:12:02+00:00,https://github.com/li-plus/chatglm.cpp,1089,6,2.71651376146789,0.11073598919648886
DeepNLP-models-Pytorch,DSKSD/DeepNLP-models-Pytorch,DSKSD,2945,643,2945,11,1309,Jupyter Notebook,MIT License,True,True,True,False,False,9,76,2017-08-16 01:22:16+00:00,2026-05-11 01:00:04+00:00,2019-10-15 03:26:36+00:00,https://github.com/DSKSD/DeepNLP-models-Pytorch,3196,6,0.9211761025961839,0.2182620502376103
nlp-architect,IntelLabs/nlp-architect,IntelLabs,2933,443,2933,14,556787,Python,Apache License 2.0,True,True,True,True,True,10,145,2018-05-17 21:00:13+00:00,2026-05-13 10:47:38+00:00,2022-11-07 16:21:47+00:00,https://github.com/IntelLabs/nlp-architect,2921,3,1.0037645448323067,0.15098841172460806
texthero,jbesomi/texthero,jbesomi,2911,237,2911,82,23184,Python,MIT License,True,False,False,False,False,10,71,2020-04-06 15:16:05+00:00,2026-05-06 17:10:37+00:00,2023-08-29 08:45:13+00:00,https://github.com/jbesomi/texthero,2231,10,1.30421146953405,0.08138736263736264
neuralcoref,huggingface/neuralcoref,huggingface,2891,471,2891,65,69454,C,MIT License,True,True,True,False,False,10,58,2017-07-03 13:04:16+00:00,2026-04-26 19:32:31+00:00,2023-04-13 18:40:07+00:00,https://github.com/huggingface/neuralcoref,3239,20,0.8922839506172839,0.1628630705394191
lingvo,tensorflow/lingvo,tensorflow,2865,450,2865,151,149331,Python,Apache License 2.0,True,True,True,True,False,17,6,2018-07-24 22:30:28+00:00,2026-05-13 20:39:35+00:00,2026-05-12 00:33:48+00:00,https://github.com/tensorflow/lingvo,2853,3,1.00385423966363,0.15701325889741802
aeneas,readbeyond/aeneas,readbeyond,2833,275,2833,74,30537,Python,GNU Affero General Public License v3.0,True,True,True,False,False,20,114,2015-05-11 11:19:46+00:00,2026-05-15 13:03:51+00:00,2024-06-22 01:35:46+00:00,https://github.com/readbeyond/aeneas,4023,1,0.7040258449304175,0.09703599153140438
gse,go-ego/gse,go-ego,2816,226,2816,14,21901,Go,Apache License 2.0,True,True,True,False,False,11,99,2017-06-23 15:42:35+00:00,2026-05-14 15:11:57+00:00,2026-04-17 21:33:12+00:00,https://github.com/go-ego/gse,3249,2,0.8664615384615385,0.08022719204827831
adapters,adapter-hub/adapters,adapter-hub,2812,372,2812,47,101807,Python,Apache License 2.0,True,True,False,True,False,9,72,2020-04-21 16:21:43+00:00,2026-05-11 18:34:46+00:00,2026-04-26 19:52:02+00:00,https://github.com/adapter-hub/adapters,2216,5,1.2683806946323861,0.1322431567721294
nlp-competitions-list-review,zhpmatrix/nlp-competitions-list-review,zhpmatrix,2808,417,2808,0,2524,,,True,True,True,False,False,3,31,2019-03-15 14:16:37+00:00,2026-05-15 17:42:17+00:00,2026-04-04 14:55:22+00:00,https://github.com/zhpmatrix/nlp-competitions-list-review,2619,1,1.0717557251908396,0.14845140619437522
NLP-with-Python,susanli2016/NLP-with-Python,susanli2016,2788,1995,2788,36,29083,Jupyter Notebook,,True,True,True,False,False,0,52,2017-08-03 04:18:42+00:00,2026-05-05 15:50:45+00:00,2024-03-28 14:37:21+00:00,https://github.com/susanli2016/NLP-with-Python,3209,11,0.8685358255451714,0.7153101470060954
NLPer-Interview,songyingxin/NLPer-Interview,songyingxin,2769,508,2769,3,27139,,,True,True,True,False,False,0,23,2019-07-18 02:48:43+00:00,2026-05-08 13:25:44+00:00,2022-04-12 13:11:22+00:00,https://github.com/songyingxin/NLPer-Interview,2495,8,1.109375,0.18339350180505415
setfit,huggingface/setfit,huggingface,2737,260,2737,159,1920263,Jupyter Notebook,Apache License 2.0,True,False,False,False,False,3,54,2022-06-30 07:10:15+00:00,2026-05-14 17:45:23+00:00,2026-04-17 09:17:32+00:00,https://github.com/huggingface/setfit,1416,2,1.931545518701482,0.09495982468955443
sentiment,thisandagain/sentiment,thisandagain,2676,311,2676,16,416,JavaScript,MIT License,True,True,False,False,False,6,43,2012-10-08 03:45:22+00:00,2026-04-26 14:49:19+00:00,2020-05-18 13:55:58+00:00,https://github.com/thisandagain/sentiment,4969,20,0.538430583501006,0.11617482256257004
Familia,baidu/Familia,baidu,2646,586,2646,28,6255,C++,"BSD 3-Clause ""New"" or ""Revised"" License",True,True,True,False,False,6,39,2017-06-14 06:48:21+00:00,2026-04-08 13:47:26+00:00,2021-07-01 08:28:33+00:00,https://github.com/baidu/Familia,3258,38,0.8119054924823565,0.2213826973932754
Research-Paper-Writing-Skills,Master-cai/Research-Paper-Writing-Skills,Master-cai,2644,132,2644,0,47,,MIT License,True,True,True,False,False,0,132,2026-03-05 08:19:31+00:00,2026-05-17 06:37:41+00:00,2026-04-23 01:20:19+00:00,https://github.com/Master-cai/Research-Paper-Writing-Skills,72,0,36.21917808219178,0.0499054820415879
HarvestText,blmoistawinde/HarvestText,blmoistawinde,2614,339,2614,17,4482,Python,MIT License,True,True,True,False,False,13,60,2018-11-19 07:44:45+00:00,2026-05-17 01:33:20+00:00,2024-05-13 08:00:37+00:00,https://github.com/blmoistawinde/HarvestText,2735,0,0.9554093567251462,0.12963671128107074
awesome_Chinese_medical_NLP,GanjinZero/awesome_Chinese_medical_NLP,GanjinZero,2593,397,2593,2,40,,,True,True,True,False,False,7,61,2019-10-30 02:55:16+00:00,2026-05-16 12:24:41+00:00,2024-01-17 06:47:55+00:00,https://github.com/GanjinZero/awesome_Chinese_medical_NLP,2391,0,1.0840301003344481,0.1530454895913647
NLP-Interview-Notes,km1994/NLP-Interview-Notes,km1994,2584,499,2584,1,63310,,,True,True,True,False,False,5,23,2021-02-22 12:49:34+00:00,2026-05-12 13:31:42+00:00,2023-10-10 12:38:46+00:00,https://github.com/km1994/NLP-Interview-Notes,1909,4,1.3528795811518324,0.193036750483559
Awesome-Domain-LLM,luban-agi/Awesome-Domain-LLM,luban-agi,2576,202,2576,1,1099,,MIT License,True,True,True,False,False,5,24,2023-09-05 09:39:45+00:00,2026-05-04 18:36:08+00:00,2023-12-26 12:35:03+00:00,https://github.com/luban-agi/Awesome-Domain-LLM,984,12,2.615228426395939,0.07838571982925883
gluon-nlp,dmlc/gluon-nlp,dmlc,2547,520,2547,271,11414,Python,Apache License 2.0,True,True,True,False,True,13,13,2018-04-04 20:57:13+00:00,2026-05-13 14:28:01+00:00,2023-10-06 04:01:21+00:00,https://github.com/dmlc/gluon-nlp,2964,3,0.8590219224283305,0.20408163265306123
dllm,ZHZisZZ/dllm,ZHZisZZ,2503,263,2503,13,27632,Python,Apache License 2.0,True,True,False,False,False,3,40,2025-09-14 06:17:11+00:00,2026-05-17 06:16:54+00:00,2026-04-15 04:54:54+00:00,https://github.com/ZHZisZZ/dllm,245,0,10.174796747967479,0.10503194888178914
nlp,duoergun0729/nlp,duoergun0729,2489,564,2489,4,4974,Python,,True,True,True,False,False,5,19,2018-04-02 08:31:32+00:00,2026-05-15 23:02:45+00:00,2025-01-06 03:32:49+00:00,https://github.com/duoergun0729/nlp,2966,1,0.8388945062352544,0.22650602409638554
api-for-open-llm,xusenlinzy/api-for-open-llm,xusenlinzy,2463,277,2463,23,18696,Python,Apache License 2.0,True,True,True,False,False,14,210,2023-05-23 06:43:51+00:00,2026-05-15 21:19:02+00:00,2024-09-26 07:47:57+00:00,https://github.com/xusenlinzy/api-for-open-llm,1090,1,2.2575618698441797,0.11241883116883117
Algorithm_Interview_Notes-Chinese,DarLiner/Algorithm_Interview_Notes-Chinese,DarLiner,2462,516,2462,3,225248,Python,,True,True,True,False,False,0,193,2018-12-04 04:01:44+00:00,2026-05-16 12:21:15+00:00,2018-12-04 04:03:39+00:00,https://github.com/DarLiner/Algorithm_Interview_Notes-Chinese,2721,0,0.9044819985304923,0.2095006090133983
news-please,fhamborg/news-please,fhamborg,2450,453,2450,7,3140,Python,Apache License 2.0,True,False,True,True,False,20,90,2016-12-18 17:00:02+00:00,2026-05-15 07:50:29+00:00,2026-04-14 21:17:42+00:00,https://github.com/fhamborg/news-please,3436,1,0.7128309572301426,0.18482252141982863
alan-sdk-web,alan-ai/alan-sdk-web,alan-ai,2437,104,2437,37,65104,,,True,True,True,True,False,20,57,2019-10-23 12:17:16+00:00,2026-05-11 04:17:33+00:00,2026-05-06 16:52:58+00:00,https://github.com/alan-ai/alan-sdk-web,2397,6,1.0162635529608006,0.04265791632485644
aws-machine-learning-university-accelerated-nlp,aws-samples/aws-machine-learning-university-accelerated-nlp,aws-samples,2435,637,2435,2,81180,Jupyter Notebook,Other,True,True,True,False,False,7,74,2020-08-07 00:40:22+00:00,2026-05-11 20:05:14+00:00,2024-10-13 00:49:31+00:00,https://github.com/aws-samples/aws-machine-learning-university-accelerated-nlp,2109,5,1.1540284360189574,0.2614942528735632
spacy-course,explosion/spacy-course,explosion,2422,377,2422,14,9485,Python,MIT License,True,False,False,False,False,14,49,2019-04-15 11:17:06+00:00,2026-05-15 21:02:43+00:00,2025-02-07 07:51:14+00:00,https://github.com/explosion/spacy-course,2588,1,0.9354963306295867,0.15559224102352456
transformers_tasks,HarderThenHarder/transformers_tasks,HarderThenHarder,2422,401,2422,59,74567,Jupyter Notebook,,True,True,True,False,False,7,143,2022-11-13 07:21:21+00:00,2026-05-09 02:26:48+00:00,2023-09-29 10:58:39+00:00,https://github.com/HarderThenHarder/transformers_tasks,1280,8,1.8907103825136613,0.16549731737515477
bootcamp,milvus-io/bootcamp,milvus-io,2418,685,2418,9,128011,Jupyter Notebook,Apache License 2.0,True,True,True,False,False,15,152,2019-08-09 10:00:06+00:00,2026-05-16 22:21:08+00:00,2026-04-20 03:06:07+00:00,https://github.com/milvus-io/bootcamp,2472,0,0.9777598059037607,0.28317486564696154
RL4LMs,allenai/RL4LMs,allenai,2387,202,2387,53,30548,Python,Apache License 2.0,True,True,True,False,False,9,70,2022-08-18 05:29:16+00:00,2026-05-01 05:24:38+00:00,2024-03-01 14:03:46+00:00,https://github.com/allenai/RL4LMs,1368,16,1.7436084733382031,0.08458961474036851
Kashgari,BrikerMan/Kashgari,BrikerMan,2384,432,2384,28,15036,Python,Apache License 2.0,True,True,True,True,False,13,184,2019-01-19 01:53:28+00:00,2026-04-28 09:02:32+00:00,2024-09-03 21:05:29+00:00,https://github.com/BrikerMan/Kashgari,2675,18,0.890881913303438,0.1811320754716981
electra,google-research/electra,google-research,2370,349,2370,61,113,Python,Apache License 2.0,True,False,True,False,True,3,76,2020-03-10 03:42:50+00:00,2026-05-10 07:03:10+00:00,2024-03-23 03:59:14+00:00,https://github.com/google-research/electra,2259,6,1.0486725663716814,0.14719527625474482
awesome-chatgpt,eon01/awesome-chatgpt,eon01,2368,191,2368,24,1146,,Other,True,True,True,False,False,18,152,2022-12-20 16:14:19+00:00,2026-05-15 21:17:37+00:00,2026-03-30 19:44:35+00:00,https://github.com/eon01/awesome-chatgpt,1243,1,1.9035369774919615,0.08062473617560152
polyglot,aboSamoor/polyglot,aboSamoor,2367,340,2367,170,428,Python,Other,True,True,True,False,False,0,43,2014-06-30 02:07:45+00:00,2026-05-16 14:39:11+00:00,2023-11-10 03:06:08+00:00,https://github.com/aboSamoor/polyglot,4339,0,0.5453917050691244,0.14358108108108109
large_concept_model,facebookresearch/large_concept_model,facebookresearch,2359,208,2359,16,649,Python,MIT License,True,True,False,False,False,5,74,2024-12-12 21:59:57+00:00,2026-05-16 16:56:03+00:00,2025-01-29 05:57:33+00:00,https://github.com/facebookresearch/large_concept_model,520,0,4.527831094049904,0.08813559322033898
rasa_core,RasaHQ/rasa_core,RasaHQ,2341,991,2341,0,1059972,Python,Apache License 2.0,False,True,True,False,True,13,128,2017-09-18 12:07:12+00:00,2026-05-12 06:19:02+00:00,2019-06-05 08:22:16+00:00,https://github.com/RasaHQ/rasa_core,3162,5,0.7401201391084413,0.42314261315115287
decaNLP,salesforce/decaNLP,salesforce,2340,462,2340,22,849,Python,"BSD 3-Clause ""New"" or ""Revised"" License",True,True,True,True,True,3,61,2018-06-20 06:19:43+00:00,2026-05-09 13:14:01+00:00,2025-05-01 17:29:03+00:00,https://github.com/salesforce/decaNLP,2888,7,0.8099688473520249,0.19735155916275096
scattertext,JasonKessler/scattertext,JasonKessler,2329,285,2329,23,41314,Python,Apache License 2.0,True,True,True,True,False,20,70,2016-07-21 01:47:12+00:00,2026-05-11 19:57:04+00:00,2025-04-29 22:00:38+00:00,https://github.com/JasonKessler/scattertext,3587,5,0.649108138238573,0.1223175965665236
awesome-sentence-embedding,Separius/awesome-sentence-embedding,Separius,2288,263,2288,1,289,Python,GNU General Public License v3.0,True,False,False,True,True,18,64,2018-12-10 15:55:01+00:00,2026-05-16 08:13:14+00:00,2021-04-23 09:28:48+00:00,https://github.com/Separius/awesome-sentence-embedding,2714,0,0.8427255985267035,0.11489733508082133
named_entity_recognition,luopeixiang/named_entity_recognition,luopeixiang,2285,529,2285,40,29560,Python,,True,True,True,False,False,11,47,2019-03-21 16:13:59+00:00,2026-05-15 00:23:56+00:00,2022-06-21 21:48:08+00:00,https://github.com/luopeixiang/named_entity_recognition,2613,2,0.8741392501912777,0.23140857392825898
Introduction-NLP,NLP-LOVE/Introduction-NLP,NLP-LOVE,2266,546,2266,10,6322,Python,Apache License 2.0,True,True,True,False,False,4,130,2020-02-03 06:28:31+00:00,2026-05-11 02:14:28+00:00,2026-01-09 15:18:42+00:00,https://github.com/NLP-LOVE/Introduction-NLP,2295,6,0.9869337979094077,0.24084693427437143
Information-Extraction-Chinese,crownpku/Information-Extraction-Chinese,crownpku,2266,801,2266,120,82730,Python,,True,True,True,False,False,5,107,2017-08-09 09:52:31+00:00,2026-05-14 08:34:28+00:00,2024-02-01 21:01:38+00:00,https://github.com/crownpku/Information-Extraction-Chinese,3202,2,0.7074617546050578,0.3533303925893251
TigerBot,TigerResearch/TigerBot,TigerResearch,2265,189,2265,45,77789,Python,Apache License 2.0,True,True,True,False,False,5,41,2023-05-12 03:10:13+00:00,2026-05-16 21:08:03+00:00,2024-12-28 06:07:56+00:00,https://github.com/TigerResearch/TigerBot,1101,0,2.0553539019963702,0.08340688437775816
mt-dnn,namisan/mt-dnn,namisan,2256,408,2256,24,2061,Python,MIT License,True,True,True,True,False,10,66,2019-02-19 22:58:26+00:00,2026-05-10 07:07:10+00:00,2024-03-07 16:23:07+00:00,https://github.com/namisan/mt-dnn,2643,6,0.8532526475037822,0.18077093486929552
BERT-NER-Pytorch,lonePatient/BERT-NER-Pytorch,lonePatient,2243,434,2243,69,498,Python,MIT License,True,True,True,False,False,12,68,2019-02-12 05:12:07+00:00,2026-05-17 01:21:04+00:00,2023-03-11 03:14:55+00:00,https://github.com/lonePatient/BERT-NER-Pytorch,2651,0,0.8457767722473605,0.19340463458110516
docspell,eikek/docspell,eikek,2243,176,2243,229,142344,Elm,GNU Affero General Public License v3.0,True,True,True,True,False,16,117,2019-07-16 20:34:57+00:00,2026-05-16 07:58:59+00:00,2026-05-10 16:53:09+00:00,https://github.com/eikek/docspell,2496,0,0.8982779335202242,0.0784313725490196
NLPer-Arsenal,TingFree/NLPer-Arsenal,TingFree,2242,248,2242,1,12042,Python,MIT License,True,True,True,False,False,7,73,2020-05-27 10:51:10+00:00,2026-04-30 16:09:30+00:00,2023-08-29 16:20:03+00:00,https://github.com/TingFree/NLPer-Arsenal,2180,16,1.0279688216414489,0.11056620597414177
textacy,chartbeat-labs/textacy,chartbeat-labs,2241,247,2241,35,32964,Python,Other,True,False,False,False,False,4,27,2016-02-03 16:52:45+00:00,2026-04-25 21:41:44+00:00,2023-09-22 23:38:28+00:00,https://github.com/chartbeat-labs/textacy,3755,21,0.5966453674121406,0.11016949152542373
AntiFraudChatBot,Turing-Project/AntiFraudChatBot,Turing-Project,2231,421,2231,19,2475,Python,Apache License 2.0,True,True,True,False,False,0,67,2022-11-30 05:22:55+00:00,2026-05-16 08:00:08+00:00,2023-02-16 01:40:57+00:00,https://github.com/Turing-Project/AntiFraudChatBot,1264,0,1.7636363636363637,0.1886200716845878
PyTorch-NLP,PetrochukM/PyTorch-NLP,PetrochukM,2229,255,2229,24,13169,Python,"BSD 3-Clause ""New"" or ""Revised"" License",True,True,True,False,True,15,61,2018-02-25 05:00:36+00:00,2026-05-12 17:15:09+00:00,2023-07-04 21:11:26+00:00,https://github.com/PetrochukM/PyTorch-NLP,3003,4,0.7420106524633822,0.11434977578475336
pytextrank,DerwenAI/pytextrank,DerwenAI,2212,334,2212,26,1710,Python,MIT License,True,True,False,False,False,11,81,2016-10-02 18:39:12+00:00,2026-04-27 15:17:10+00:00,2026-04-22 03:52:41+00:00,https://github.com/DerwenAI/pytextrank,3513,19,0.6294820717131474,0.1509263443289652
KG-LLM-Papers,zjukg/KG-LLM-Papers,zjukg,2188,156,2188,7,168,,MIT License,True,True,True,False,False,15,87,2023-06-12 03:26:14+00:00,2026-05-16 08:14:46+00:00,2026-03-02 20:23:03+00:00,https://github.com/zjukg/KG-LLM-Papers,1070,0,2.0429505135387487,0.07126541799908634
DL4NLP,andrewt3000/DL4NLP,andrewt3000,2185,456,2185,4,243,,,True,True,True,False,False,0,31,2015-10-16 18:06:47+00:00,2026-05-02 11:10:22+00:00,2019-03-29 00:09:29+00:00,https://github.com/andrewt3000/DL4NLP,3865,14,0.5651836523538541,0.20860018298261665
EasyNLP,alibaba/EasyNLP,alibaba,2180,257,2180,49,20881,Python,Apache License 2.0,True,True,True,False,False,14,52,2022-04-06 09:09:51+00:00,2026-05-08 23:05:48+00:00,2024-11-27 07:51:25+00:00,https://github.com/alibaba/EasyNLP,1501,8,1.451398135818908,0.1178358551123338
beir,beir-cellar/beir,beir-cellar,2180,244,2180,77,40758,Python,Apache License 2.0,True,True,True,False,False,19,118,2021-01-18 09:55:54+00:00,2026-05-16 18:29:44+00:00,2025-10-16 06:38:03+00:00,https://github.com/beir-cellar/beir,1944,0,1.1208226221079691,0.11187528656579551
xlstm,NX-AI/xlstm,NX-AI,2159,184,2159,56,276,Python,Apache License 2.0,True,True,False,False,False,6,33,2024-05-08 14:29:53+00:00,2026-05-15 19:58:21+00:00,2025-11-04 15:41:55+00:00,https://github.com/NX-AI/xlstm,738,1,2.921515561569689,0.08518518518518518
sparseml,neuralmagic/sparseml,neuralmagic,2144,156,2144,1,19361,Python,Apache License 2.0,True,False,False,False,True,19,125,2020-12-11 14:07:30+00:00,2026-05-09 02:59:21+00:00,2025-06-02 20:02:18+00:00,https://github.com/neuralmagic/sparseml,1982,8,1.0811901159858799,0.07272727272727272
DataScienceR,ujjwalkarn/DataScienceR,ujjwalkarn,2128,880,2128,7,16514,R,MIT License,True,True,True,False,False,4,73,2014-10-08 07:29:44+00:00,2026-05-17 04:34:51+00:00,2023-03-10 11:06:16+00:00,https://github.com/ujjwalkarn/DataScienceR,4238,0,0.502005189903279,0.41333959605448567
ABSA-PyTorch,songyouwei/ABSA-PyTorch,songyouwei,2110,523,2110,96,3887,Python,MIT License,True,True,True,False,True,7,81,2018-05-09 14:49:33+00:00,2026-05-16 03:45:25+00:00,2023-06-12 21:30:16+00:00,https://github.com/songyouwei/ABSA-PyTorch,2929,1,0.7201365187713311,0.24774988157271435
sru,asappresearch/sru,asappresearch,2109,304,2109,69,1030,Python,MIT License,True,True,True,False,False,4,64,2017-08-28 20:37:41+00:00,2026-05-11 09:39:09+00:00,2022-01-04 21:17:53+00:00,https://github.com/asappresearch/sru,3183,5,0.6623743718592965,0.14407582938388624
ecco,jalammar/ecco,jalammar,2096,178,2096,38,4252,Jupyter Notebook,"BSD 3-Clause ""New"" or ""Revised"" License",True,True,True,True,False,6,223,2020-11-07 10:06:34+00:00,2026-05-10 17:57:41+00:00,2024-08-15 19:08:06+00:00,https://github.com/jalammar/ecco,2016,6,1.0391670798215171,0.08488316642823081
kcws,koth/kcws,koth,2071,633,2071,44,14014,C++,,True,True,True,False,False,5,35,2016-11-25 00:17:50+00:00,2026-05-11 06:40:07+00:00,2018-05-18 03:22:58+00:00,https://github.com/koth/kcws,3460,6,0.5983819705287489,0.3055019305019305
research_tao,zibuyu/research_tao,zibuyu,2062,253,2062,0,11515,,MIT License,True,True,True,False,False,0,9,2019-04-07 13:41:59+00:00,2026-05-11 03:15:44+00:00,2019-11-26 07:08:27+00:00,https://github.com/zibuyu/research_tao,2596,6,0.7939930689256834,0.12263693650024236
model2vec,MinishLab/model2vec,MinishLab,2062,121,2062,2,6326,Python,MIT License,True,True,False,False,False,8,39,2024-07-18 10:33:59+00:00,2026-05-16 20:33:20+00:00,2026-05-06 08:01:14+00:00,https://github.com/MinishLab/model2vec,667,0,3.086826347305389,0.05865244789142026
PyTorchNLPBook,delip/PyTorchNLPBook,delip,2053,812,2053,26,8106,Jupyter Notebook,Apache License 2.0,True,True,True,False,False,9,119,2019-01-24 01:18:13+00:00,2026-04-23 08:00:42+00:00,2023-03-12 18:45:11+00:00,https://github.com/delip/PyTorchNLPBook,2670,23,0.7686259827779858,0.3953261927945472
checklist,marcotcr/checklist,marcotcr,2051,209,2051,11,131068,Jupyter Notebook,MIT License,True,True,True,False,False,0,64,2020-03-09 17:18:49+00:00,2026-05-15 04:43:53+00:00,2024-01-09 01:46:07+00:00,https://github.com/marcotcr/checklist,2259,2,0.9075221238938053,0.10185185185185185
AliceMind,alibaba/AliceMind,alibaba,2044,299,2044,42,27123,Python,Apache License 2.0,True,True,True,False,False,4,85,2021-05-21 13:04:50+00:00,2026-05-11 14:00:45+00:00,2024-03-19 01:51:23+00:00,https://github.com/alibaba/AliceMind,1821,5,1.1218441273326016,0.14621026894865527
The-NLP-Pandect,ivan-bilan/The-NLP-Pandect,ivan-bilan,2038,280,2038,0,1312,Python,Creative Commons Zero v1.0 Universal,True,True,True,False,False,6,79,2020-05-31 14:04:29+00:00,2026-05-08 01:09:13+00:00,2025-10-12 21:24:00+00:00,https://github.com/ivan-bilan/The-NLP-Pandect,2176,9,0.936150666054203,0.1373222167729279
ABigSurvey,NiuTrans/ABigSurvey,NiuTrans,2033,246,2033,3,1828,,GNU General Public License v3.0,True,True,True,False,False,6,99,2020-07-17 05:57:36+00:00,2026-04-10 04:55:16+00:00,2024-03-31 12:43:28+00:00,https://github.com/NiuTrans/ABigSurvey,2130,37,0.9540122008446739,0.12094395280235988
docext,NanoNets/docext,NanoNets,2018,143,2018,21,7065,Python,Apache License 2.0,True,True,True,False,False,20,131,2025-03-25 03:56:46+00:00,2026-05-17 05:42:54+00:00,2026-03-17 09:41:55+00:00,https://github.com/NanoNets/docext,418,0,4.816229116945108,0.070827142149579
alpaca_eval,tatsu-lab/alpaca_eval,tatsu-lab,1985,309,1985,29,315007,Jupyter Notebook,Apache License 2.0,True,True,True,True,False,8,113,2023-05-25 09:35:28+00:00,2026-05-13 04:37:50+00:00,2025-08-09 07:23:36+00:00,https://github.com/tatsu-lab/alpaca_eval,1087,4,1.8244485294117647,0.1555891238670695
Chinese-LLaMA-Alpaca-3,ymcui/Chinese-LLaMA-Alpaca-3,ymcui,1973,170,1973,2,1624,Python,Apache License 2.0,True,False,True,False,False,8,62,2023-11-09 08:11:19+00:00,2026-05-15 09:41:39+00:00,2026-04-19 00:59:15+00:00,https://github.com/ymcui/Chinese-LLaMA-Alpaca-3,919,1,2.1445652173913046,0.08611955420466058
scispacy,allenai/scispacy,allenai,1958,253,1958,61,248887,Python,Apache License 2.0,True,True,True,True,False,6,69,2018-09-24 21:45:52+00:00,2026-05-16 20:41:13+00:00,2025-12-04 07:49:16+00:00,https://github.com/allenai/scispacy,2791,0,0.7012893982808023,0.12914752424706483
Awesome-LM-SSP,CryptoAILab/Awesome-LM-SSP,CryptoAILab,1958,139,1958,7,2901,,Apache License 2.0,True,True,True,False,False,11,109,2024-01-09 04:17:50+00:00,2026-05-16 02:45:00+00:00,2026-05-02 03:26:01+00:00,https://github.com/CryptoAILab/Awesome-LM-SSP,859,1,2.2767441860465114,0.0709545686574783
DeepLearningForNLPInPytorch,rguthrie3/DeepLearningForNLPInPytorch,rguthrie3,1953,459,1953,9,81,Jupyter Notebook,MIT License,True,True,True,False,False,6,110,2017-03-04 18:50:58+00:00,2026-04-21 05:09:23+00:00,2023-01-22 21:41:03+00:00,https://github.com/rguthrie3/DeepLearningForNLPInPytorch,3360,26,0.5810770603986909,0.23490276356192427
sling,google/sling,google,1930,266,1930,1,5425,C++,Apache License 2.0,True,False,False,False,True,7,49,2017-04-25 10:47:40+00:00,2026-04-24 06:04:06+00:00,2021-01-22 21:43:36+00:00,https://github.com/google/sling,3308,23,0.5832577818071925,0.13775245986535473
NeuralNLP-NeuralClassifier,Tencent/NeuralNLP-NeuralClassifier,Tencent,1921,404,1921,3,11885,Python,Other,True,True,True,False,False,0,74,2019-07-04 08:16:11+00:00,2026-05-08 20:27:47+00:00,2025-11-18 08:56:25+00:00,https://github.com/Tencent/NeuralNLP-NeuralClassifier,2508,8,0.7656436827421284,0.21019771071800208
typed-japanese,typedgrammar/typed-japanese,typedgrammar,1921,21,1921,4,185,TypeScript,MIT License,True,True,True,False,False,12,40,2025-03-18 04:40:52+00:00,2026-05-13 21:03:13+00:00,2025-03-29 17:13:22+00:00,https://github.com/typedgrammar/typed-japanese,425,3,4.509389671361502,0.010926118626430802
fast-bert,appvision-ai/fast-bert,appvision-ai,1919,340,1919,162,2205,Python,Apache License 2.0,True,True,True,False,False,4,44,2019-04-18 22:01:20+00:00,2026-05-08 17:28:01+00:00,2024-08-19 09:41:38+00:00,https://github.com/appvision-ai/fast-bert,2585,8,0.7420726991492653,0.17708333333333334
nlpcda,425776024/nlpcda,425776024,1882,171,1882,23,1105,Python,Apache License 2.0,True,True,True,False,False,5,51,2019-12-29 04:33:10+00:00,2026-04-30 08:57:15+00:00,2025-03-18 08:26:13+00:00,https://github.com/425776024/nlpcda,2331,16,0.807032590051458,0.09081253319171535
.github,gege-circle/.github,gege-circle,1878,151,1878,919,1706,,,False,False,False,False,False,8,63267,2020-09-20 04:47:25+00:00,2026-05-16 16:15:13+00:00,2025-10-04 07:56:18+00:00,https://github.com/gege-circle/.github,2065,0,0.9090029041626331,0.08036189462480042
How-to-use-Transformers,jsksxs360/How-to-use-Transformers,jsksxs360,1872,226,1872,13,21117,Python,Apache License 2.0,True,True,True,True,False,13,20,2022-09-19 07:07:34+00:00,2026-05-16 08:00:39+00:00,2026-02-24 06:26:48+00:00,https://github.com/jsksxs360/How-to-use-Transformers,1335,0,1.401197604790419,0.1206620395088094
spacy-models,explosion/spacy-models,explosion,1866,316,1866,0,7129,Python,,False,False,False,False,False,8,65,2017-03-14 11:15:20+00:00,2026-05-15 11:05:02+00:00,2026-03-20 10:26:17+00:00,https://github.com/explosion/spacy-models,3350,1,0.5568487018800358,0.16925549009105517
sie,superlinked/sie,superlinked,1855,155,1855,0,45401,Python,Apache License 2.0,True,False,True,False,False,20,129,2023-11-07 10:45:53+00:00,2026-05-16 23:37:01+00:00,2026-05-14 19:49:33+00:00,https://github.com/superlinked/sie,921,0,2.011930585683297,0.08351293103448276
LLMCompiler,SqueezeAILab/LLMCompiler,SqueezeAILab,1851,135,1851,7,384,Python,MIT License,True,True,False,False,False,14,70,2023-12-06 21:12:54+00:00,2026-05-15 09:50:53+00:00,2024-07-10 04:39:34+00:00,https://github.com/SqueezeAILab/LLMCompiler,892,1,2.072788353863382,0.07289416846652268
spago,nlpodyssey/spago,nlpodyssey,1850,89,1850,13,20438,Go,"BSD 2-Clause ""Simplified"" License",True,True,False,False,False,19,77,2020-01-05 20:39:29+00:00,2026-05-16 07:46:30+00:00,2025-04-01 10:17:42+00:00,https://github.com/nlpodyssey/spago,2323,0,0.7960413080895009,0.04808211777417612
awesome-bert,Jiakui/awesome-bert,Jiakui,1844,347,1844,5,178,,,True,True,True,False,False,4,108,2018-11-22 03:18:32+00:00,2026-04-20 13:22:00+00:00,2021-03-21 03:06:33+00:00,https://github.com/Jiakui/awesome-bert,2733,26,0.6744696415508412,0.1880758807588076
contextgem,shcherbak-ai/contextgem,shcherbak-ai,1843,156,1843,0,65683,Python,Apache License 2.0,True,True,False,True,False,18,52,2024-10-11 20:36:09+00:00,2026-05-17 03:52:15+00:00,2026-05-07 18:40:40+00:00,https://github.com/shcherbak-ai/contextgem,582,0,3.1612349914236706,0.08459869848156182
awesome-knowledge-graph,totogo/awesome-knowledge-graph,totogo,1839,167,1839,17,129,,,True,True,True,False,False,5,98,2019-02-03 09:25:08+00:00,2026-05-14 19:44:53+00:00,2026-02-28 05:57:39+00:00,https://github.com/totogo/awesome-knowledge-graph,2659,2,0.6913533834586466,0.0907608695652174
nlp_tutorial,leerumor/nlp_tutorial,leerumor,1834,305,1834,2,203,,,True,True,True,False,False,0,57,2020-12-21 16:16:10+00:00,2026-05-09 06:24:18+00:00,2022-10-16 06:57:52+00:00,https://github.com/leerumor/nlp_tutorial,1972,8,0.9295489102889002,0.16621253405994552
AlgoNotes,shenweichen/AlgoNotes,shenweichen,1819,245,1819,0,387,,,True,True,True,False,False,0,76,2020-10-14 13:56:18+00:00,2026-05-08 02:27:11+00:00,2022-12-24 12:35:17+00:00,https://github.com/shenweichen/AlgoNotes,2040,9,0.8912297893189612,0.1346153846153846
QA-Survey-CN,BDBC-KG-NLP/QA-Survey-CN,BDBC-KG-NLP,1815,261,1815,1,25096,,,True,True,True,False,False,9,152,2020-04-28 08:39:58+00:00,2026-05-14 12:59:26+00:00,2023-04-06 09:45:07+00:00,https://github.com/BDBC-KG-NLP/QA-Survey-CN,2209,2,0.8212669683257918,0.14372246696035243
ChineseNLP,didi/ChineseNLP,didi,1813,263,1813,8,896,HTML,,True,True,True,True,True,7,53,2019-05-16 03:44:01+00:00,2026-05-16 03:26:57+00:00,2022-04-07 22:30:06+00:00,https://github.com/didi/ChineseNLP,2558,1,0.7084798749511528,0.14498346196251377
Keras-TextClassification,yongzhuo/Keras-TextClassification,yongzhuo,1812,399,1812,4,615,Python,MIT License,True,True,True,False,False,20,346,2019-06-13 15:02:31+00:00,2026-05-16 06:12:49+00:00,2024-06-17 22:45:14+00:00,https://github.com/yongzhuo/Keras-TextClassification,2529,1,0.7162055335968379,0.22007722007722008
nltk_data,nltk/nltk_data,nltk,1810,1091,1810,52,1022909,Python,Apache License 2.0,True,True,True,True,False,5,9,2012-05-10 10:44:20+00:00,2026-05-13 11:52:44+00:00,2026-01-09 10:42:15+00:00,https://github.com/nltk/nltk_data,5119,3,0.353515625,0.6024295969077857
Awesome-pytorch-list-CNVersion,xavier-zy/Awesome-pytorch-list-CNVersion,xavier-zy,1791,404,1791,0,1218,Jupyter Notebook,,True,True,True,False,False,19,34,2019-09-04 07:39:42+00:00,2026-05-09 03:36:20+00:00,2021-07-26 10:55:25+00:00,https://github.com/xavier-zy/Awesome-pytorch-list-CNVersion,2446,8,0.7319166326113609,0.22544642857142858
ChineseGLUE,ChineseGLUE/ChineseGLUE,ChineseGLUE,1786,246,1786,22,2777,Python,,True,True,True,False,False,8,119,2019-10-05 16:47:16+00:00,2026-05-13 14:42:02+00:00,2023-02-18 17:35:23+00:00,https://github.com/ChineseGLUE/ChineseGLUE,2415,3,0.7392384105960265,0.13766088416340236
NLP-Models-Tensorflow,mesolitica/NLP-Models-Tensorflow,mesolitica,1780,714,1780,8,48393,Jupyter Notebook,MIT License,True,True,True,False,True,16,102,2018-04-23 12:04:17+00:00,2026-05-16 20:57:11+00:00,2020-07-20 09:04:56+00:00,https://github.com/mesolitica/NLP-Models-Tensorflow,2945,0,0.6042090970807875,0.4008983717012914
fastRAG,IntelLabs/fastRAG,IntelLabs,1779,168,1779,4,21437,Python,Apache License 2.0,True,True,True,False,True,14,57,2023-01-23 16:25:35+00:00,2026-05-11 04:38:33+00:00,2026-01-12 19:58:22+00:00,https://github.com/IntelLabs/fastRAG,1209,6,1.4702479338842975,0.09438202247191012
Recognizers-Text,microsoft/Recognizers-Text,microsoft,1778,436,1778,225,51600,C#,MIT License,True,True,True,False,False,16,309,2017-04-17 19:45:47+00:00,2026-05-16 08:18:04+00:00,2026-04-17 06:19:03+00:00,https://github.com/microsoft/Recognizers-Text,3316,0,0.5360265299969852,0.2450815064643058
kaggle-CrowdFlower,ChenglongChen/kaggle-CrowdFlower,ChenglongChen,1771,652,1771,1,6749,C++,,True,True,True,False,False,12,90,2015-07-12 06:41:27+00:00,2026-05-01 14:25:59+00:00,2021-09-25 02:32:49+00:00,https://github.com/ChenglongChen/kaggle-CrowdFlower,3962,15,0.4468836739843553,0.36794582392776526
NLP-Knowledge-Graph,lihanghang/NLP-Knowledge-Graph,lihanghang,1760,371,1760,1,555091,,MIT License,True,True,True,False,False,14,29,2019-01-29 12:15:57+00:00,2026-05-15 07:13:27+00:00,2025-02-08 11:30:03+00:00,https://github.com/lihanghang/NLP-Knowledge-Graph,2664,1,0.6604127579737336,0.21067575241340147
transfer-learning-conv-ai,huggingface/transfer-learning-conv-ai,huggingface,1759,429,1759,69,57,Python,MIT License,True,True,True,False,False,9,59,2019-05-07 12:51:08+00:00,2026-05-14 19:07:47+00:00,2023-06-12 21:27:49+00:00,https://github.com/huggingface/transfer-learning-conv-ai,2566,2,0.6852356836774445,0.24375
Research,PaddlePaddle/Research,PaddlePaddle,1756,773,1756,137,303197,Python,Apache License 2.0,True,True,True,False,False,6,52,2020-02-13 09:49:34+00:00,2026-05-11 12:30:42+00:00,2024-08-16 02:42:22+00:00,https://github.com/PaddlePaddle/Research,2284,5,0.7684901531728665,0.43995446784291403
paperai,neuml/paperai,neuml,1755,143,1755,0,2435,Python,Apache License 2.0,True,False,False,False,False,10,40,2020-07-21 18:33:30+00:00,2026-05-13 23:55:32+00:00,2025-07-09 11:09:36+00:00,https://github.com/neuml/paperai,2125,3,0.8254938852304797,0.08143507972665148
FARM,deepset-ai/FARM,deepset-ai,1754,247,1754,7,7304,Python,Apache License 2.0,True,True,True,False,True,14,132,2019-07-17 14:51:12+00:00,2026-04-06 01:58:51+00:00,2023-12-20 21:18:02+00:00,https://github.com/deepset-ai/FARM,2495,41,0.7027243589743589,0.14074074074074075
extractous,yobix-ai/extractous,yobix-ai,1751,95,1751,33,3022,Rust,Apache License 2.0,True,True,True,False,False,17,98,2024-06-04 08:24:18+00:00,2026-05-15 03:41:21+00:00,2024-12-21 10:13:30+00:00,https://github.com/yobix-ai/extractous,711,2,2.4592696629213484,0.05422374429223744
TextInfoExp,Roshanson/TextInfoExp,Roshanson,1731,759,1731,8,80285,Python,,True,True,True,False,False,2,49,2017-02-27 06:30:55+00:00,2026-05-11 14:01:40+00:00,2022-07-18 09:12:22+00:00,https://github.com/Roshanson/TextInfoExp,3366,5,0.5141075141075141,0.4382217090069284
nlp-in-python-tutorial,adashofdata/nlp-in-python-tutorial,adashofdata,1730,1360,1730,0,1751,Jupyter Notebook,,True,True,True,False,False,0,62,2018-07-24 15:48:27+00:00,2026-05-14 16:26:07+00:00,2026-02-13 18:02:06+00:00,https://github.com/adashofdata/nlp-in-python-tutorial,2853,2,0.606166783461808,0.7856730213749278
RAGHub,Andrew-Jang/RAGHub,Andrew-Jang,1727,161,1727,0,228,,MIT License,True,True,True,False,False,10,157,2024-10-02 12:07:52+00:00,2026-05-14 11:47:30+00:00,2026-05-10 03:19:21+00:00,https://github.com/Andrew-Jang/RAGHub,591,2,2.91722972972973,0.0931712962962963
underthesea,undertheseanlp/underthesea,undertheseanlp,1727,292,1727,36,184125,Python,Apache License 2.0,True,True,True,True,False,8,32,2017-03-01 10:24:26+00:00,2026-05-10 09:54:01+00:00,2026-05-16 22:44:33+00:00,https://github.com/undertheseanlp/underthesea,3363,6,0.5133769322235434,0.16898148148148148
TrendRadar,sansan0/TrendRadar,sansan0,57698,24308,57698,32,30545,Python,GNU General Public License v3.0,True,False,False,True,False,16,294,2025-04-28 11:42:16+00:00,2026-05-17 06:35:04+00:00,2026-05-15 12:08:17+00:00,https://github.com/sansan0/TrendRadar,383,0,150.25520833333334,0.42128979705020886
metabase,metabase/metabase,metabase,47346,6465,47346,4134,1876616,Clojure,Other,True,True,True,False,False,18,123,2015-02-02 19:25:47+00:00,2026-05-17 06:13:44+00:00,2026-05-17 06:13:34+00:00,https://github.com/metabase/metabase,4121,0,11.486171761280932,0.13654508205377322
CyberChef,gchq/CyberChef,gchq,34857,3947,34857,564,88953,JavaScript,Apache License 2.0,True,False,True,True,False,7,94,2016-11-28 10:34:07+00:00,2026-05-17 03:01:07+00:00,2026-05-16 10:08:57+00:00,https://github.com/gchq/CyberChef,3456,0,10.083019959502458,0.1132308221928969
pydata-book,wesm/pydata-book,wesm,24582,15694,24582,25,65264,Jupyter Notebook,Other,True,True,True,False,False,0,107,2012-06-30 18:39:12+00:00,2026-05-17 05:50:47+00:00,2025-10-17 13:19:14+00:00,https://github.com/wesm/pydata-book,5068,0,4.849477214440718,0.6384086563885611
dataease,dataease/dataease,dataease,23931,4108,23931,61,322409,Java,GNU General Public License v3.0,True,False,False,False,False,8,70,2021-02-02 04:10:21+00:00,2026-05-17 01:18:36+00:00,2026-05-15 11:21:18+00:00,https://github.com/dataease/dataease,1930,0,12.393060590367686,0.1716530168811633
scientific-agent-skills,K-Dense-AI/scientific-agent-skills,K-Dense-AI,23363,2500,23363,38,35691,Python,MIT License,True,False,False,False,False,17,101,2025-10-19 20:54:15+00:00,2026-05-17 06:43:26+00:00,2026-05-11 11:18:35+00:00,https://github.com/K-Dense-AI/scientific-agent-skills,209,0,111.25238095238095,0.10700222564629344
airbyte,airbytehq/airbyte,airbytehq,21268,5179,21268,1891,848001,Python,Other,True,True,False,False,False,20,159,2020-07-27 23:55:54+00:00,2026-05-17 05:53:13+00:00,2026-05-17 00:20:01+00:00,https://github.com/airbytehq/airbyte,2119,0,10.032075471698112,0.24349992947482252
goaccess,allinurl/goaccess,allinurl,20538,1176,20538,443,9250,C,MIT License,True,True,False,False,False,20,128,2013-07-14 03:42:08+00:00,2026-05-17 04:56:50+00:00,2026-04-23 22:31:12+00:00,https://github.com/allinurl/goaccess,4690,0,4.37817096567896,0.057256925848386
pygwalker,Kanaries/pygwalker,Kanaries,15772,863,15772,77,74887,Python,Apache License 2.0,True,True,True,True,False,9,73,2023-02-16 05:17:24+00:00,2026-05-16 14:59:00+00:00,2026-04-04 02:09:15+00:00,https://github.com/Kanaries/pygwalker,1186,0,13.287278854254422,0.05471375134723895
kepler.gl,keplergl/kepler.gl,keplergl,11823,1940,11823,536,47458,TypeScript,MIT License,True,True,True,False,False,5,87,2018-02-28 21:36:16+00:00,2026-05-16 21:17:20+00:00,2026-05-17 01:00:57+00:00,https://github.com/keplergl/kepler.gl,2999,0,3.941,0.16407307171853858
WeFlow,hicccc77/WeFlow,hicccc77,10022,2423,10022,37,152600,TypeScript,Other,True,True,False,False,False,5,29,2026-01-07 13:40:57+00:00,2026-05-17 06:42:14+00:00,2026-05-17 03:54:53+00:00,https://github.com/hicccc77/WeFlow,129,0,77.0923076923077,0.2417439888257009
pprof,google/pprof,google,9175,657,9175,56,6707,Go,Apache License 2.0,True,False,False,False,False,4,64,2016-01-29 01:52:07+00:00,2026-05-16 23:07:48+00:00,2026-05-07 01:37:55+00:00,https://github.com/google/pprof,3761,0,2.43886230728336,0.0715998256320837
python_for_data_analysis_2nd_chinese_version,iamseancheney/python_for_data_analysis_2nd_chinese_version,iamseancheney,8901,2751,8901,15,327,,,True,True,True,False,False,3,20,2018-06-22 02:29:56+00:00,2026-05-17 02:27:24+00:00,2026-05-13 06:46:35+00:00,https://github.com/iamseancheney/python_for_data_analysis_2nd_chinese_version,2886,0,3.0831312781434015,0.30903167827454503
gonum,gonum/gonum,gonum,8367,579,8367,246,16413,Go,"BSD 3-Clause ""New"" or ""Revised"" License",True,True,True,False,False,7,139,2017-03-25 14:54:38+00:00,2026-05-16 22:57:24+00:00,2026-05-04 06:42:49+00:00,https://github.com/gonum/gonum,3339,0,2.5050898203592813,0.06919216061185468
jimureport,jeecgboot/jimureport,jeecgboot,7935,1844,7935,11,105259,Java,GNU General Public License v3.0,True,True,True,False,False,20,99,2019-12-05 12:25:59+00:00,2026-05-16 05:06:28+00:00,2026-05-14 09:02:54+00:00,https://github.com/jeecgboot/jimureport,2354,1,3.3694267515923566,0.23235887096774194
enso,enso-org/enso,enso-org,7437,341,7437,305,131866,Java,Apache License 2.0,True,True,False,True,False,12,89,2016-12-16 17:23:37+00:00,2026-05-17 03:12:48+00:00,2026-05-15 14:55:48+00:00,https://github.com/enso-org/enso,3438,0,2.162547252108171,0.0458456574347943
alluxio,Alluxio/alluxio,Alluxio,7193,2945,7193,1040,205633,Java,Apache License 2.0,True,True,True,False,False,9,75,2012-12-21 17:43:46+00:00,2026-05-16 04:36:26+00:00,2025-04-29 16:46:58+00:00,https://github.com/Alluxio/alluxio,4894,1,1.469458631256384,0.4093689185432305
ChatGPT-AutoExpert,spdustin/ChatGPT-AutoExpert,spdustin,6652,465,6652,1,236,JavaScript,Other,True,True,False,False,False,0,107,2023-09-29 01:48:59+00:00,2026-05-15 21:19:57+00:00,2024-01-17 06:03:40+00:00,https://github.com/spdustin/ChatGPT-AutoExpert,961,1,6.914760914760914,0.06989328122651435
cloudquery,cloudquery/cloudquery,cloudquery,6405,544,6405,132,193853,Go,Mozilla Public License 2.0,True,True,False,False,False,20,195,2020-11-18 07:16:21+00:00,2026-05-17 05:35:09+00:00,2026-05-16 01:30:20+00:00,https://github.com/cloudquery/cloudquery,2005,0,3.192921236291127,0.084920387137059
ChatLab,ChatLab/ChatLab,ChatLab,6366,1352,6366,14,9606,TypeScript,GNU Affero General Public License v3.0,True,True,False,False,False,6,62,2025-11-26 05:54:26+00:00,2026-05-17 05:34:53+00:00,2026-05-15 16:17:19+00:00,https://github.com/ChatLab/ChatLab,172,0,36.797687861271676,0.21234490340819853
Kats,facebookresearch/Kats,facebookresearch,6303,618,6303,66,36804,Python,MIT License,True,True,False,True,False,0,270,2021-02-25 21:51:06+00:00,2026-05-15 00:49:51+00:00,2026-05-12 15:16:32+00:00,https://github.com/facebookresearch/Kats,1906,2,3.3051914001048766,0.09803299492385786
dev-setup,donnemartin/dev-setup,donnemartin,6260,1147,6260,35,424,Python,Other,True,True,True,False,False,20,313,2015-07-08 21:59:38+00:00,2026-05-16 15:54:27+00:00,2023-02-27 18:00:26+00:00,https://github.com/donnemartin/dev-setup,3965,0,1.578416540595058,0.18319757227279987
machine-learning-mindmap,dformoso/machine-learning-mindmap,dformoso,6253,1010,6253,5,15538,,Apache License 2.0,True,True,True,False,False,9,85,2017-08-10 04:29:24+00:00,2026-05-16 07:59:12+00:00,2020-05-30 07:34:20+00:00,https://github.com/dformoso/machine-learning-mindmap,3202,0,1.9522322822354043,0.16149664214902462
TaskWeaver,microsoft/TaskWeaver,microsoft,6163,776,6163,53,37379,Python,MIT License,True,True,True,True,True,7,99,2023-09-11 03:17:38+00:00,2026-05-15 21:19:51+00:00,2026-03-23 06:17:21+00:00,https://github.com/microsoft/TaskWeaver,979,1,6.288775510204082,0.12589227774172615
f1-race-replay,IAmTomShaw/f1-race-replay,IAmTomShaw,5790,776,5790,140,14180,Python,,True,True,True,False,False,3,88,2025-11-21 17:37:05+00:00,2026-05-17 03:24:54+00:00,2026-05-06 10:57:18+00:00,https://github.com/IAmTomShaw/f1-race-replay,176,0,32.71186440677966,0.13400103609048525
octosql,cube2222/octosql,cube2222,5257,212,5257,49,14011,Go,Mozilla Public License 2.0,True,True,True,True,False,13,127,2019-03-03 13:59:25+00:00,2026-05-16 13:30:35+00:00,2024-05-26 15:16:53+00:00,https://github.com/cube2222/octosql,2631,0,1.997340425531915,0.040319513122860404
Awesome-Geospatial,sacridini/Awesome-Geospatial,sacridini,5046,723,5046,0,1014,,Creative Commons Zero v1.0 Universal,True,True,True,True,False,15,43,2016-05-06 18:05:42+00:00,2026-05-17 04:19:02+00:00,2026-05-15 09:01:12+00:00,https://github.com/sacridini/Awesome-Geospatial,3662,0,1.3775593775593775,0.14325341787200316
interesting-python,Alfred1984/interesting-python,Alfred1984,4991,1628,4991,26,50029,Jupyter Notebook,,True,True,True,False,False,0,86,2018-03-16 02:54:02+00:00,2026-05-17 02:30:16+00:00,2021-07-06 08:19:33+00:00,https://github.com/Alfred1984/interesting-python,2984,0,1.6720268006700167,0.3261217948717949
whodb,clidey/whodb,clidey,4825,207,4825,18,45800,Go,Apache License 2.0,True,True,False,False,False,19,139,2024-06-11 10:10:59+00:00,2026-05-16 21:24:41+00:00,2026-05-16 09:14:29+00:00,https://github.com/clidey/whodb,704,0,6.843971631205674,0.042892664732697885
weibospider,SpiderClub/weibospider,SpiderClub,4790,1187,4790,18,77550,Python,MIT License,True,True,True,True,False,6,73,2016-06-27 07:02:06+00:00,2026-05-05 09:36:54+00:00,2020-07-11 04:35:54+00:00,https://github.com/SpiderClub/weibospider,3610,11,1.326502353918582,0.2477562095595909
esProc,SPLWare/esProc,SPLWare,4683,362,4683,50,1196352,Java,Apache License 2.0,True,True,True,False,False,6,159,2021-11-09 15:41:25+00:00,2026-05-15 21:15:47+00:00,2026-05-13 03:04:22+00:00,https://github.com/SPLWare/esProc,1649,1,2.8381818181818184,0.07728437233134074
pydata-notebook,BrambleXu/pydata-notebook,BrambleXu,4663,1618,4663,1,44923,Jupyter Notebook,,True,True,True,False,False,5,32,2017-10-22 01:03:56+00:00,2026-05-15 16:18:15+00:00,2018-05-08 12:39:43+00:00,https://github.com/BrambleXu/pydata-notebook,3129,1,1.489776357827476,0.34691252144082335
Rath,Kanaries/Rath,Kanaries,4650,381,4650,68,85809,TypeScript,GNU Affero General Public License v3.0,True,True,True,True,False,18,82,2019-08-28 14:21:25+00:00,2026-05-13 23:55:13+00:00,2026-03-10 13:18:22+00:00,https://github.com/Kanaries/Rath,2453,3,1.8948655256723717,0.08191786712534939
plotnine,has2k1/plotnine,has2k1,4564,248,4564,86,177403,Python,MIT License,True,True,True,True,False,5,32,2017-04-24 19:00:44+00:00,2026-05-15 17:51:32+00:00,2026-05-15 14:15:43+00:00,https://github.com/has2k1/plotnine,3309,1,1.3788519637462235,0.05432639649507119
age,apache/age,apache,4516,494,4516,198,48426,C,Apache License 2.0,True,True,True,False,False,8,119,2020-07-01 06:15:47+00:00,2026-05-17 06:42:10+00:00,2026-05-14 00:02:15+00:00,https://github.com/apache/age,2146,0,2.1034000931532373,0.10936462253708214
running_page,yihong0618/running_page,yihong0618,4460,1398,4460,53,93990,Python,MIT License,True,True,True,True,False,12,31,2020-09-17 05:59:22+00:00,2026-05-17 06:13:17+00:00,2026-05-11 14:00:35+00:00,https://github.com/yihong0618/running_page,2068,0,2.155630739487675,0.3133826496301278
briefer,briefercloud/briefer,briefercloud,4304,290,4304,70,68271,TypeScript,GNU Affero General Public License v3.0,True,True,False,False,False,15,167,2024-09-09 14:04:37+00:00,2026-05-14 19:50:52+00:00,2025-08-07 13:20:05+00:00,https://github.com/briefercloud/briefer,614,2,6.998373983739837,0.06736353077816493
missingno,ResidentMario/missingno,ResidentMario,4206,530,4206,15,10860,Python,MIT License,True,True,True,False,False,5,45,2016-03-27 15:18:50+00:00,2026-05-15 15:00:12+00:00,2024-05-14 18:30:13+00:00,https://github.com/ResidentMario/missingno,3702,1,1.1358358088036726,0.12598050867601615
mcp-server-chart,antvis/mcp-server-chart,antvis,4068,378,4068,6,379,TypeScript,MIT License,True,False,False,False,False,6,118,2025-04-25 09:10:06+00:00,2026-05-16 15:52:49+00:00,2026-05-06 07:58:59+00:00,https://github.com/antvis/mcp-server-chart,386,0,10.511627906976743,0.09289751781764562
L7,antvis/L7,antvis,4001,660,4001,207,301654,TypeScript,MIT License,True,False,False,True,False,14,74,2018-11-21 16:19:07+00:00,2026-05-13 23:54:57+00:00,2026-05-14 15:16:05+00:00,https://github.com/antvis/L7,2733,3,1.4634235552304315,0.16491754122938532
deepvariant,google/deepvariant,google,3703,787,3703,3,1139610,Python,"BSD 3-Clause ""New"" or ""Revised"" License",True,True,False,True,False,12,134,2017-11-23 01:56:22+00:00,2026-05-16 22:48:58+00:00,2026-03-19 04:57:17+00:00,https://github.com/google/deepvariant,3097,0,1.1952872821174951,0.2124730021598272
echotrace,ycccccccy/echotrace,ycccccccy,3599,651,3599,30,45165,,MIT License,True,True,True,False,False,5,154,2025-10-17 14:40:37+00:00,2026-05-17 02:51:04+00:00,2026-03-20 14:11:25+00:00,https://github.com/ycccccccy/echotrace,211,0,16.97641509433962,0.18083333333333335
VTable,VisActor/VTable,VisActor,3572,471,3572,650,170051,TypeScript,MIT License,True,True,True,False,False,20,141,2023-06-05 08:51:38+00:00,2026-05-15 16:07:40+00:00,2026-05-15 09:40:12+00:00,https://github.com/VisActor/VTable,1076,1,3.3166202414113277,0.13182199832073888
framework,observablehq/framework,observablehq,3476,194,3476,181,44260,TypeScript,ISC License,True,False,False,True,False,6,205,2023-09-27 21:06:30+00:00,2026-05-16 20:45:24+00:00,2026-05-15 21:33:09+00:00,https://github.com/observablehq/framework,962,0,3.6095534787123573,0.055795225769341386
Assemblies-of-putative-SARS-CoV2-spike-encoding-mRNA-sequences-for-vaccines-BNT-162b2-and-mRNA-1273,NAalytics/Assemblies-of-putative-SARS-CoV2-spike-encoding-mRNA-sequences-for-vaccines-BNT-162b2-and-mRNA-1273,NAalytics,3353,475,3353,2,492,,,True,True,True,False,False,0,5572,2021-03-24 01:50:41+00:00,2026-05-14 09:58:33+00:00,2021-12-14 23:40:15+00:00,https://github.com/NAalytics/Assemblies-of-putative-SARS-CoV2-spike-encoding-mRNA-sequences-for-vaccines-BNT-162b2-and-mRNA-1273,1880,2,1.7825624667729931,0.14162194394752534
DataSphereStudio,WeBankFinTech/DataSphereStudio,WeBankFinTech,3258,1039,3258,359,253668,Java,Apache License 2.0,True,True,False,False,False,20,224,2019-11-24 13:27:19+00:00,2026-05-12 05:52:48+00:00,2025-11-04 09:08:42+00:00,https://github.com/WeBankFinTech/DataSphereStudio,2365,5,1.3770076077768385,0.31880945075176437
pandas-datareader,pydata/pandas-datareader,pydata,3207,693,3207,150,12914,Python,Other,True,True,True,True,False,14,75,2015-01-15 00:34:19+00:00,2026-05-14 08:41:43+00:00,2025-04-03 13:46:30+00:00,https://github.com/pydata/pandas-datareader,4140,2,0.7744506157932867,0.2160224438902743
root,root-project/root,root-project,3204,1518,3204,702,1549806,C++,Other,True,True,False,False,False,16,93,2013-06-27 10:46:59+00:00,2026-05-16 22:03:47+00:00,2026-05-16 22:03:41+00:00,https://github.com/root-project/root,4706,0,0.6806883365200764,0.4736349453978159
awesome-TS-anomaly-detection,rob-med/awesome-TS-anomaly-detection,rob-med,3170,462,3170,5,144,,,True,True,True,False,False,8,67,2017-12-19 15:05:20+00:00,2026-05-16 20:39:15+00:00,2024-10-21 16:22:32+00:00,https://github.com/rob-med/awesome-TS-anomaly-detection,3070,0,1.032237056333442,0.1456953642384106
graphic-walker,Kanaries/graphic-walker,Kanaries,3125,181,3125,48,4439,TypeScript,Apache License 2.0,True,True,True,False,False,17,65,2022-09-27 10:02:28+00:00,2026-05-15 06:36:48+00:00,2026-04-30 07:03:12+00:00,https://github.com/Kanaries/graphic-walker,1327,2,2.3531626506024095,0.05790147152911068
Financial-Knowledge-Graphs,jm199504/Financial-Knowledge-Graphs,jm199504,3094,567,3094,10,18215,Jupyter Notebook,,True,True,True,False,False,5,42,2019-06-27 01:39:14+00:00,2026-05-16 03:40:07+00:00,2024-07-07 12:38:04+00:00,https://github.com/jm199504/Financial-Knowledge-Graphs,2516,1,1.2292411601112436,0.18319870759289175
ChartGPU,ChartGPU/ChartGPU,ChartGPU,3092,92,3092,10,15401,TypeScript,MIT License,True,True,False,True,False,16,53,2026-01-17 00:52:00+00:00,2026-05-16 15:31:42+00:00,2026-05-01 16:25:26+00:00,https://github.com/ChartGPU/ChartGPU,120,0,25.553719008264462,0.029744584545748465
incubator-devlake,apache/incubator-devlake,apache,3006,743,3006,50,59799,Go,Apache License 2.0,True,False,False,False,False,16,215,2021-07-08 12:06:09+00:00,2026-05-16 13:38:14+00:00,2026-05-16 15:33:47+00:00,https://github.com/apache/incubator-devlake,1773,0,1.6944757609921082,0.24709012304622546
datastation,multiprocessio/datastation,multiprocessio,2961,112,2961,38,162412,TypeScript,Other,True,True,True,False,False,20,83,2021-06-11 19:29:06+00:00,2026-05-09 22:54:31+00:00,2023-11-10 18:44:29+00:00,https://github.com/multiprocessio/datastation,1800,7,1.6440866185452527,0.03781228899392303
100-pandas-puzzles,ajcr/100-pandas-puzzles,ajcr,2947,3934,2947,36,168,Jupyter Notebook,MIT License,True,True,True,False,False,4,89,2015-11-21 20:09:52+00:00,2026-05-16 17:51:04+00:00,2024-07-10 16:50:05+00:00,https://github.com/ajcr/100-pandas-puzzles,3829,0,0.7694516971279374,1.3344640434192674
pypika,kayak/pypika,kayak,2909,330,2909,231,1360,Python,Apache License 2.0,True,True,True,False,False,8,223,2016-07-06 14:08:50+00:00,2026-05-15 06:22:43+00:00,2026-02-04 11:27:09+00:00,https://github.com/kayak/pypika,3601,2,0.8076068850638534,0.1134020618556701
streamalert,airbnb/streamalert,airbnb,2887,325,2887,90,44430,Python,Apache License 2.0,True,False,False,False,False,8,189,2017-01-22 01:10:56+00:00,2026-05-03 20:50:24+00:00,2023-10-23 17:15:34+00:00,https://github.com/airbnb/streamalert,3402,13,0.8483690861004995,0.11253462603878116
evadb,georgia-tech-db/evadb,georgia-tech-db,2678,263,2678,142,162703,Python,Apache License 2.0,True,True,True,True,True,17,35,2018-09-10 02:26:03+00:00,2026-05-17 04:29:35+00:00,2024-05-17 16:33:06+00:00,https://github.com/georgia-tech-db/evadb,2806,0,0.9540434627716423,0.09817095931317656
secretflow,secretflow/secretflow,secretflow,2661,476,2661,95,210786,Python,Apache License 2.0,True,True,True,False,False,11,77,2022-04-15 09:07:44+00:00,2026-05-15 23:33:30+00:00,2026-04-24 07:57:55+00:00,https://github.com/secretflow/secretflow,1492,1,1.78231748158071,0.17881292261457551
Scumblr,Netflix-Skunkworks/Scumblr,Netflix-Skunkworks,2645,314,2645,38,1914,Ruby,Apache License 2.0,True,True,True,False,False,1,117,2014-08-06 04:59:55+00:00,2026-05-15 16:02:18+00:00,2020-01-10 06:38:50+00:00,https://github.com/Netflix-Skunkworks/Scumblr,4302,1,0.6146874273762492,0.11866969009826153
rill,rilldata/rill,rilldata,2624,171,2624,230,627190,Go,Apache License 2.0,True,True,True,False,False,19,61,2021-12-09 03:10:31+00:00,2026-05-15 21:15:53+00:00,2026-05-15 16:37:54+00:00,https://github.com/rilldata/rill,1620,1,1.618753855644664,0.06514285714285714
QuantMuse,0xemmkty/QuantMuse,0xemmkty,2524,534,2524,7,427,Python,MIT License,True,True,True,False,False,3,125,2025-01-15 03:48:52+00:00,2026-05-17 02:37:19+00:00,2025-07-29 00:34:31+00:00,https://github.com/0xemmkty/QuantMuse,487,0,5.172131147540983,0.21148514851485148
AAChartKit-Swift,AAChartModel/AAChartKit-Swift,AAChartModel,2522,264,2522,160,4732,Swift,MIT License,True,True,True,True,False,20,419,2017-04-18 10:43:14+00:00,2026-05-11 07:08:44+00:00,2026-04-22 03:38:34+00:00,https://github.com/AAChartModel/AAChartKit-Swift,3315,5,0.7605548854041013,0.10463733650416171
vulnx,projectdiscovery/vulnx,projectdiscovery,2504,183,2504,15,40780,Go,MIT License,True,True,True,False,False,0,103,2023-10-02 19:02:02+00:00,2026-05-17 05:22:32+00:00,2026-05-11 17:47:25+00:00,https://github.com/projectdiscovery/vulnx,957,0,2.613778705636743,0.07305389221556886
sqliteviz,lana-k/sqliteviz,lana-k,2344,134,2344,20,128407,JavaScript,Apache License 2.0,True,True,True,True,False,10,62,2020-09-20 19:55:31+00:00,2026-05-12 14:22:31+00:00,2026-04-15 20:17:54+00:00,https://github.com/lana-k/sqliteviz,2064,4,1.1351089588377723,0.05714285714285714
elementary,elementary-data/elementary,elementary-data,2341,217,2341,84,243083,HTML,Apache License 2.0,True,True,True,False,False,17,179,2021-08-30 08:45:23+00:00,2026-05-16 02:27:32+00:00,2026-05-14 13:38:33+00:00,https://github.com/elementary-data/elementary,1720,1,1.3602556653108657,0.09265584970111017
tabix,tabixio/tabix,tabixio,2296,267,2296,46,37230,TypeScript,Other,True,False,False,False,False,9,11,2017-03-07 15:17:55+00:00,2026-05-05 21:51:47+00:00,2023-01-15 20:02:30+00:00,https://github.com/tabixio/tabix,3357,11,0.6837403216200119,0.11623857205050066
datart,running-elephant/datart,running-elephant,2284,651,2284,414,21493,TypeScript,Apache License 2.0,True,True,True,False,False,20,60,2021-10-15 09:50:39+00:00,2026-05-13 06:25:54+00:00,2025-02-10 07:50:01+00:00,https://github.com/running-elephant/datart,1674,4,1.3635820895522388,0.2849015317286652
BDA_course_Aalto,avehtari/BDA_course_Aalto,avehtari,2270,567,2270,1,537219,TeX,,True,True,True,True,False,6,38,2018-09-07 14:11:11+00:00,2026-05-14 20:20:42+00:00,2026-05-14 20:25:22+00:00,https://github.com/avehtari/BDA_course_Aalto,2808,2,0.8081167675329298,0.24966974900924702
Algo_Ds_Notes,jainaman224/Algo_Ds_Notes,jainaman224,2264,2065,2264,225,2787,C++,GNU General Public License v3.0,True,False,False,False,False,5,277,2016-06-18 09:38:35+00:00,2026-05-06 10:52:21+00:00,2023-10-02 17:16:34+00:00,https://github.com/jainaman224/Algo_Ds_Notes,3619,10,0.625414364640884,0.9116997792494481
vedo,marcomusy/vedo,marcomusy,2248,277,2248,167,95727,Python,MIT License,True,True,True,True,False,11,73,2017-11-10 15:17:47+00:00,2026-05-11 14:02:03+00:00,2026-04-29 21:50:40+00:00,https://github.com/marcomusy/vedo,3109,5,0.7228295819935692,0.1231658514895509
DocLayout-YOLO,opendatalab/DocLayout-YOLO,opendatalab,2154,158,2154,54,11995,Python,GNU Affero General Public License v3.0,True,True,True,False,False,0,121,2024-10-14 02:37:01+00:00,2026-05-16 17:30:17+00:00,2025-04-14 07:18:01+00:00,https://github.com/opendatalab/DocLayout-YOLO,580,0,3.7074010327022373,0.07331786542923434
Python,Tanu-N-Prabhu/Python,Tanu-N-Prabhu,2150,914,2150,9,90728,Jupyter Notebook,,True,True,True,True,False,17,73,2019-04-27 04:49:56+00:00,2026-05-17 02:40:34+00:00,2026-05-17 02:40:30+00:00,https://github.com/Tanu-N-Prabhu/Python,2577,0,0.8339798293250582,0.42491864249186423
nannyml,NannyML/nannyml,NannyML,2139,185,2139,3,135698,Python,Apache License 2.0,True,True,True,False,False,16,47,2022-01-26 15:27:16+00:00,2026-05-11 19:45:10+00:00,2025-07-12 08:12:42+00:00,https://github.com/NannyML/nannyml,1571,5,1.3606870229007633,0.08644859813084112
facebook-page-post-scraper,minimaxir/facebook-page-post-scraper,minimaxir,2126,642,2126,59,1314,Python,,True,True,True,False,True,0,142,2015-07-20 14:00:27+00:00,2026-05-14 00:42:16+00:00,2019-05-23 13:20:58+00:00,https://github.com/minimaxir/facebook-page-post-scraper,3953,3,0.537683358624178,0.3018335684062059
pymc-resources,pymc-devs/pymc-resources,pymc-devs,2095,762,2095,40,453054,Jupyter Notebook,MIT License,True,True,True,False,False,4,26,2017-11-13 12:38:07+00:00,2026-05-14 23:56:20+00:00,2024-12-23 21:26:01+00:00,https://github.com/pymc-devs/pymc-resources,3106,2,0.6742838751206952,0.36354961832061067
TileDB,TileDB-Inc/TileDB,TileDB-Inc,2056,211,2056,115,109206,C++,MIT License,True,False,True,True,False,13,28,2017-03-31 23:44:23+00:00,2026-05-15 16:06:42+00:00,2026-04-23 03:15:31+00:00,https://github.com/TileDB-Inc/TileDB,3333,1,0.6166766646670666,0.10257656781720953
Quicksql,Qihoo360/Quicksql,Qihoo360,2045,571,2045,89,12393,Java,MIT License,True,True,True,False,False,4,81,2019-01-04 10:06:25+00:00,2026-04-14 08:53:56+00:00,2022-10-25 23:52:06+00:00,https://github.com/Qihoo360/Quicksql,2689,32,0.7602230483271375,0.27908113391984357
PyPOTS,WenjieDu/PyPOTS,WenjieDu,2011,184,2011,26,4673,Python,"BSD 3-Clause ""New"" or ""Revised"" License",True,True,True,True,False,15,349,2022-03-29 14:22:47+00:00,2026-05-11 10:24:08+00:00,2026-05-12 01:00:14+00:00,https://github.com/WenjieDu/PyPOTS,1509,5,1.3317880794701986,0.09145129224652088
vizzu-lib,vizzuhq/vizzu-lib,vizzuhq,2009,85,2009,3,10802,JavaScript,Apache License 2.0,True,True,True,False,False,16,58,2021-06-07 19:53:30+00:00,2026-05-14 13:35:04+00:00,2026-04-20 13:02:16+00:00,https://github.com/vizzuhq/vizzu-lib,1804,2,1.1130193905817174,0.04228855721393035
pbpython,chris1610/pbpython,chris1610,1993,969,1993,15,20619,Jupyter Notebook,"BSD 3-Clause ""New"" or ""Revised"" License",True,True,True,False,False,6,59,2015-05-12 02:01:20+00:00,2026-04-14 06:46:04+00:00,2023-03-07 01:30:15+00:00,https://github.com/chris1610/pbpython,4023,32,0.4952783300198807,0.48595787362086257
data_hacks,bitly/data_hacks,bitly,1979,190,1979,19,50,Python,,True,False,True,False,False,0,40,2010-09-28 22:09:22+00:00,2026-05-05 14:24:04+00:00,2024-01-16 09:55:12+00:00,https://github.com/bitly/data_hacks,5709,11,0.346584938704028,0.09595959595959595
poli,shzlw/poli,shzlw,1978,338,1978,43,22745,Java,MIT License,True,True,True,True,False,10,108,2018-11-27 03:56:44+00:00,2026-05-03 10:30:34+00:00,2023-01-06 21:00:47+00:00,https://github.com/shzlw/poli,2728,13,0.7248076218395016,0.1707933299646286
Plots.jl,JuliaPlots/Plots.jl,JuliaPlots,1944,382,1944,940,121732,Julia,,True,True,False,False,False,5,63,2015-08-25 13:46:41+00:00,2026-05-16 22:23:10+00:00,2026-05-04 09:29:47+00:00,https://github.com/JuliaPlots/Plots.jl,3917,0,0.49617151607963245,0.19640102827763495
tsne-cuda,CannyLab/tsne-cuda,CannyLab,1926,137,1926,18,15807,Cuda,"BSD 3-Clause ""New"" or ""Revised"" License",True,True,True,False,False,13,51,2018-03-24 01:14:53+00:00,2026-05-15 22:12:46+00:00,2024-10-02 16:38:47+00:00,https://github.com/CannyLab/tsne-cuda,2976,1,0.6469600268726906,0.07109496626881162
octosuite,bellingcat/octosuite,bellingcat,1896,162,1896,1,5171,Python,MIT License,True,False,False,False,False,3,48,2022-02-24 02:10:31+00:00,2026-05-15 21:16:12+00:00,2026-02-28 01:24:10+00:00,https://github.com/bellingcat/octosuite,1543,1,1.2279792746113989,0.08539799683711123
datatable,h2oai/datatable,h2oai,1879,167,1879,182,15425,C++,Mozilla Public License 2.0,True,True,False,False,False,6,71,2017-03-03 02:32:59+00:00,2026-05-13 23:54:16+00:00,2025-03-17 07:12:47+00:00,https://github.com/h2oai/datatable,3362,3,0.5587273267915551,0.08882978723404256
python_data_analysis_and_mining_action,apachecn/python_data_analysis_and_mining_action,apachecn,1800,704,1800,6,84409,Python,,True,True,True,False,False,4,22,2017-10-29 14:22:16+00:00,2026-05-12 05:46:46+00:00,2020-08-02 10:30:01+00:00,https://github.com/apachecn/python_data_analysis_and_mining_action,3121,5,0.5765534913516976,0.390893947806774
responsible-ai-toolbox,microsoft/responsible-ai-toolbox,microsoft,1767,476,1767,95,116562,TypeScript,MIT License,True,True,False,True,False,20,336,2020-07-06 20:46:53+00:00,2026-05-15 09:26:16+00:00,2026-04-29 18:27:55+00:00,https://github.com/microsoft/responsible-ai-toolbox,2140,1,0.8253152732368052,0.2692307692307692
AI-for-Security-Learning,404notf0und/AI-for-Security-Learning,404notf0und,1760,342,1760,0,130,,,True,True,True,False,False,4,25,2018-11-02 03:43:53+00:00,2026-05-15 15:43:40+00:00,2021-07-28 09:46:51+00:00,https://github.com/404notf0und/AI-for-Security-Learning,2753,1,0.6390704429920117,0.19420783645655879
DATAGEN,starpig1129/DATAGEN,starpig1129,1733,236,1733,2,11695,Python,MIT License,True,True,True,False,False,15,119,2024-07-23 05:50:15+00:00,2026-05-16 13:45:39+00:00,2026-04-27 07:11:51+00:00,https://github.com/starpig1129/DATAGEN,663,0,2.6099397590361444,0.13610149942329874
SQL-Data-Analysis-and-Visualization-Projects,ptyadana/SQL-Data-Analysis-and-Visualization-Projects,ptyadana,1728,574,1728,1,36804,Jupyter Notebook,MIT License,True,True,True,False,False,19,110,2020-02-29 08:56:54+00:00,2026-05-16 07:08:52+00:00,2022-07-18 12:05:11+00:00,https://github.com/ptyadana/SQL-Data-Analysis-and-Visualization-Projects,2268,0,0.7615689731159101,0.3319838056680162
statistical-analysis-python-tutorial,fonnesbeck/statistical-analysis-python-tutorial,fonnesbeck,1724,964,1724,1,16267,HTML,,True,True,True,False,True,0,35,2013-06-12 17:30:59+00:00,2026-05-16 19:09:32+00:00,2015-09-02 18:58:43+00:00,https://github.com/fonnesbeck/statistical-analysis-python-tutorial,4721,0,0.36509953409572216,0.5588405797101449
litlyx,Litlyx/litlyx,Litlyx,1724,113,1724,6,50534,TypeScript,Apache License 2.0,True,True,True,False,False,18,216,2024-05-29 13:21:06+00:00,2026-05-15 21:21:35+00:00,2025-12-03 16:11:28+00:00,https://github.com/Litlyx/litlyx,717,1,2.401114206128134,0.0655072463768116
datagear,datageartech/datagear,datageartech,1681,373,1681,1,92157,Java,GNU Lesser General Public License v3.0,True,True,True,False,False,7,32,2020-02-22 04:06:51+00:00,2026-05-15 17:23:03+00:00,2026-05-14 11:37:49+00:00,https://github.com/datageartech/datagear,2276,1,0.738252086078173,0.22175980975029727
ggplot2-book,hadley/ggplot2-book,hadley,1679,721,1679,65,51449,Perl,,True,True,True,True,False,0,43,2008-05-19 13:38:18+00:00,2026-05-15 15:57:01+00:00,2025-03-12 05:25:29+00:00,https://github.com/hadley/ggplot2-book,6571,1,0.25547778454047476,0.42916666666666664
spark-py-notebooks,jadianes/spark-py-notebooks,jadianes,1663,907,1663,9,2312,Jupyter Notebook,Other,True,True,True,True,False,12,115,2015-05-06 07:45:21+00:00,2026-05-12 02:46:23+00:00,2024-03-16 21:39:19+00:00,https://github.com/jadianes/spark-py-notebooks,4028,5,0.41275750806651773,0.5450721153846154
scvi-tools,scverse/scvi-tools,scverse,1623,450,1623,27,181036,Python,"BSD 3-Clause ""New"" or ""Revised"" License",True,False,False,False,False,10,65,2017-09-06 05:39:48+00:00,2026-05-13 16:19:41+00:00,2026-05-14 07:12:31+00:00,https://github.com/scverse/scvi-tools,3175,3,0.5110201511335013,0.2770935960591133
ParaView,Kitware/ParaView,Kitware,1622,484,1622,8,261336,C++,"BSD 3-Clause ""New"" or ""Revised"" License",False,False,False,False,False,0,53,2010-04-30 14:15:24+00:00,2026-05-17 04:03:27+00:00,2026-05-17 04:03:22+00:00,https://github.com/Kitware/ParaView,5860,0,0.2767445828356936,0.2982131854590265
DAT8,justmarkham/DAT8,justmarkham,1621,1055,1621,0,24092,Jupyter Notebook,,True,True,True,False,False,20,61,2015-08-07 03:35:51+00:00,2026-05-02 23:24:52+00:00,2024-06-05 12:04:22+00:00,https://github.com/justmarkham/DAT8,3936,14,0.41173482346964696,0.6504315659679408
skrub,skrub-data/skrub,skrub-data,1612,218,1612,143,17709,Python,"BSD 3-Clause ""New"" or ""Revised"" License",True,True,False,True,False,11,32,2018-03-12 23:32:22+00:00,2026-05-15 09:51:40+00:00,2026-05-12 13:33:39+00:00,https://github.com/skrub-data/skrub,2987,1,0.5394912985274432,0.1351518908865468
bruin,bruin-data/bruin,bruin-data,1590,76,1590,28,468975,Go,Apache License 2.0,True,True,True,True,False,11,125,2023-08-03 12:32:10+00:00,2026-05-15 15:44:08+00:00,2026-05-15 16:33:56+00:00,https://github.com/bruin-data/bruin,1017,1,1.5618860510805501,0.04776869893148963
yt-channels-DS-AI-ML-CS,benthecoder/yt-channels-DS-AI-ML-CS,benthecoder,1587,156,1587,1,59,,,True,False,False,True,False,20,173,2021-06-14 07:31:26+00:00,2026-05-15 22:12:39+00:00,2022-09-23 04:58:39+00:00,https://github.com/benthecoder/yt-channels-DS-AI-ML-CS,1797,1,0.8826473859844272,0.0982367758186398
re-data,re-data/re-data,re-data,1568,125,1568,73,80242,HTML,Other,True,True,True,True,False,12,71,2020-11-02 20:42:15+00:00,2026-05-17 00:27:12+00:00,2024-04-30 02:49:55+00:00,https://github.com/re-data/re-data,2021,0,0.7754698318496538,0.07966857871255577
dataline,RamiAwar/dataline,RamiAwar,1563,160,1563,42,23644,TypeScript,GNU General Public License v3.0,True,True,True,False,False,6,102,2023-04-14 15:00:33+00:00,2026-05-13 05:06:23+00:00,2026-02-11 11:11:58+00:00,https://github.com/RamiAwar/dataline,1128,4,1.3844109831709477,0.10230179028132992
DataProfiler,capitalone/DataProfiler,capitalone,1553,186,1553,79,37474,Python,Apache License 2.0,True,True,False,True,False,20,74,2020-11-09 15:20:21+00:00,2026-05-10 09:26:56+00:00,2026-05-06 19:13:45+00:00,https://github.com/capitalone/DataProfiler,2014,6,0.7707196029776675,0.11969111969111969
hacknical,ecmadao/hacknical,ecmadao,1542,116,1542,29,23466,JavaScript,Apache License 2.0,True,True,True,False,False,11,81,2016-12-03 07:56:03+00:00,2026-05-05 16:45:04+00:00,2025-08-15 03:17:49+00:00,https://github.com/ecmadao/hacknical,3451,11,0.4466975666280417,0.07517822423849643
fklearn,nubank/fklearn,nubank,1540,171,1540,43,3027,Jupyter Notebook,Apache License 2.0,True,True,True,False,False,5,36,2019-02-27 14:32:57+00:00,2026-05-15 23:24:35+00:00,2026-05-11 22:35:48+00:00,https://github.com/nubank/fklearn,2635,1,0.5842185128983308,0.11096690460739779
optimus,hi-primus/optimus,hi-primus,1535,232,1535,30,115279,Python,Apache License 2.0,True,True,True,False,False,19,103,2017-07-13 02:31:18+00:00,2026-05-12 02:51:20+00:00,2024-12-02 14:09:25+00:00,https://github.com/hi-primus/optimus,3230,5,0.47508511296812134,0.15104166666666666
bdash,bdash-app/bdash,bdash-app,1517,110,1517,37,7236,TypeScript,MIT License,True,False,False,False,False,4,48,2016-08-23 12:20:03+00:00,2026-04-17 13:44:35+00:00,2026-05-08 23:27:31+00:00,https://github.com/bdash-app/bdash,3553,29,0.4268429938097918,0.07246376811594203
pycm,sepandhaghighi/pycm,sepandhaghighi,1501,125,1501,12,14014,Python,MIT License,True,True,True,True,False,20,46,2018-01-22 19:46:54+00:00,2026-05-17 01:27:52+00:00,2026-05-15 16:21:37+00:00,https://github.com/sepandhaghighi/pycm,3036,0,0.4942377346065196,0.08322237017310254
SenseNova-Skills,OpenSenseNova/SenseNova-Skills,OpenSenseNova,1495,117,1495,7,133624,Python,MIT License,True,True,False,False,False,8,93,2026-04-14 06:21:51+00:00,2026-05-17 05:56:15+00:00,2026-05-15 04:43:37+00:00,https://github.com/OpenSenseNova/SenseNova-Skills,33,0,43.970588235294116,0.07820855614973261
cubes,DataBrewery/cubes,DataBrewery,1479,314,1479,138,9632,Python,Other,True,True,False,True,False,7,87,2011-01-10 22:30:20+00:00,2026-05-14 13:26:01+00:00,2022-04-29 06:53:17+00:00,https://github.com/DataBrewery/cubes,5605,2,0.2638244737780949,0.21216216216216216
prince,MaxHalford/prince,MaxHalford,1461,192,1461,7,9435,Python,MIT License,True,False,False,True,False,15,87,2016-10-22 12:36:06+00:00,2026-05-13 22:19:52+00:00,2026-05-08 08:25:35+00:00,https://github.com/MaxHalford/prince,3493,3,0.41814539210074414,0.13132694938440492
hands-on-data-analysis,datawhalechina/hands-on-data-analysis,datawhalechina,1453,375,1453,20,6322,Jupyter Notebook,,True,True,True,False,False,0,43,2020-07-14 02:52:24+00:00,2026-05-15 14:57:53+00:00,2024-05-29 04:52:55+00:00,https://github.com/datawhalechina/hands-on-data-analysis,2133,1,0.6808809746954076,0.2579092159559835
janitor,sfirke/janitor,sfirke,1446,132,1446,40,8594,R,Other,True,True,True,True,False,10,35,2016-04-12 22:29:40+00:00,2026-05-04 20:21:52+00:00,2024-12-23 14:20:04+00:00,https://github.com/sfirke/janitor,3686,12,0.3921887713588283,0.0912232204561161
confluo,ucbrise/confluo,ucbrise,1437,200,1437,25,11828,C++,Apache License 2.0,True,True,True,True,False,3,49,2016-01-26 10:49:47+00:00,2026-05-11 17:40:40+00:00,2022-05-20 20:55:41+00:00,https://github.com/ucbrise/confluo,3763,5,0.38177470775770456,0.13908205841446453
data-science-on-gcp,GoogleCloudPlatform/data-science-on-gcp,GoogleCloudPlatform,1426,727,1426,25,6823,Jupyter Notebook,Apache License 2.0,True,True,False,False,False,8,109,2017-02-10 16:46:57+00:00,2026-05-14 21:51:00+00:00,2026-02-20 21:04:56+00:00,https://github.com/GoogleCloudPlatform/data-science-on-gcp,3382,2,0.4215193615134496,0.5094604064470918
rnaseq_tutorial,griffithlab/rnaseq_tutorial,griffithlab,1422,616,1422,6,459472,R,Other,True,True,True,False,False,0,336,2014-07-31 18:58:09+00:00,2026-05-07 11:18:16+00:00,2023-05-31 18:45:10+00:00,https://github.com/griffithlab/rnaseq_tutorial,4307,9,0.33008356545961004,0.4328882642304989
data-scientist-handbook,andresvourakis/data-scientist-handbook,andresvourakis,1416,149,1416,0,231,,,True,True,False,False,False,10,133,2024-06-24 14:12:59+00:00,2026-05-16 02:40:48+00:00,2025-12-15 08:55:47+00:00,https://github.com/andresvourakis/data-scientist-handbook,691,1,2.046242774566474,0.10515172900494002
data-structures-algorithms-python,codebasics/data-structures-algorithms-python,codebasics,1406,1611,1406,60,249,Jupyter Notebook,,True,True,True,False,False,0,202,2020-09-29 07:31:55+00:00,2026-05-16 16:14:19+00:00,2024-06-30 17:17:55+00:00,https://github.com/codebasics/data-structures-algorithms-python,2055,0,0.683852140077821,1.1449893390191899
movingpandas,movingpandas/movingpandas,movingpandas,1398,210,1398,33,46584,Python,"BSD 3-Clause ""New"" or ""Revised"" License",True,True,False,True,False,6,74,2018-12-16 11:41:15+00:00,2026-05-14 08:32:02+00:00,2026-04-23 19:38:28+00:00,https://github.com/movingpandas/movingpandas,2708,2,0.5160575858250277,0.1501072194424589
data-forge-ts,data-forge/data-forge-ts,data-forge,1389,76,1389,20,4036,TypeScript,MIT License,True,True,True,True,False,17,84,2017-11-27 04:23:45+00:00,2026-05-13 22:16:24+00:00,2026-05-09 03:43:19+00:00,https://github.com/data-forge/data-forge-ts,3093,3,0.44893341952165483,0.05467625899280575
open-dronelog,arpanghosh8453/open-dronelog,arpanghosh8453,1388,183,1388,21,14643,TypeScript,GNU Affero General Public License v3.0,True,True,True,False,False,19,233,2026-02-06 22:06:59+00:00,2026-05-17 00:47:53+00:00,2026-05-12 06:12:34+00:00,https://github.com/arpanghosh8453/open-dronelog,99,0,13.88,0.13174946004319654
amphi-etl,amphi-ai/amphi-etl,amphi-ai,1361,105,1361,128,13613,TypeScript,Other,True,True,True,False,False,10,34,2024-03-20 06:06:00+00:00,2026-05-12 20:14:47+00:00,2026-05-11 05:20:23+00:00,https://github.com/amphi-ai/amphi-etl,788,4,1.7249683143219265,0.07709251101321586
Quantitative-Notebooks,LongOnly/Quantitative-Notebooks,LongOnly,1358,215,1358,0,21169,Jupyter Notebook,Apache License 2.0,True,True,True,False,True,18,111,2018-10-01 01:59:06+00:00,2026-05-14 06:12:42+00:00,2020-07-02 00:17:39+00:00,https://github.com/LongOnly/Quantitative-Notebooks,2785,3,0.48743718592964824,0.1582045621780721
must-read-papers-for-ml,hurshd0/must-read-papers-for-ml,hurshd0,1348,180,1348,0,20,,MIT License,True,True,True,False,False,12,93,2019-10-29 01:52:48+00:00,2026-05-16 21:04:59+00:00,2023-12-02 01:42:22+00:00,https://github.com/hurshd0/must-read-papers-for-ml,2392,0,0.5633096531550356,0.1334321719792439
getting-started,singer-io/getting-started,singer-io,1340,140,1340,29,204,Makefile,,True,True,True,False,False,5,53,2016-10-31 16:53:56+00:00,2026-05-15 20:29:35+00:00,2025-08-08 16:16:23+00:00,https://github.com/singer-io/getting-started,3484,1,0.38450502152080346,0.10439970171513796
scikit-learn-intelex,uxlfoundation/scikit-learn-intelex,uxlfoundation,1340,185,1340,78,45621,Python,Apache License 2.0,True,True,True,True,False,14,87,2018-08-07 06:45:41+00:00,2026-05-14 09:53:53+00:00,2026-05-16 21:13:14+00:00,https://github.com/uxlfoundation/scikit-learn-intelex,2839,2,0.47183098591549294,0.13795674869500374
vue-data-board,dongsuo/vue-data-board,dongsuo,1330,291,1330,17,10958,Vue,,True,False,False,True,False,13,29,2019-05-20 15:41:33+00:00,2026-04-27 10:27:22+00:00,2025-06-06 16:39:33+00:00,https://github.com/dongsuo/vue-data-board,2553,19,0.5207517619420516,0.21863260706235912
everything,BuzzFeedNews/everything,BuzzFeedNews,1326,132,1326,2,97,,,False,False,False,False,False,0,77,2014-08-20 12:52:05+00:00,2026-04-03 09:31:58+00:00,2022-04-27 11:56:35+00:00,https://github.com/BuzzFeedNews/everything,4287,43,0.30923507462686567,0.09947249434815374
CleverCSV,alan-turing-institute/CleverCSV,alan-turing-institute,1326,81,1326,12,3732,Python,MIT License,True,False,False,False,False,18,229,2019-01-30 11:15:17+00:00,2026-05-12 02:09:40+00:00,2026-05-11 20:55:04+00:00,https://github.com/alan-turing-institute/CleverCSV,2663,5,0.49774774774774777,0.06103993971363979
Dex,PatMartin/Dex,PatMartin,1318,307,1318,5,175536,JavaScript,Apache License 2.0,True,True,True,False,False,13,141,2016-03-29 01:55:10+00:00,2026-05-16 08:16:36+00:00,2019-02-12 02:26:22+00:00,https://github.com/PatMartin/Dex,3701,0,0.35602377093462995,0.23275208491281274
arkflow,arkflow-rs/arkflow,arkflow-rs,1274,43,1274,31,4397,Rust,Apache License 2.0,True,True,True,True,False,20,157,2025-03-01 03:02:55+00:00,2026-05-16 21:14:11+00:00,2026-04-27 17:07:34+00:00,https://github.com/arkflow-rs/arkflow,442,0,2.875846501128668,0.03372549019607843
report-designer,xinglie/report-designer,xinglie,1264,312,1264,35,15951,HTML,,True,False,False,True,False,15,45,2018-10-25 01:55:50+00:00,2026-05-15 07:33:35+00:00,2026-05-09 10:37:59+00:00,https://github.com/xinglie/report-designer,2761,1,0.45763939174511226,0.2466403162055336
Get-Things-Done-with-Prompt-Engineering-and-LangChain,curiousily/Get-Things-Done-with-Prompt-Engineering-and-LangChain,curiousily,1242,376,1242,10,15783,Jupyter Notebook,Apache License 2.0,True,True,False,False,False,12,344,2023-04-12 21:11:48+00:00,2026-05-16 08:01:46+00:00,2024-01-07 15:10:58+00:00,https://github.com/curiousily/Get-Things-Done-with-Prompt-Engineering-and-LangChain,1130,0,1.0981432360742707,0.3024939662107804
veles,codilime/veles,codilime,1232,120,1232,56,3899,C++,Apache License 2.0,True,True,True,False,True,7,43,2017-01-12 06:57:48+00:00,2026-05-04 15:15:47+00:00,2019-06-16 09:07:16+00:00,https://github.com/codilime/veles,3411,12,0.36107854630715125,0.09732360097323602
cloudberry,apache/cloudberry,apache,1217,216,1217,179,723809,C,Apache License 2.0,True,True,True,False,False,14,128,2023-05-24 06:58:16+00:00,2026-05-15 10:30:39+00:00,2026-05-16 18:28:02+00:00,https://github.com/apache/cloudberry,1088,1,1.1175390266299357,0.17733990147783252
nfstream,nfstream/nfstream,nfstream,1209,143,1209,35,120683,Python,GNU Lesser General Public License v3.0,True,True,True,False,False,19,53,2019-10-18 15:14:39+00:00,2026-05-09 13:00:01+00:00,2026-04-23 15:06:04+00:00,https://github.com/nfstream/nfstream,2402,7,0.5031210986267166,0.11818181818181818
digler,ostafen/digler,ostafen,1206,72,1206,9,3280,Go,MIT License,True,True,False,False,False,13,159,2024-09-14 08:05:16+00:00,2026-05-17 05:52:20+00:00,2026-04-01 09:57:23+00:00,https://github.com/ostafen/digler,609,0,1.977049180327869,0.05965202982601491
Daily-Dose-of-Data-Science,ChawlaAvi/Daily-Dose-of-Data-Science,ChawlaAvi,1204,263,1204,6,245369,Jupyter Notebook,,True,True,True,False,False,15,120,2022-12-02 09:01:52+00:00,2026-05-13 15:52:38+00:00,2025-06-09 17:52:17+00:00,https://github.com/ChawlaAvi/Daily-Dose-of-Data-Science,1261,3,0.9540412044374009,0.21825726141078838
Stock.Indicators,DaveSkender/Stock.Indicators,DaveSkender,1202,265,1202,56,107845,C#,Apache License 2.0,True,True,False,False,False,17,349,2019-12-29 05:18:07+00:00,2026-05-11 18:13:30+00:00,2026-05-15 22:09:23+00:00,https://github.com/DaveSkender/Stock.Indicators,2331,5,0.5154373927958834,0.2202826267664173
agate,wireservice/agate,wireservice,1198,159,1198,6,2559,Python,MIT License,True,False,False,False,False,0,80,2014-04-25 13:59:09+00:00,2026-05-08 04:52:35+00:00,2026-03-27 00:06:13+00:00,https://github.com/wireservice/agate,4404,9,0.27196367763904655,0.13261050875729774
plotly-resampler,predict-idlab/plotly-resampler,predict-idlab,1198,74,1198,69,51197,Python,MIT License,True,True,True,True,False,8,47,2021-11-20 10:51:56+00:00,2026-05-12 07:24:34+00:00,2025-12-06 17:43:19+00:00,https://github.com/predict-idlab/plotly-resampler,1638,4,0.7309334960341671,0.061718098415346125
WeChatDataAnalysis,LifeArchiveProject/WeChatDataAnalysis,LifeArchiveProject,1189,373,1189,2,77449,Python,,True,True,False,False,False,0,46,2025-07-07 11:00:57+00:00,2026-05-16 23:33:25+00:00,2026-04-29 09:26:51+00:00,https://github.com/LifeArchiveProject/WeChatDataAnalysis,313,0,3.786624203821656,0.3134453781512605
siuba,machow/siuba,machow,1184,54,1184,107,1880,Python,MIT License,True,True,True,False,False,5,62,2019-02-09 18:24:10+00:00,2026-04-05 08:22:29+00:00,2025-09-24 02:15:01+00:00,https://github.com/machow/siuba,2653,41,0.4461190655614167,0.04556962025316456
nao,getnao/nao,getnao,1171,152,1171,115,7848,TypeScript,Other,True,True,False,False,False,19,121,2025-12-30 18:33:25+00:00,2026-05-15 21:24:49+00:00,2026-05-15 11:26:30+00:00,https://github.com/getnao/nao,137,1,8.485507246376812,0.1296928327645051
Data-Analysis-Agent,Zafer-Liu/Data-Analysis-Agent,Zafer-Liu,1162,89,1162,3,33905,Python,Apache License 2.0,True,True,False,False,False,6,70,2026-04-21 06:04:19+00:00,2026-05-17 06:26:42+00:00,2026-05-17 04:46:57+00:00,https://github.com/Zafer-Liu/Data-Analysis-Agent,26,0,43.03703703703704,0.0765262252794497
whitebox-tools,jblindsay/whitebox-tools,jblindsay,1152,196,1152,175,171146,Rust,MIT License,True,True,True,False,False,7,45,2018-04-09 22:39:18+00:00,2026-05-12 14:59:50+00:00,2025-02-07 23:43:08+00:00,https://github.com/jblindsay/whitebox-tools,2959,4,0.3891891891891892,0.16999132697311362
InteractiveGraph,grapheco/InteractiveGraph,grapheco,1116,259,1116,38,114652,JavaScript,"BSD 2-Clause ""Simplified"" License",True,True,True,True,False,10,289,2018-02-10 08:43:07+00:00,2026-05-06 09:20:59+00:00,2025-05-24 06:48:39+00:00,https://github.com/grapheco/InteractiveGraph,3017,10,0.3697813121272366,0.23187108325872874
Learn-Pandas,tdpetrou/Learn-Pandas,tdpetrou,1115,320,1115,3,35553,Jupyter Notebook,"BSD 3-Clause ""New"" or ""Revised"" License",True,True,True,False,False,0,62,2017-11-22 20:02:37+00:00,2026-04-17 22:02:53+00:00,2022-11-30 17:49:26+00:00,https://github.com/tdpetrou/Learn-Pandas,3097,29,0.35990961910910263,0.2867383512544803
awesome-data-analysis,PavelGrigoryevDS/awesome-data-analysis,PavelGrigoryevDS,1089,154,1089,7,2083,,Creative Commons Zero v1.0 Universal,True,True,False,True,False,20,173,2025-07-30 11:02:44+00:00,2026-05-15 23:14:59+00:00,2026-03-17 19:42:03+00:00,https://github.com/PavelGrigoryevDS/awesome-data-analysis,290,1,3.7422680412371134,0.14128440366972478
pyda-2e-zh,apachecn/pyda-2e-zh,apachecn,1088,340,1088,4,23120,CSS,Other,True,True,True,True,False,6,36,2018-10-24 18:36:50+00:00,2026-05-08 01:06:52+00:00,2021-01-02 16:11:20+00:00,https://github.com/apachecn/pyda-2e-zh,2761,9,0.3939174511223751,0.3122130394857668
datacleaner,rhiever/datacleaner,rhiever,1082,205,1082,12,633,Python,MIT License,True,True,True,False,False,4,80,2016-02-27 14:45:22+00:00,2026-05-08 10:10:12+00:00,2019-05-22 13:53:35+00:00,https://github.com/rhiever/datacleaner,3731,8,0.289924973204716,0.18928901200369344
Deep-Learning-For-Hackers,curiousily/Deep-Learning-For-Hackers,curiousily,1075,435,1075,6,23269,Jupyter Notebook,MIT License,True,True,False,False,False,19,293,2019-04-24 06:06:44+00:00,2026-05-12 15:19:08+00:00,2020-04-23 06:08:54+00:00,https://github.com/curiousily/Deep-Learning-For-Hackers,2580,4,0.416505230530802,0.40427509293680297
kangas,comet-ml/kangas,comet-ml,1075,50,1075,1,42250,Jupyter Notebook,Apache License 2.0,True,False,True,False,False,5,38,2022-10-12 15:10:04+00:00,2026-04-25 11:49:34+00:00,2024-12-07 13:52:25+00:00,https://github.com/comet-ml/kangas,1312,21,0.8187357197258187,0.046468401486988845
lilac,databricks/lilac,databricks,1070,105,1070,88,38834,Python,Apache License 2.0,True,True,True,False,True,4,27,2023-03-23 21:19:10+00:00,2026-04-08 17:08:15+00:00,2024-03-19 12:41:30+00:00,https://github.com/databricks/lilac,1150,38,0.9296264118158123,0.09803921568627451
qs_ledger,markwk/qs_ledger,markwk,1060,198,1060,16,8938,Jupyter Notebook,MIT License,True,True,True,False,False,17,58,2018-05-23 06:00:08+00:00,2026-05-17 00:50:28+00:00,2022-08-18 07:50:56+00:00,https://github.com/markwk/qs_ledger,2916,0,0.3633870414809736,0.18661639962299717
daru,SciRuby/daru,SciRuby,1059,140,1059,92,4646,Ruby,"BSD 2-Clause ""Simplified"" License",True,True,True,False,False,0,21,2014-10-04 08:23:21+00:00,2026-05-01 03:21:58+00:00,2023-08-15 13:17:11+00:00,https://github.com/SciRuby/daru,4242,16,0.24958755597454632,0.1320754716981132
BDA_py_demos,avehtari/BDA_py_demos,avehtari,1042,303,1042,0,27195,Jupyter Notebook,GNU General Public License v3.0,True,True,True,False,False,6,39,2015-03-04 15:50:19+00:00,2026-04-26 19:27:57+00:00,2025-09-19 08:05:57+00:00,https://github.com/avehtari/BDA_py_demos,4091,20,0.2546432062561095,0.29050814956855225
dataframe,Kotlin/dataframe,Kotlin,1038,81,1038,348,163591,Kotlin,Apache License 2.0,True,True,True,True,False,4,71,2020-04-27 08:46:20+00:00,2026-05-16 07:41:37+00:00,2026-05-15 14:30:39+00:00,https://github.com/Kotlin/dataframe,2210,0,0.4694708276797829,0.07795957651588066
data-selfie,d4t4x/data-selfie,d4t4x,1026,176,1026,8,15408,JavaScript,GNU General Public License v3.0,True,True,True,False,False,5,87,2016-12-12 18:11:43+00:00,2026-05-14 20:17:24+00:00,2018-06-03 06:41:59+00:00,https://github.com/d4t4x/data-selfie,3442,2,0.2979959337786814,0.17137293086660174
thorium,cisagov/thorium,cisagov,998,117,998,19,35417,Rust,Other,True,True,True,True,False,6,135,2025-04-16 21:01:16+00:00,2026-05-15 14:58:48+00:00,2026-05-15 14:58:43+00:00,https://github.com/cisagov/thorium,395,1,2.5202020202020203,0.11711711711711711
Data-Analyst-Roadmap,mrankitgupta/Data-Analyst-Roadmap,mrankitgupta,993,143,993,3,323,,MIT License,True,True,True,False,False,17,113,2022-02-05 11:17:52+00:00,2026-05-16 16:19:00+00:00,2024-06-14 05:42:25+00:00,https://github.com/mrankitgupta/Data-Analyst-Roadmap,1561,0,0.6357234314980794,0.14386317907444668
URS,JosephLai241/URS,JosephLai241,992,126,992,8,610592,Python,MIT License,True,True,True,True,False,20,86,2019-03-20 20:04:13+00:00,2026-05-15 12:37:05+00:00,2026-03-28 20:18:53+00:00,https://github.com/JosephLai241/URS,2614,1,0.37934990439770555,0.1268882175226586
Ultimate-Data-Science-Toolkit---From-Python-Basics-to-GenerativeAI,bansalkanav/Ultimate-Data-Science-Toolkit---From-Python-Basics-to-GenerativeAI,bansalkanav,966,330,966,12,591849,Jupyter Notebook,GNU General Public License v3.0,True,True,True,False,False,20,0,2020-04-03 19:28:56+00:00,2026-05-17 02:32:42+00:00,2026-04-08 09:04:10+00:00,https://github.com/bansalkanav/Ultimate-Data-Science-Toolkit---From-Python-Basics-to-GenerativeAI,2234,0,0.43221476510067114,0.34126163391933817
awkward,scikit-hep/awkward,scikit-hep,959,123,959,259,28770,Python,"BSD 3-Clause ""New"" or ""Revised"" License",True,True,True,True,False,13,49,2019-08-14 19:32:12+00:00,2026-05-13 20:30:02+00:00,2026-05-16 20:23:54+00:00,https://github.com/scikit-hep/awkward,2467,3,0.38857374392220423,0.128125
Nemesis,SpecterOps/Nemesis,SpecterOps,958,98,958,5,60879,Python,"BSD 3-Clause ""New"" or ""Revised"" License",True,True,False,True,False,2,37,2023-07-13 18:24:24+00:00,2026-05-13 21:02:26+00:00,2026-05-02 05:29:32+00:00,https://github.com/SpecterOps/Nemesis,1038,3,0.9220404234841193,0.10218978102189781
cookbook-2nd,ipython-books/cookbook-2nd,ipython-books,958,258,958,4,47948,Python,Other,True,True,True,False,False,12,75,2017-05-07 17:14:40+00:00,2026-05-03 03:38:47+00:00,2022-02-14 15:12:22+00:00,https://github.com/ipython-books/cookbook-2nd,3296,14,0.2905671822869275,0.26903023983315955
kaggle-titanic,agconti/kaggle-titanic,agconti,951,677,951,1,7796,Jupyter Notebook,Apache License 2.0,True,True,True,True,False,5,208,2013-05-01 01:30:58+00:00,2026-05-04 15:24:14+00:00,2024-04-28 09:06:17+00:00,https://github.com/agconti/kaggle-titanic,4764,12,0.19958027282266527,0.7111344537815126
FlyFish,CloudWise-OpenSource/FlyFish,CloudWise-OpenSource,943,202,943,23,543968,JavaScript,GNU General Public License v3.0,True,True,True,False,False,10,172,2021-10-08 03:06:51+00:00,2026-05-16 01:30:48+00:00,2024-06-11 06:21:18+00:00,https://github.com/CloudWise-OpenSource/FlyFish,1682,1,0.5603089720736779,0.21398305084745764
dianping_textmining,py-bin/dianping_textmining,py-bin,942,186,942,2,26252,Jupyter Notebook,,True,True,True,False,False,3,46,2018-09-26 01:45:58+00:00,2026-05-14 06:28:06+00:00,2018-10-09 06:08:13+00:00,https://github.com/py-bin/dianping_textmining,2790,3,0.3375134360444285,0.19724284199363734
visualpython,visualpython/visualpython,visualpython,919,119,919,23,60030,JavaScript,Other,True,True,True,False,False,10,110,2021-05-02 13:56:54+00:00,2026-05-08 07:25:16+00:00,2024-07-03 01:58:12+00:00,https://github.com/visualpython/visualpython,1840,8,0.4991852254209669,0.12934782608695652
The-Elements-of-Statistical-Learning-Python-Notebooks,empathy87/The-Elements-of-Statistical-Learning-Python-Notebooks,empathy87,918,281,918,3,60437,Jupyter Notebook,,True,True,True,False,False,8,112,2019-01-23 03:30:18+00:00,2026-05-04 12:12:23+00:00,2021-07-18 17:48:43+00:00,https://github.com/empathy87/The-Elements-of-Statistical-Learning-Python-Notebooks,2671,12,0.343562874251497,0.3057671381936888
rumale,yoshoku/rumale,yoshoku,909,35,909,0,2084,Ruby,"BSD 3-Clause ""New"" or ""Revised"" License",True,False,False,True,False,7,44,2017-09-30 13:24:56+00:00,2026-05-15 05:13:01+00:00,2026-05-15 05:13:04+00:00,https://github.com/yoshoku/rumale,3150,2,0.2884798476674072,0.038461538461538464
Data-Science-EBooks,aniketpotabatti/Data-Science-EBooks,aniketpotabatti,908,292,908,0,1195910,,,True,True,True,False,False,19,256,2023-02-05 15:15:29+00:00,2026-05-17 00:28:48+00:00,2025-11-30 15:42:28+00:00,https://github.com/aniketpotabatti/Data-Science-EBooks,1196,0,0.758563074352548,0.32123212321232125
Doing_bayesian_data_analysis,aloctavodia/Doing_bayesian_data_analysis,aloctavodia,903,281,903,1,16984,Jupyter Notebook,,True,True,True,False,False,0,99,2014-07-04 01:26:08+00:00,2026-04-21 21:16:25+00:00,2021-07-16 06:41:40+00:00,https://github.com/aloctavodia/Doing_bayesian_data_analysis,4335,25,0.20825645756457564,0.3108407079646018
SFrame,turi-code/SFrame,turi-code,902,321,902,66,6099,C++,"BSD 3-Clause ""New"" or ""Revised"" License",True,True,True,False,False,0,108,2015-09-03 22:14:14+00:00,2026-05-03 03:43:01+00:00,2018-09-30 20:01:39+00:00,https://github.com/turi-code/SFrame,3908,14,0.2307495523151701,0.3554817275747508
probly,PragmaticMachineLearning/probly,PragmaticMachineLearning,898,53,898,1,2214,TypeScript,MIT License,True,True,False,False,False,4,0,2024-12-07 14:51:45+00:00,2026-05-09 10:31:25+00:00,2025-05-13 17:53:25+00:00,https://github.com/PragmaticMachineLearning/probly,525,7,1.7072243346007605,0.058954393770856504
python-for-data-analysis,cuttlefishh/python-for-data-analysis,cuttlefishh,890,342,890,5,27801,Jupyter Notebook,MIT License,True,True,True,True,False,0,78,2016-11-23 00:31:52+00:00,2026-05-04 00:05:57+00:00,2020-10-02 15:06:39+00:00,https://github.com/cuttlefishh/python-for-data-analysis,3462,13,0.2570025989026855,0.3838383838383838
Hands-on-Exploratory-Data-Analysis-with-Python,PacktPublishing/Hands-on-Exploratory-Data-Analysis-with-Python,PacktPublishing,890,355,890,1,11993,Jupyter Notebook,MIT License,True,False,True,False,False,0,66,2019-10-07 10:11:49+00:00,2026-05-12 16:18:35+00:00,2026-03-02 10:26:09+00:00,https://github.com/PacktPublishing/Hands-on-Exploratory-Data-Analysis-with-Python,2413,4,0.36868268434134216,0.3984287317620651
resources,gopherdata/resources,gopherdata,886,82,886,8,69,,Apache License 2.0,True,True,True,False,False,0,75,2016-07-23 13:50:29+00:00,2026-05-16 07:29:39+00:00,2023-09-06 04:32:02+00:00,https://github.com/gopherdata/resources,3584,0,0.24714086471408647,0.09244644870349493
quanteda,quanteda/quanteda,quanteda,882,190,882,53,792787,R,GNU General Public License v3.0,True,True,True,True,False,5,58,2012-08-15 10:15:43+00:00,2026-05-11 10:11:05+00:00,2026-05-16 01:12:33+00:00,https://github.com/quanteda/quanteda,5022,5,0.17559227553255027,0.21517553793884484
light-chaser,xiaopujun/light-chaser,xiaopujun,865,128,865,3,33152,TypeScript,,True,True,True,False,False,7,62,2023-06-24 03:44:50+00:00,2026-04-29 01:37:43+00:00,2026-04-25 03:51:15+00:00,https://github.com/xiaopujun/light-chaser,1058,18,0.8168083097261567,0.14780600461893764
deeptime,deeptime-ml/deeptime,deeptime-ml,859,88,859,13,13906,Python,GNU Lesser General Public License v3.0,True,True,False,False,False,8,123,2018-03-27 15:47:05+00:00,2026-05-11 20:02:04+00:00,2026-03-30 21:19:35+00:00,https://github.com/deeptime-ml/deeptime,2972,5,0.2889337369660276,0.10232558139534884
bacalhau,bacalhau-project/bacalhau,bacalhau-project,859,99,859,54,199671,Go,Apache License 2.0,True,False,False,True,False,18,104,2021-11-05 15:30:29+00:00,2026-05-16 01:18:45+00:00,2026-05-13 02:15:46+00:00,https://github.com/bacalhau-project/bacalhau,1653,1,0.5193470374848851,0.11511627906976744
discord-data-package-explorer,Androz2091/discord-data-package-explorer,Androz2091,856,72,856,16,14228,Svelte,GNU General Public License v3.0,True,False,False,False,False,4,46,2021-02-19 08:51:44+00:00,2026-05-14 13:28:17+00:00,2026-05-13 16:01:44+00:00,https://github.com/Androz2091/discord-data-package-explorer,1912,2,0.4474647151071615,0.08401400233372229
DataflowJavaSDK,GoogleCloudPlatform/DataflowJavaSDK,GoogleCloudPlatform,850,317,850,52,13530,,,True,False,False,False,True,6,129,2014-12-03 19:20:21+00:00,2026-04-27 01:29:04+00:00,2020-11-25 18:38:41+00:00,https://github.com/GoogleCloudPlatform/DataflowJavaSDK,4182,20,0.20320344250537892,0.372502937720329
elki,elki-project/elki,elki-project,831,324,831,4,57976,Java,GNU Affero General Public License v3.0,True,False,True,True,False,16,25,2015-03-04 14:45:49+00:00,2026-05-08 21:59:27+00:00,2026-04-09 15:49:03+00:00,https://github.com/elki-project/elki,4091,8,0.20307917888563048,0.3894230769230769
sparkMeasure,LucaCanali/sparkMeasure,LucaCanali,822,160,822,2,2025,Scala,Apache License 2.0,True,True,True,False,False,6,346,2017-03-16 20:53:26+00:00,2026-05-15 14:37:49+00:00,2026-04-24 14:40:33+00:00,https://github.com/LucaCanali/sparkMeasure,3348,1,0.2454464019110182,0.19441069258809235
collision-avoidance2,baijiuyang/collision-avoidance2,baijiuyang,820,57,820,0,1709,Jupyter Notebook,,True,True,True,False,False,0,114,2020-10-07 03:13:57+00:00,2026-05-17 03:44:47+00:00,2026-03-02 03:06:32+00:00,https://github.com/baijiuyang/collision-avoidance2,2048,0,0.4001952171791118,0.06942752740560293
Scriptis,WeBankFinTech/Scriptis,WeBankFinTech,814,265,814,25,52775,Vue,Apache License 2.0,True,True,True,False,False,14,180,2019-07-23 06:42:19+00:00,2026-05-10 09:34:42+00:00,2024-12-11 13:53:58+00:00,https://github.com/WeBankFinTech/Scriptis,2490,6,0.3267763950220795,0.32515337423312884
kneed,arvkevi/kneed,arvkevi,809,76,809,6,12863,Python,"BSD 3-Clause ""New"" or ""Revised"" License",True,True,True,False,False,7,57,2017-12-11 01:39:14+00:00,2026-05-15 14:54:27+00:00,2026-03-20 21:01:26+00:00,https://github.com/arvkevi/kneed,3079,1,0.26266233766233765,0.09382716049382717
scikit-mobility,scikit-mobility/scikit-mobility,scikit-mobility,804,163,804,67,36162,Python,"BSD 3-Clause ""New"" or ""Revised"" License",True,True,True,True,False,11,44,2019-04-30 22:02:13+00:00,2026-05-15 12:10:12+00:00,2024-05-25 09:25:41+00:00,https://github.com/scikit-mobility/scikit-mobility,2573,1,0.3123543123543124,0.20248447204968945
google-data-analytics,elmoallistair/google-data-analytics,elmoallistair,799,328,799,22,27504,Jupyter Notebook,,True,True,True,False,False,6,46,2021-03-14 02:57:04+00:00,2026-05-15 00:56:22+00:00,2023-05-12 00:18:38+00:00,https://github.com/elmoallistair/google-data-analytics,1890,2,0.4225277630883131,0.41
geoda,GeoDaCenter/geoda,GeoDaCenter,798,161,798,123,211645,C++,GNU General Public License v3.0,True,True,True,False,False,2,47,2015-08-06 03:29:18+00:00,2026-05-16 07:29:14+00:00,2025-10-02 05:57:09+00:00,https://github.com/GeoDaCenter/geoda,3937,0,0.2026409344845099,0.20150187734668334
Amazing-Feature-Engineering,ashishpatel26/Amazing-Feature-Engineering,ashishpatel26,790,278,790,1,1328,Jupyter Notebook,,True,True,True,False,False,13,282,2019-02-19 10:44:28+00:00,2026-05-13 05:28:43+00:00,2025-06-29 09:32:25+00:00,https://github.com/ashishpatel26/Amazing-Feature-Engineering,2643,4,0.2987897125567322,0.35145385587863465
CellChat,sqjin/CellChat,sqjin,783,168,783,455,47571,R,GNU General Public License v3.0,True,True,True,False,True,4,100,2020-04-27 06:28:33+00:00,2026-05-08 02:26:41+00:00,2024-01-06 18:23:14+00:00,https://github.com/sqjin/CellChat,2211,9,0.3539783001808318,0.21428571428571427
Security-Data-Analysis-and-Visualization,404notf0und/Security-Data-Analysis-and-Visualization,404notf0und,779,137,779,1,1364,TSQL,,True,True,True,False,False,0,24,2019-04-17 11:05:18+00:00,2026-05-14 11:01:32+00:00,2020-03-13 07:45:12+00:00,https://github.com/404notf0und/Security-Data-Analysis-and-Visualization,2586,2,0.3011209895632006,0.17564102564102563
BambooAI,pgalko/BambooAI,pgalko,777,83,777,15,8431,Python,MIT License,True,True,True,False,False,17,98,2023-05-07 01:25:51+00:00,2026-05-16 03:39:42+00:00,2026-04-01 11:31:43+00:00,https://github.com/pgalko/BambooAI,1106,1,0.7018970189701897,0.10668380462724936
Uscrapper,z0m31en7/Uscrapper,z0m31en7,777,83,777,4,449,Python,MIT License,True,True,True,False,False,18,348,2023-05-31 11:38:02+00:00,2026-05-13 21:02:21+00:00,2024-11-24 10:54:31+00:00,https://github.com/z0m31en7/Uscrapper,1081,3,0.7181146025878004,0.10668380462724936
Time-Series-Analysis,ritvikmath/Time-Series-Analysis,ritvikmath,776,701,776,7,2793,Jupyter Notebook,,True,True,True,False,False,0,69,2020-03-20 02:30:13+00:00,2026-05-05 04:22:17+00:00,2024-04-18 21:09:52+00:00,https://github.com/ritvikmath/Time-Series-Analysis,2249,12,0.3448888888888889,0.9021879021879022
dataanalysis,jtleek/dataanalysis,jtleek,772,717,772,6,156389,JavaScript,,True,True,True,False,False,0,53,2013-01-22 12:16:41+00:00,2026-03-18 15:52:34+00:00,2015-09-22 09:38:52+00:00,https://github.com/jtleek/dataanalysis,4862,59,0.1587497429570224,0.9275549805950841
R,dmpe/R,dmpe,771,382,771,1,4446,R,MIT License,True,False,False,False,False,5,60,2013-03-02 15:04:10+00:00,2026-05-14 16:51:21+00:00,2021-04-17 11:03:40+00:00,https://github.com/dmpe/R,4823,2,0.15982587064676618,0.4948186528497409
tidybayes,mjskay/tidybayes,mjskay,745,64,745,62,247260,R,GNU General Public License v3.0,True,True,True,True,False,9,49,2015-04-04 06:35:31+00:00,2026-05-01 11:07:02+00:00,2024-09-17 17:23:15+00:00,https://github.com/mjskay/tidybayes,4061,15,0.18340718857705562,0.08579088471849866
cookbook-2nd-code,ipython-books/cookbook-2nd-code,ipython-books,740,438,740,0,46429,Jupyter Notebook,MIT License,False,False,False,False,False,12,110,2017-03-12 13:36:14+00:00,2026-04-17 08:54:46+00:00,2022-01-11 06:54:35+00:00,https://github.com/ipython-books/cookbook-2nd-code,3352,29,0.2206978824932896,0.5910931174089069
sql-data-warehouse-project,DataWithBaraa/sql-data-warehouse-project,DataWithBaraa,738,578,738,2,21452,TSQL,MIT License,True,True,True,False,False,20,129,2024-12-30 09:15:55+00:00,2026-05-17 02:50:48+00:00,2025-04-23 06:32:27+00:00,https://github.com/DataWithBaraa/sql-data-warehouse-project,502,0,1.4671968190854872,0.7821380243572396
alpaca-mcp-server,alpacahq/alpaca-mcp-server,alpacahq,736,226,736,22,978,Python,MIT License,True,True,True,False,False,10,182,2025-06-03 17:09:19+00:00,2026-05-16 00:37:22+00:00,2026-04-17 08:40:01+00:00,https://github.com/alpacahq/alpaca-mcp-server,347,1,2.1149425287356323,0.3066485753052917
dabl,dabl/dabl,dabl,728,103,728,89,7776,Jupyter Notebook,"BSD 3-Clause ""New"" or ""Revised"" License",True,True,True,False,False,0,30,2018-09-14 19:11:47+00:00,2026-04-07 16:32:43+00:00,2024-12-16 23:28:59+00:00,https://github.com/dabl/dabl,2801,39,0.2598144182726624,0.1412894375857339
data-science-with-ruby,arbox/data-science-with-ruby,arbox,724,51,724,1,217,Ruby,Creative Commons Zero v1.0 Universal,True,False,False,False,False,11,45,2017-04-13 14:01:18+00:00,2026-03-15 05:28:52+00:00,2023-07-19 13:51:33+00:00,https://github.com/arbox/data-science-with-ruby,3320,63,0.21800662451068956,0.0703448275862069
iris,SciTools/iris,SciTools,716,307,716,243,132619,Python,"BSD 3-Clause ""New"" or ""Revised"" License",True,True,False,False,False,10,113,2012-08-06 10:09:14+00:00,2026-05-15 13:28:01+00:00,2026-05-16 00:29:56+00:00,https://github.com/SciTools/iris,5031,1,0.1422893481717011,0.4281729428172943
DataAnalysisInAction,program-spiritual/DataAnalysisInAction,program-spiritual,715,272,715,9,45079,Python,Other,True,True,True,True,True,10,149,2018-12-19 08:10:50+00:00,2026-04-19 07:43:02+00:00,2024-01-21 10:03:54+00:00,https://github.com/program-spiritual/DataAnalysisInAction,2705,27,0.26422764227642276,0.37988826815642457
notebooks,datadesk/notebooks,datadesk,713,43,713,0,69,Python,GNU General Public License v3.0,False,False,False,False,False,7,34,2018-10-20 18:22:56+00:00,2026-05-17 03:24:44+00:00,2021-12-16 16:48:27+00:00,https://github.com/datadesk/notebooks,2765,0,0.25777295733911787,0.06022408963585434
Courses-,salimt/Courses-,salimt,711,701,711,10,935515,Jupyter Notebook,Apache License 2.0,True,True,True,True,False,20,51,2017-10-09 18:17:15+00:00,2026-05-09 12:28:41+00:00,2023-05-30 17:30:51+00:00,https://github.com/salimt/Courses-,3141,7,0.2262889879057925,0.9845505617977528
DataAnalysisProjects,codebasics/DataAnalysisProjects,codebasics,710,834,710,22,7505,Jupyter Notebook,,True,True,True,False,False,0,36,2020-06-20 17:21:49+00:00,2026-05-16 07:26:54+00:00,2024-07-13 06:18:08+00:00,https://github.com/codebasics/DataAnalysisProjects,2156,0,0.3291608715808994,1.1729957805907174
practical-sql-2,anthonydb/practical-sql-2,anthonydb,709,593,709,12,286647,PLpgSQL,Other,True,True,True,False,False,3,106,2020-02-25 02:16:03+00:00,2026-05-11 15:48:44+00:00,2026-04-05 20:00:57+00:00,https://github.com/anthonydb/practical-sql-2,2273,5,0.3117854001759015,0.8352112676056338
jupyter_pivottablejs,nicolaskruchten/jupyter_pivottablejs,nicolaskruchten,709,86,709,26,33,Python,Other,True,False,False,False,False,6,87,2015-09-09 13:39:18+00:00,2026-02-11 05:36:41+00:00,2024-03-15 12:50:01+00:00,https://github.com/nicolaskruchten/jupyter_pivottablejs,3902,95,0.1816551370740456,0.12112676056338029
machine-learning,BindiChen/machine-learning,BindiChen,707,475,707,0,12316,Jupyter Notebook,,True,True,True,False,False,4,37,2020-05-11 22:14:09+00:00,2026-05-01 20:21:12+00:00,2023-03-29 00:23:55+00:00,https://github.com/BindiChen/machine-learning,2196,15,0.32180245789713247,0.6709039548022598
geometry-api-java,Esri/geometry-api-java,Esri,706,265,706,47,7426,Java,Apache License 2.0,True,True,True,True,False,3,206,2013-01-15 18:29:18+00:00,2026-05-13 17:11:12+00:00,2024-04-16 16:53:36+00:00,https://github.com/Esri/geometry-api-java,4869,3,0.14496919917864476,0.37482319660537483
Hands-On-Data-Analysis-with-Pandas-2nd-edition,stefmolin/Hands-On-Data-Analysis-with-Pandas-2nd-edition,stefmolin,703,1533,703,0,73548,Jupyter Notebook,MIT License,True,False,False,False,False,9,86,2020-08-24 21:35:49+00:00,2026-05-14 12:17:49+00:00,2026-04-11 14:39:19+00:00,https://github.com/stefmolin/Hands-On-Data-Analysis-with-Pandas-2nd-edition,2091,2,0.33604206500956024,2.1775568181818183
DataAnalysis,TheisTrue/DataAnalysis,TheisTrue,700,344,700,4,19657,Python,,True,True,True,False,False,0,15,2019-07-25 09:19:57+00:00,2026-05-15 07:10:09+00:00,2019-07-25 09:44:58+00:00,https://github.com/TheisTrue/DataAnalysis,2487,1,0.28135048231511256,0.49072753209700426
medical-research-skills,aipoch/medical-research-skills,aipoch,700,50,700,1,254410,Python,MIT License,True,True,False,False,False,20,129,2026-02-04 07:50:06+00:00,2026-05-17 03:52:18+00:00,2026-05-14 06:53:28+00:00,https://github.com/aipoch/medical-research-skills,101,0,6.862745098039215,0.07132667617689016
advanced-machine-learning-engineer-roadmap-2024,farukalamai/advanced-machine-learning-engineer-roadmap-2024,farukalamai,699,90,699,0,58,,MIT License,True,True,True,False,False,20,249,2023-07-19 16:15:59+00:00,2026-05-13 08:18:19+00:00,2024-09-02 11:52:20+00:00,https://github.com/farukalamai/advanced-machine-learning-engineer-roadmap-2024,1032,3,0.6766698935140368,0.12857142857142856
Dataproofer,dataproofer/Dataproofer,dataproofer,696,53,696,62,24635,JavaScript,,True,False,True,False,False,9,27,2016-01-05 01:26:11+00:00,2026-04-29 01:46:40+00:00,2023-03-01 08:11:29+00:00,https://github.com/dataproofer/Dataproofer,3785,18,0.1838351822503962,0.07604017216642754
collapse,fastverse/collapse,fastverse,696,36,696,22,118521,C,Other,True,True,True,True,False,17,42,2019-02-27 12:21:05+00:00,2026-05-14 09:07:32+00:00,2026-05-13 16:10:00+00:00,https://github.com/fastverse/collapse,2635,2,0.26403641881638845,0.05164992826398852
practical-sql,anthonydb/practical-sql,anthonydb,693,415,693,13,116547,PLpgSQL,Other,True,True,True,False,False,3,112,2016-08-08 04:30:06+00:00,2026-04-24 22:17:13+00:00,2025-12-28 20:22:59+00:00,https://github.com/anthonydb/practical-sql,3569,22,0.19411764705882353,0.5979827089337176
LifeReloaded,EmbraceAGI/LifeReloaded,EmbraceAGI,693,57,693,2,10808,Python,Apache License 2.0,True,True,True,False,False,11,182,2023-09-15 09:43:14+00:00,2026-05-15 05:51:52+00:00,2025-04-15 07:30:08+00:00,https://github.com/EmbraceAGI/LifeReloaded,974,2,0.7107692307692308,0.08213256484149856
eland,elastic/eland,elastic,693,110,693,89,19639,Python,Apache License 2.0,True,False,False,False,False,13,93,2019-06-11 07:24:06+00:00,2026-05-11 07:57:37+00:00,2026-05-05 18:23:14+00:00,https://github.com/elastic/eland,2531,5,0.273696682464455,0.1585014409221902
Auto-Analyst,FireBird-Technologies/Auto-Analyst,FireBird-Technologies,692,116,692,1,27332,TypeScript,MIT License,True,True,False,False,False,8,46,2025-01-23 13:28:22+00:00,2026-05-17 06:01:43+00:00,2026-04-15 21:33:13+00:00,https://github.com/FireBird-Technologies/Auto-Analyst,478,0,1.4446764091858038,0.1673881673881674
IPython-Dashboard,litaotao/IPython-Dashboard,litaotao,691,271,691,21,7026,Python,GNU General Public License v2.0,True,True,True,True,False,6,237,2015-09-25 08:37:27+00:00,2026-04-17 10:06:12+00:00,2021-03-29 16:52:30+00:00,https://github.com/litaotao/IPython-Dashboard,3886,29,0.17777206071520452,0.3916184971098266
antd-umi-sys,mpw0311/antd-umi-sys,mpw0311,691,146,691,5,3186,JavaScript,,True,True,True,False,False,19,72,2018-09-04 09:13:44+00:00,2026-05-11 15:44:49+00:00,2021-01-04 07:31:01+00:00,https://github.com/mpw0311/antd-umi-sys,2811,5,0.2457325746799431,0.21098265895953758
abixen-platform,abixen/abixen-platform,abixen,690,215,690,85,85600,Java,GNU Lesser General Public License v2.1,True,True,True,False,False,20,197,2016-10-19 07:04:44+00:00,2026-04-23 07:28:53+00:00,2022-06-21 00:03:20+00:00,https://github.com/abixen/abixen-platform,3496,23,0.1973119816985988,0.3111432706222865
manuscript-core,chainbase-labs/manuscript-core,chainbase-labs,689,141,689,2,40865,Rust,Apache License 2.0,True,True,True,False,False,8,204,2024-09-24 09:47:52+00:00,2026-05-15 07:42:26+00:00,2026-03-28 15:08:50+00:00,https://github.com/chainbase-labs/manuscript-core,599,1,1.1483333333333334,0.20434782608695654
DBDA-python,JWarmenhoven/DBDA-python,JWarmenhoven,687,255,687,3,77541,Jupyter Notebook,MIT License,True,True,False,False,False,7,78,2016-07-13 05:12:39+00:00,2026-04-09 18:35:17+00:00,2021-08-13 09:18:07+00:00,https://github.com/JWarmenhoven/DBDA-python,3595,37,0.1910456062291435,0.3706395348837209
compas-analysis,propublica/compas-analysis,propublica,686,290,686,0,15609,Jupyter Notebook,,False,True,False,False,False,0,36,2016-05-21 03:36:35+00:00,2026-05-14 06:12:22+00:00,2017-06-13 06:55:30+00:00,https://github.com/propublica/compas-analysis,3648,3,0.18799671142778843,0.42212518195050946
